<?xml version="1.0" encoding="UTF-8" standalone="yes" ?>
<Forms>
    <SpriteFile Name="..\PotatoLib\PotatoSprites.xml"/>
    <Form Class="Window" LAnchorPoint="0.5" LAnchorOffset="-92" TAnchorPoint="0" TAnchorOffset="0" RAnchorPoint="0.5" RAnchorOffset="92" BAnchorPoint="0" BAnchorOffset="80" RelativeToClient="1" Font="Default" Text="" Template="HologramControl3" TooltipType="OnCursor" Name="TempEditorBtns" Border="1" Picture="1" SwallowMouseClicks="1" Moveable="1" Escapable="0" Overlapped="1" BGColor="ffffffff" TextColor="ffffffff" TooltipColor="" Sprite="HologramSprites:HoloFrameMiddle2" Sizable="0" Tooltip="">
        <Control Class="Window" LAnchorPoint="0" LAnchorOffset="0" TAnchorPoint="0" TAnchorOffset="-7" RAnchorPoint="0.6" RAnchorOffset="0" BAnchorPoint="0.33" BAnchorOffset="0" RelativeToClient="1" Font="CRB_Interface14_BBO" Text="Potato UI" Template="Default" TooltipType="OnCursor" Name="Title" BGColor="ffffffff" TextColor="ffffffff" TooltipColor="" TextId="" DT_CENTER="1" DT_VCENTER="1"/>
        <Control Class="Window" LAnchorPoint="0" LAnchorOffset="0" TAnchorPoint="0.33" TAnchorOffset="0" RAnchorPoint="0.25" RAnchorOffset="0" BAnchorPoint="1" BAnchorOffset="0" RelativeToClient="1" Font="CRB_Pixel_O" Text="" Template="Default" TooltipType="OnCursor" Name="Edit" Border="0" Picture="1" SwallowMouseClicks="1" Moveable="0" Escapable="0" Overlapped="1" BGColor="ffffffff" TextColor="ffffffff" TooltipColor="" Sprite="ClientSprites:Icon_ItemMisc_Generic_toolbox" TextId="CRB_Edit" DT_CENTER="1" DT_BOTTOM="1">
            <Event Name="MouseButtonDown" Function="PotatoEditor"/>
        </Control>
        <Control Class="Window" LAnchorPoint="0.25" LAnchorOffset="0" TAnchorPoint="0.33" TAnchorOffset="0" RAnchorPoint="0.5" RAnchorOffset="0" BAnchorPoint="1" BAnchorOffset="0" RelativeToClient="1" Font="CRB_Pixel_O" Text="" Template="Default" TooltipType="OnCursor" Name="Reset" Border="0" Picture="1" SwallowMouseClicks="1" Moveable="0" Escapable="0" Overlapped="1" BGColor="ff555555" TextColor="ff555555" TooltipColor="" Sprite="ClientSprites:Icon_TradeskillTalent_Microchip_Return_Chance_Attribute_Chip" TextId="Tutorials_Reset" DT_CENTER="1" DT_BOTTOM="1">
            <Event Name="MouseButtonDown" Function="PotatoReset"/>
        </Control>
        <Control Class="Window" LAnchorPoint="0.5" LAnchorOffset="0" TAnchorPoint="0.33" TAnchorOffset="0" RAnchorPoint="0.75" RAnchorOffset="0" BAnchorPoint="1" BAnchorOffset="0" RelativeToClient="1" Font="CRB_Interface7_BB" Text="Copy Settings" Template="Default" TooltipType="OnCursor" Name="CopySettings" Border="0" Picture="1" SwallowMouseClicks="1" Moveable="0" Escapable="0" Overlapped="1" BGColor="ffffffff" TextColor="ffffffff" TooltipColor="" Sprite="IconSprites:Icon_SkillStalker_Clone" TextId="" DT_CENTER="1" DT_BOTTOM="1" DT_WORDBREAK="1">
            <Event Name="MouseButtonDown" Function="CopySettingsStart"/>
        </Control>
        <Control Class="Window" LAnchorPoint="0.75" LAnchorOffset="0" TAnchorPoint="0.33" TAnchorOffset="0" RAnchorPoint="1" RAnchorOffset="0" BAnchorPoint="1" BAnchorOffset="0" RelativeToClient="1" Font="CRB_Interface7_BB" Text="ReloadUI" BGColor="UI_WindowBGDefault" TextColor="UI_WindowTextDefault" Template="Default" TooltipType="OnCursor" Name="ReloadUI" TooltipColor="" Picture="1" IgnoreMouse="1" Sprite="IconSprites:Icon_Modifier_resist_magic_001" TextId="" DT_BOTTOM="1" DT_CENTER="1">
            <Event Name="MouseButtonDown" Function="PotatoReloadUI"/>
        </Control>
        <Control Class="Window" LAnchorPoint="1" LAnchorOffset="-20" TAnchorPoint="0" TAnchorOffset="0" RAnchorPoint="1" RAnchorOffset="0" BAnchorPoint="0" BAnchorOffset="20" RelativeToClient="1" Font="Default" Text="" BGColor="UI_WindowBGDefault" TextColor="UI_WindowTextDefault" Template="Default" TooltipType="OnCursor" Name="Window" TooltipColor=""/>
        <Control Class="Button" Base="CRB_Basekit:kitBtn_Holo_Large" Font="CRB_Header10" ButtonType="PushButton" RadioGroup="" LAnchorPoint="0.6" LAnchorOffset="0" TAnchorPoint="0" TAnchorOffset="6" RAnchorPoint="1" RAnchorOffset="-10" BAnchorPoint="0.33" BAnchorOffset="0" DT_VCENTER="1" DT_CENTER="1" BGColor="UI_BtnBGDefault" TextColor="UI_BtnTextDefault" NormalTextColor="UI_BtnTextDefault" PressedTextColor="UI_BtnTextDefault" FlybyTextColor="UI_BtnTextDefault" PressedFlybyTextColor="UI_BtnTextDefault" DisabledTextColor="UI_BtnTextDefault" TooltipType="OnCursor" Name="HideToolbox" TooltipColor="" Text="" TextId="CRB_Hide" Template="CRB_NormalFramedThick">
            <Event Name="ButtonSignal" Function="ToggleToolbox"/>
        </Control>
    </Form>
    <Form Class="Window" LAnchorPoint="0.25" LAnchorOffset="-310" TAnchorPoint="0.25" TAnchorOffset="-69" RAnchorPoint="0.25" RAnchorOffset="310" BAnchorPoint="0.25" BAnchorOffset="431" RelativeToClient="1" Font="Default" Text="" Template="Default" TooltipType="OnCursor" Name="Form3" Border="0" Picture="1" SwallowMouseClicks="1" Moveable="1" Escapable="1" Overlapped="1" BGColor="ffffffff" TextColor="ffffffff" TooltipColor="" Sprite="BK3:UI_BK3_Holo_InsetFramed_Darker" Visible="1" Sizable="1" Tooltip="">
        <Control Class="Window" LAnchorPoint="0" LAnchorOffset="5" TAnchorPoint="0" TAnchorOffset="45" RAnchorPoint="1" RAnchorOffset="-5" BAnchorPoint="1" BAnchorOffset="-5" RelativeToClient="1" Font="Default" Text="" Template="CRB_HologramFramedThick" TooltipType="OnCursor" Name="EditorContent" BGColor="ffffffff" TextColor="ffffffff" TooltipColor="" Sprite="ChatLogSprites:sprChat_BlueBG" Picture="1" IgnoreMouse="0" Tooltip="" VScroll="1"/>
        <Control Class="Window" LAnchorPoint="0" LAnchorOffset="5" TAnchorPoint="0" TAnchorOffset="5" RAnchorPoint="1" RAnchorOffset="-5" BAnchorPoint="0" BAnchorOffset="40" RelativeToClient="1" Font="CRB_Interface14_BBO" Text="[Window] Settings" Template="Default" TooltipType="OnCursor" Name="Title" BGColor="ffffffff" TextColor="ffffffff" TooltipColor="" Sprite="ChatLogSprites:sprChat_BlueBG" Picture="1" IgnoreMouse="1" TextId="" DT_VCENTER="1" DT_CENTER="1">
            <Control Class="Button" Base="CRB_Basekit:kitBtn_Holo_Close" Font="DefaultButton" ButtonType="PushButton" RadioGroup="" LAnchorPoint="1" LAnchorOffset="-25" TAnchorPoint="0.5" TAnchorOffset="-10" RAnchorPoint="1" RAnchorOffset="-5" BAnchorPoint="0.5" BAnchorOffset="10" DT_VCENTER="1" DT_CENTER="1" TooltipType="OnCursor" Name="CloseBtn" BGColor="ffffffff" TextColor="ffffffff" TooltipColor="" NormalTextColor="ffffffff" PressedTextColor="ffffffff" FlybyTextColor="ffffffff" PressedFlybyTextColor="ffffffff" DisabledTextColor="ffffffff">
                <Event Name="ButtonSignal" Function="CloseEditorWnd"/>
            </Control>
        </Control>
        <Event Name="MouseButtonDown" Function="OnMouseDown"/>
        <Event Name="WindowClosed" Function="CloseEditorWnd"/>
    </Form>
    <Form Class="Window" LAnchorPoint="0" LAnchorOffset="64" TAnchorPoint="0" TAnchorOffset="51" RAnchorPoint="0" RAnchorOffset="692" BAnchorPoint="0" BAnchorOffset="543" RelativeToClient="1" Font="Default" Text="" Template="Metal_Primary_NoNav" TooltipType="OnCursor" Name="PingFrame" Border="1" Picture="1" SwallowMouseClicks="1" Moveable="1" Escapable="1" Overlapped="1" BGColor="ffffffff" TextColor="ffffffff" TooltipColor="" Tooltip="" UseTemplateBG="1" Visible="0">
        <Control Class="Button" Base="CRB_UIKitSprites:btn_close" Font="DefaultButton" ButtonType="PushButton" RadioGroup="" LAnchorPoint="0" LAnchorOffset="584" TAnchorPoint="0" TAnchorOffset="21" RAnchorPoint="0" RAnchorOffset="606" BAnchorPoint="0" BAnchorOffset="43" DT_VCENTER="1" DT_CENTER="1" TooltipType="OnCursor" Name="Button" BGColor="ffffffff" TextColor="ffffffff" TooltipColor="" NormalTextColor="ffffffff" PressedTextColor="ffffffff" FlybyTextColor="ffffffff" PressedFlybyTextColor="ffffffff" DisabledTextColor="ffffffff" Template="OldMetal" NoClip="1">
            <Event Name="ButtonDown" Function="ClosePingFrame"/>
        </Control>
        <Control Class="Grid" LAnchorPoint="0" LAnchorOffset="-2" TAnchorPoint="0" TAnchorOffset="74" RAnchorPoint="0" RAnchorOffset="569" BAnchorPoint="0" BAnchorOffset="465" RelativeToClient="1" Font="Default" Text="" Template="CRB_Normal" TooltipType="OnCursor" Name="Grid" BGColor="ffffffff" TextColor="ffffffff" TooltipColor="" CellBGNormalColor="" CellBGSelectedColor="" CellBGNormalFocusColor="" CellBGSelectedFocusColor="" TextNormalColor="white" TextSelectedColor="" TextNormalFocusColor="" TextSelectedFocusColor="AttributeDexterity" Sprite="CRB_Basekit:kitBase_MetalGrey_Small" Picture="1" HeaderRow="1" SelectWholeRow="1" RowHeight="18" CellBGBase="" VariableHeight="0" MultiColumn="1" HeaderHeight="24" HeaderFont="CRB_Interface9_BBO" VScroll="1" HScroll="0" HeaderBG="ActionSetBuilder_TEMP:spr_TEMP_ActionSetBigBG" AutoSizeX="0" UseTemplateBG="0" Border="0" Overlapped="0">
            <Column Name="Name" Width="150" TextColor="White" Image="" MinWidth="10" MaxWidth="2048" MergeLeft="0" SimpleSort="1" DT_VCENTER="1"/>
            <Column Name="Level" Width="50" TextColor="White" Image="" MinWidth="10" MaxWidth="2048" MergeLeft="0" SimpleSort="1" DT_VCENTER="1"/>
            <Column Name="Class" Width="100" TextColor="White" Image="" MinWidth="10" MaxWidth="2048" MergeLeft="0" SimpleSort="1" DT_VCENTER="1"/>
            <Column Name="Location" Width="150" TextColor="White" Image="" MinWidth="10" MaxWidth="2048" MergeLeft="0" SimpleSort="1" DT_VCENTER="1"/>
            <Column Name="Vers." Width="50" TextColor="White" Image="" MinWidth="10" MaxWidth="2048" MergeLeft="0" SimpleSort="1" DT_VCENTER="1"/>
            <Column Name="ID" Width="56" TextColor="White" Image="" MinWidth="10" MaxWidth="2048" MergeLeft="0" SimpleSort="1" DT_VCENTER="1"/>
        </Control>
        <Control Class="Window" LAnchorPoint="0" LAnchorOffset="12" TAnchorPoint="0" TAnchorOffset="35" RAnchorPoint="0" RAnchorOffset="142" BAnchorPoint="0" BAnchorOffset="59" RelativeToClient="1" Font="CRB_Interface12_BBO" Text="PotatoLib Users" Template="Default" TooltipType="OnCursor" Name="Header" BGColor="ffffffff" TextColor="ffffffff" TooltipColor="" TextId="" DT_VCENTER="1" IgnoreMouse="1" NoClip="1"/>
        <Control Class="Window" LAnchorPoint="0" LAnchorOffset="247" TAnchorPoint="0" TAnchorOffset="35" RAnchorPoint="1" RAnchorOffset="-191" BAnchorPoint="0" BAnchorOffset="59" RelativeToClient="1" Font="CRB_Interface12_BBO" Text="" Template="Default" TooltipType="OnCursor" Name="UserNo" BGColor="ffffffff" TextColor="ffffffff" TooltipColor="" TextId="CRB__8" DT_VCENTER="1" IgnoreMouse="1" NoClip="1" DT_RIGHT="1"/>
    </Form>
    <Form Class="Window" LAnchorPoint="0" LAnchorOffset="0" TAnchorPoint="0" TAnchorOffset="0" RAnchorPoint="1" RAnchorOffset="0" BAnchorPoint="0" BAnchorOffset="40" RelativeToClient="1" Font="Default" Text="" Template="Default" TooltipType="OnCursor" Name="TopBar" Border="0" Picture="1" SwallowMouseClicks="1" Moveable="0" Escapable="0" Overlapped="1" BGColor="aaffffff" TextColor="ffffffff" TooltipColor="" Tooltip="" NeverBringToFront="1" IgnoreMouse="1" TextId="" Sprite="PotatoSprites:TobBar">
        <Control Class="Window" LAnchorPoint="0" LAnchorOffset="0" TAnchorPoint="0" TAnchorOffset="0" RAnchorPoint="1" RAnchorOffset="0" BAnchorPoint="1" BAnchorOffset="0" RelativeToClient="1" Font="Default" Text="" BGColor="UI_WindowBGDefault" TextColor="UI_WindowTextDefault" Template="Default" TooltipType="OnCursor" Name="Time1" TooltipColor="" Picture="0" IgnoreMouse="1" Sprite="" DT_VCENTER="0" DT_CENTER="0" TextId="CRB_Time" DT_RIGHT="1" NoClip="1"/>
        <Control Class="Window" LAnchorPoint="0" LAnchorOffset="0" TAnchorPoint="0" TAnchorOffset="20" RAnchorPoint="1" RAnchorOffset="0" BAnchorPoint="1" BAnchorOffset="0" RelativeToClient="1" Font="CRB_Pixel" Text="" BGColor="UI_WindowBGDefault" TextColor="UI_WindowTextDefault" Template="Default" TooltipType="OnCursor" Name="Time2" TooltipColor="" Picture="0" IgnoreMouse="1" Sprite="" DT_VCENTER="0" DT_CENTER="0" TextId="" DT_RIGHT="1" NoClip="1" Tooltip=""/>
    </Form>
    <Form Class="Window" LAnchorPoint="0.5" LAnchorOffset="-275" TAnchorPoint="0.5" TAnchorOffset="-260" RAnchorPoint="0.5" RAnchorOffset="275" BAnchorPoint="0.5" BAnchorOffset="160" RelativeToClient="1" Font="Default" Text="" Template="Default" TooltipType="OnCursor" Name="Profiles" Border="0" Picture="1" SwallowMouseClicks="1" Moveable="1" Escapable="0" Overlapped="1" BGColor="ffffffff" TextColor="ffffffff" TooltipColor="" Sprite="BK3:UI_BK3_Holo_InsetFramed_Darker" Visible="0" Sizable="1">
        <Control Class="Window" LAnchorPoint="0" LAnchorOffset="5" TAnchorPoint="0" TAnchorOffset="5" RAnchorPoint="1" RAnchorOffset="-5" BAnchorPoint="0" BAnchorOffset="40" RelativeToClient="1" Font="CRB_Interface14_BBO" Text="Copy Character Settings" Template="Default" TooltipType="OnCursor" Name="Title" BGColor="ffffffff" TextColor="ffffffff" TooltipColor="" Sprite="ChatLogSprites:sprChat_BlueBG" Picture="1" IgnoreMouse="1" TextId="" DT_VCENTER="1" DT_CENTER="1">
            <Control Class="Button" Base="CRB_Basekit:kitBtn_Holo_Close" Font="DefaultButton" ButtonType="PushButton" RadioGroup="" LAnchorPoint="1" LAnchorOffset="-25" TAnchorPoint="0.5" TAnchorOffset="-10" RAnchorPoint="1" RAnchorOffset="-5" BAnchorPoint="0.5" BAnchorOffset="10" DT_VCENTER="1" DT_CENTER="1" TooltipType="OnCursor" Name="CloseBtn" BGColor="ffffffff" TextColor="ffffffff" TooltipColor="" NormalTextColor="ffffffff" PressedTextColor="ffffffff" FlybyTextColor="ffffffff" PressedFlybyTextColor="ffffffff" DisabledTextColor="ffffffff" Text="">
                <Event Name="ButtonSignal" Function="CopySettingsStart"/>
            </Control>
        </Control>
        <Control Class="Window" LAnchorPoint="0" LAnchorOffset="5" TAnchorPoint="0" TAnchorOffset="45" RAnchorPoint="1" RAnchorOffset="-5" BAnchorPoint="1" BAnchorOffset="-5" RelativeToClient="1" Font="Default" Text="" Template="Holo_Background_Datachron" TooltipType="OnCursor" Name="Content" BGColor="ffffffff" TextColor="ffffffff" TooltipColor="" Sprite="ChatLogSprites:sprChat_BlueBG" Picture="1" IgnoreMouse="0" Tooltip="" VScroll="0">
            <Control Class="Window" LAnchorPoint="0" LAnchorOffset="10" TAnchorPoint="0" TAnchorOffset="10" RAnchorPoint="0.5" RAnchorOffset="-5" BAnchorPoint="0.6" BAnchorOffset="0" RelativeToClient="1" Font="Default" Text="" BGColor="aacccccc" TextColor="UI_WindowTextDefault" Template="Default" TooltipType="OnCursor" Name="CharacterList" TooltipColor="" Sprite="ChatLogSprites:sprChat_BlueBG" Picture="1" IgnoreMouse="1" VScroll="0"/>
            <Control Class="Window" LAnchorPoint="0.5" LAnchorOffset="5" TAnchorPoint="0" TAnchorOffset="10" RAnchorPoint="1" RAnchorOffset="-10" BAnchorPoint="1" BAnchorOffset="-10" RelativeToClient="1" Font="Default" Text="" BGColor="ffffffff" TextColor="UI_WindowTextDefault" Template="Default" TooltipType="OnCursor" Name="RightSide" TooltipColor="" Sprite="" Picture="1" IgnoreMouse="1">
                <Control Class="Window" LAnchorPoint="0" LAnchorOffset="0" TAnchorPoint="0" TAnchorOffset="0" RAnchorPoint="1" RAnchorOffset="0" BAnchorPoint="0" BAnchorOffset="200" RelativeToClient="1" Font="Default" Text="" BGColor="aacccccc" TextColor="UI_WindowTextDefault" Template="Default" TooltipType="OnCursor" Name="AddonList" TooltipColor="" Sprite="ChatLogSprites:sprChat_BlueBG" Picture="1" IgnoreMouse="1"/>
                <Control Class="Window" LAnchorPoint="0" LAnchorOffset="0" TAnchorPoint="0" TAnchorOffset="235" RAnchorPoint="1" RAnchorOffset="0" BAnchorPoint="1" BAnchorOffset="0" RelativeToClient="1" Font="CRB_Pixel_O" Text="Are you sure you want to copy settings from the %s addons selected above from %s to your current character, %s?" BGColor="UI_WindowBGDefault" TextColor="UI_WindowTextDefault" Template="Default" TooltipType="OnCursor" Name="AreYouSure" TooltipColor="" TextId="" DT_VCENTER="0" DT_WORDBREAK="1" DT_CENTER="1" Visible="0" Tooltip="">
                    <Control Class="Button" Base="CRB_Basekit:kitBtn_Metal_MediumGreen" Font="DefaultButton" ButtonType="PushButton" RadioGroup="" LAnchorPoint="0" LAnchorOffset="-5" TAnchorPoint="1" TAnchorOffset="-30" RAnchorPoint="0.5" RAnchorOffset="0" BAnchorPoint="1" BAnchorOffset="3" DT_VCENTER="1" DT_CENTER="1" BGColor="UI_BtnBGDefault" TextColor="UI_BtnTextDefault" NormalTextColor="UI_BtnTextDefault" PressedTextColor="UI_BtnTextDefault" FlybyTextColor="UI_BtnTextDefault" PressedFlybyTextColor="UI_BtnTextDefault" DisabledTextColor="UI_BtnTextDefault" TooltipType="OnCursor" Name="CopyYes" TooltipColor="" Template="Default" Text="" TextId="Yes">
                        <Event Name="ButtonSignal" Function="OnCopyYesBtn"/>
                    </Control>
                    <Control Class="Button" Base="CRB_Basekit:kitBtn_Metal_MediumRed" Font="DefaultButton" ButtonType="PushButton" RadioGroup="" LAnchorPoint="0.5" LAnchorOffset="0" TAnchorPoint="1" TAnchorOffset="-30" RAnchorPoint="1" RAnchorOffset="5" BAnchorPoint="1" BAnchorOffset="3" DT_VCENTER="1" DT_CENTER="1" BGColor="UI_BtnBGDefault" TextColor="UI_BtnTextDefault" NormalTextColor="UI_BtnTextDefault" PressedTextColor="UI_BtnTextDefault" FlybyTextColor="UI_BtnTextDefault" PressedFlybyTextColor="UI_BtnTextDefault" DisabledTextColor="UI_BtnTextDefault" TooltipType="OnCursor" Name="CopyNo" TooltipColor="" Template="Default" Text="" TextId="CRB_No">
                        <Event Name="ButtonSignal" Function="OnCopyNoBtn"/>
                    </Control>
                    <Control Class="Window" LAnchorPoint="0" LAnchorOffset="0" TAnchorPoint="0" TAnchorOffset="38" RAnchorPoint="1" RAnchorOffset="0" BAnchorPoint="1" BAnchorOffset="-30" RelativeToClient="1" Font="CRB_InterfaceMedium_B" Text="THE CURRENT SETTINGS ON THIS CHARACTER WILL BE LOST " BGColor="UI_WindowBGDefault" TextColor="FFDA3300" Template="Default" TooltipType="OnCursor" Name="Window" TooltipColor="" TextId="" DT_WORDBREAK="1" DT_VCENTER="1" DT_CENTER="1"/>
                </Control>
                <Control Class="Button" Base="CRB_Basekit:kitBtn_Metal_MediumBlue" Font="DefaultButton" ButtonType="PushButton" RadioGroup="" LAnchorPoint="0" LAnchorOffset="-5" TAnchorPoint="0" TAnchorOffset="200" RAnchorPoint="1" RAnchorOffset="5" BAnchorPoint="0" BAnchorOffset="230" DT_VCENTER="1" DT_CENTER="1" BGColor="UI_BtnBGDefault" TextColor="UI_BtnTextDefault" NormalTextColor="UI_BtnTextDefault" PressedTextColor="UI_BtnTextDefault" FlybyTextColor="UI_BtnTextDefault" PressedFlybyTextColor="UI_BtnTextDefault" DisabledTextColor="UI_BtnTextDefault" TooltipType="OnCursor" Name="CopySettings" TooltipColor="" Template="Default" Text="" TextId="CRB_Copy" Visible="1">
                    <Event Name="ButtonSignal" Function="OnCopySettingsBtn"/>
                </Control>
            </Control>
            <Control Class="Window" LAnchorPoint="0" LAnchorOffset="10" TAnchorPoint="0.8" TAnchorOffset="10" RAnchorPoint="0.5" RAnchorOffset="-5" BAnchorPoint="1" BAnchorOffset="-10" RelativeToClient="1" Font="CRB_InterfaceMedium_B" Text="Log onto other characters to add additional profiles to the list above." BGColor="aacccccc" TextColor="UI_WindowTextDefault" Template="Default" TooltipType="OnCursor" Name="CharacterList1" TooltipColor="" Sprite="ChatLogSprites:sprChat_BlueBG" Picture="1" IgnoreMouse="1" TextId="" DT_WORDBREAK="1" DT_CENTER="1" DT_VCENTER="1"/>
            <Control Class="Window" LAnchorPoint="0" LAnchorOffset="10" TAnchorPoint="0.6" TAnchorOffset="10" RAnchorPoint="0.5" RAnchorOffset="-5" BAnchorPoint="0.8" BAnchorOffset="0" RelativeToClient="1" Font="CRB_InterfaceMedium_B" Text="Select a character above to see the list of addons saved, then select by clicking the addons on the right to begin copying." BGColor="aacccccc" TextColor="UI_WindowTextDefault" Template="Default" TooltipType="OnCursor" Name="CharacterList2" TooltipColor="" Sprite="ChatLogSprites:sprChat_BlueBG" Picture="1" IgnoreMouse="1" TextId="" DT_WORDBREAK="1" DT_CENTER="1" DT_VCENTER="1"/>
        </Control>
        <Event Name="MouseButtonDown" Function="OnMouseDown"/>
    </Form>
    <Form Class="Button" Base="CRB_Basekit:kitBtn_Holo" Font="DefaultButton" ButtonType="Check" RadioGroup="ProfileCharacters" LAnchorPoint="0" LAnchorOffset="0" TAnchorPoint="0" TAnchorOffset="0" RAnchorPoint="1" RAnchorOffset="0" BAnchorPoint="0" BAnchorOffset="26" DT_VCENTER="1" DT_CENTER="1" BGColor="UI_BtnBGDefault" TextColor="UI_BtnTextDefault" NormalTextColor="UI_BtnTextDefault" PressedTextColor="AttributeName" FlybyTextColor="AttributeDexterity" PressedFlybyTextColor="AttributeStamina" DisabledTextColor="UI_BtnTextDefault" TooltipType="OnCursor" Name="ProfileCharacter" TooltipColor="" GlobalRadioGroup="" Tooltip="" DrawAsCheckbox="0" CheckboxRight="0" RadioDisallowNonSelection="1">
        <Event Name="ButtonCheck" Function="OnSelectSettingsCharacter"/>
    </Form>
    <Form Class="Button" Base="CRB_Basekit:kitBtn_List_HoloRadio" Font="DefaultButton" ButtonType="Check" RadioGroup="" LAnchorPoint="0" LAnchorOffset="0" TAnchorPoint="0" TAnchorOffset="0" RAnchorPoint="1" RAnchorOffset="0" BAnchorPoint="0" BAnchorOffset="26" DT_VCENTER="1" DT_CENTER="1" BGColor="UI_BtnBGDefault" TextColor="UI_BtnTextDefault" NormalTextColor="UI_BtnTextDefault" PressedTextColor="AttributeName" FlybyTextColor="AttributeDexterity" PressedFlybyTextColor="AttributeStamina" DisabledTextColor="UI_BtnTextDefault" TooltipType="OnCursor" Name="ProfileAddon" TooltipColor="" GlobalRadioGroup="">
        <Event Name="ButtonCheck" Function="OnAddonCheck"/>
        <Event Name="ButtonUncheck" Function="OnAddonCheck"/>
    </Form>
    <Form Class="Window" LAnchorPoint="0.5" LAnchorOffset="-185" TAnchorPoint="0" TAnchorOffset="-20" RAnchorPoint="0.5" RAnchorOffset="185" BAnchorPoint="0" BAnchorOffset="55" RelativeToClient="1" Font="Default" Text="" Template="HologramControl3" TooltipType="OnCursor" Name="TempEditorBtns1" Border="0" Picture="1" SwallowMouseClicks="1" Moveable="1" Escapable="0" Overlapped="1" BGColor="ffffffff" TextColor="ffffffff" TooltipColor="" Sprite="BK3:UI_BK3_Holo_InsetFramed_Darker" Sizable="0" Tooltip="" IgnoreMouse="1">
        <Control Class="Window" LAnchorPoint="0" LAnchorOffset="0" TAnchorPoint="0" TAnchorOffset="0" RAnchorPoint="1" RAnchorOffset="0" BAnchorPoint="0" BAnchorOffset="30" RelativeToClient="1" Font="Default" Text="" BGColor="55ff0000" TextColor="UI_WindowTextDefault" Template="Default" TooltipType="OnCursor" Name="HoverTrigger" TooltipColor="" Sprite="BasicSprites:WhiteFill" Picture="1" IgnoreMouse="1" HideInEditor="0">
            <Event Name="MouseEnter" Function="OnHoverTrigger"/>
        </Control>
        <Control Class="Window" LAnchorPoint="0.35" LAnchorOffset="0" TAnchorPoint="0" TAnchorOffset="25" RAnchorPoint="1" RAnchorOffset="-5" BAnchorPoint="1" BAnchorOffset="-5" RelativeToClient="1" Font="Default" Text="" BGColor="UI_WindowBGDefault" TextColor="UI_WindowTextDefault" Template="Default" TooltipType="OnCursor" Name="Buttons" TooltipColor="" Sprite="ChatLogSprites:sprChat_BlueBG" Picture="0" IgnoreMouse="1" Visible="1">
            <Control Class="Window" LAnchorPoint="0" LAnchorOffset="0" TAnchorPoint="0" TAnchorOffset="0" RAnchorPoint="0" RAnchorOffset="45" BAnchorPoint="0" BAnchorOffset="45" RelativeToClient="1" Font="CRB_Header9_O" Text="" Template="Default" TooltipType="OnCursor" Name="Edit" Border="0" Picture="1" SwallowMouseClicks="1" Moveable="0" Escapable="0" Overlapped="1" BGColor="ffffffff" TextColor="ffffffff" TooltipColor="" Sprite="ClientSprites:Icon_ItemMisc_Generic_toolbox" TextId="CRB_Edit" DT_CENTER="1" DT_BOTTOM="1" HideInEditor="0" DT_VCENTER="1">
                <Event Name="MouseButtonDown" Function="PotatoEditor"/>
            </Control>
            <Control Class="Window" LAnchorPoint="0" LAnchorOffset="45" TAnchorPoint="0" TAnchorOffset="0" RAnchorPoint="0" RAnchorOffset="90" BAnchorPoint="0" BAnchorOffset="45" RelativeToClient="1" Font="CRB_Header9_O" Text="" Template="Default" TooltipType="OnCursor" Name="Reset" Border="0" Picture="1" SwallowMouseClicks="1" Moveable="0" Escapable="0" Overlapped="1" BGColor="ff555555" TextColor="ff555555" TooltipColor="" Sprite="ClientSprites:Icon_TradeskillTalent_Microchip_Return_Chance_Attribute_Chip" TextId="Tutorials_Reset" DT_CENTER="1" DT_BOTTOM="1" HideInEditor="0" DT_VCENTER="1">
                <Event Name="MouseButtonDown" Function="PotatoReset"/>
            </Control>
            <Control Class="Window" LAnchorPoint="0" LAnchorOffset="90" TAnchorPoint="0" TAnchorOffset="0" RAnchorPoint="0" RAnchorOffset="135" BAnchorPoint="0" BAnchorOffset="45" RelativeToClient="1" Font="CRB_Header9_O" Text="Copy Settings" Template="Default" TooltipType="OnCursor" Name="Copy" Border="0" Picture="1" SwallowMouseClicks="1" Moveable="0" Escapable="0" Overlapped="1" BGColor="ffffffff" TextColor="ffffffff" TooltipColor="" Sprite="IconSprites:Icon_SkillStalker_Clone" TextId="" DT_CENTER="1" DT_BOTTOM="1" DT_WORDBREAK="1" HideInEditor="0" DT_VCENTER="1">
                <Event Name="MouseButtonDown" Function="CopySettingsStart"/>
            </Control>
            <Control Class="Window" LAnchorPoint="0" LAnchorOffset="135" TAnchorPoint="0" TAnchorOffset="0" RAnchorPoint="0" RAnchorOffset="180" BAnchorPoint="0" BAnchorOffset="45" RelativeToClient="1" Font="CRB_Header9_O" Text="PUI Settings" BGColor="UI_WindowBGDefault" TextColor="UI_WindowTextDefault" Template="Default" TooltipType="OnCursor" Name="Settings" TooltipColor="" Picture="1" IgnoreMouse="1" Sprite="IconSprites:Icon_ItemMisc_UI_Item_Gears" TextId="" DT_BOTTOM="1" DT_VCENTER="1" DT_CENTER="1" DT_WORDBREAK="1"/>
            <Control Class="Window" LAnchorPoint="0" LAnchorOffset="180" TAnchorPoint="0" TAnchorOffset="0" RAnchorPoint="0" RAnchorOffset="225" BAnchorPoint="1" BAnchorOffset="0" RelativeToClient="1" Font="CRB_Header9_O" Text="" BGColor="UI_WindowBGDefault" TextColor="UI_WindowTextDefault" Template="Default" TooltipType="OnCursor" Name="ReloadUI" TooltipColor="" Picture="1" IgnoreMouse="1" Sprite="IconSprites:Icon_Modifier_resist_magic_001" TextId="CRB_ReloadUI" DT_BOTTOM="1" DT_CENTER="1" HideInEditor="0" DT_WORDBREAK="1" DT_VCENTER="1">
                <Event Name="MouseButtonDown" Function="PotatoReloadUI"/>
            </Control>
        </Control>
        <Control Class="Window" LAnchorPoint="0" LAnchorOffset="5" TAnchorPoint="0" TAnchorOffset="25" RAnchorPoint="0.35" RAnchorOffset="0" BAnchorPoint="1" BAnchorOffset="-5" RelativeToClient="1" Font="CRB_HeaderGigantic_O" Text="PotatoUI" BGColor="UI_WindowBGDefault" TextColor="UI_WindowTextDefault" Template="Default" TooltipType="OnCursor" Name="Title" TooltipColor="" TextId="" DT_CENTER="1" DT_VCENTER="1"/>
        <Event Name="MouseExit" Function="OnToolboxExit"/>
    </Form>
    <Form Class="Window" LAnchorPoint="0.5" LAnchorOffset="-150" TAnchorPoint="0.5" TAnchorOffset="-75" RAnchorPoint="0.5" RAnchorOffset="150" BAnchorPoint="0.5" BAnchorOffset="75" RelativeToClient="1" Font="Default" Text="" BGColor="UI_WindowBGDefault" TextColor="UI_WindowTextDefault" Template="Default" TooltipType="OnCursor" Name="ConfirmReset" Border="0" Picture="1" SwallowMouseClicks="1" Moveable="0" Escapable="1" Overlapped="0" TooltipColor="" Tooltip="" Sprite="BK3:UI_BK3_Holo_InsetFramed_Darker">
        <Control Class="Window" LAnchorPoint="0" LAnchorOffset="10" TAnchorPoint="0" TAnchorOffset="11" RAnchorPoint="1" RAnchorOffset="-10" BAnchorPoint="0.7" BAnchorOffset="0" RelativeToClient="1" Font="DefaultButton" Text="Pressing &quot;Yes&quot; will reset ALL of the PotatoUI addons and is undoable. Are you sure you want to reset the PotatoUI settings? " BGColor="UI_WindowBGDefault" TextColor="UI_WindowTextDefault" Template="Default" TooltipType="OnCursor" Name="Window" TooltipColor="" DT_CENTER="1" DT_VCENTER="1" TextId="" DT_WORDBREAK="1"/>
        <Control Class="Button" Base="CRB_Basekit:kitBtn_Metal_MediumGreen" Font="DefaultButton" ButtonType="PushButton" RadioGroup="" LAnchorPoint="0" LAnchorOffset="10" TAnchorPoint="0.7" TAnchorOffset="0" RAnchorPoint="0.5" RAnchorOffset="0" BAnchorPoint="1" BAnchorOffset="-10" DT_VCENTER="1" DT_CENTER="1" BGColor="UI_BtnBGDefault" TextColor="UI_BtnTextDefault" NormalTextColor="UI_BtnTextDefault" PressedTextColor="UI_BtnTextDefault" FlybyTextColor="UI_BtnTextDefault" PressedFlybyTextColor="UI_BtnTextDefault" DisabledTextColor="UI_BtnTextDefault" TooltipType="OnCursor" Name="CopyYes" TooltipColor="" Template="Default" Text="" TextId="Yes">
            <Event Name="ButtonSignal" Function="OnResetYesBtn"/>
        </Control>
        <Control Class="Button" Base="CRB_Basekit:kitBtn_Metal_MediumRed" Font="DefaultButton" ButtonType="PushButton" RadioGroup="" LAnchorPoint="0.5" LAnchorOffset="0" TAnchorPoint="0.7" TAnchorOffset="0" RAnchorPoint="1" RAnchorOffset="-10" BAnchorPoint="1" BAnchorOffset="-10" DT_VCENTER="1" DT_CENTER="1" BGColor="UI_BtnBGDefault" TextColor="UI_BtnTextDefault" NormalTextColor="UI_BtnTextDefault" PressedTextColor="UI_BtnTextDefault" FlybyTextColor="UI_BtnTextDefault" PressedFlybyTextColor="UI_BtnTextDefault" DisabledTextColor="UI_BtnTextDefault" TooltipType="OnCursor" Name="CopyNo" TooltipColor="" Template="Default" Text="" TextId="CRB_No">
            <Event Name="ButtonSignal" Function="OnCloseReset"/>
        </Control>
        <Control Class="Button" Base="CRB_Basekit:kitBtn_Holo_Close" Font="DefaultButton" ButtonType="PushButton" RadioGroup="" LAnchorPoint="1" LAnchorOffset="-30" TAnchorPoint="0" TAnchorOffset="10" RAnchorPoint="1" RAnchorOffset="-10" BAnchorPoint="0" BAnchorOffset="30" DT_VCENTER="1" DT_CENTER="1" TooltipType="OnCursor" Name="CloseBtn" BGColor="ffffffff" TextColor="ffffffff" TooltipColor="" NormalTextColor="ffffffff" PressedTextColor="ffffffff" FlybyTextColor="ffffffff" PressedFlybyTextColor="ffffffff" DisabledTextColor="ffffffff">
            <Event Name="ButtonSignal" Function="OnCloseReset"/>
        </Control>
        <Event Name="WindowClosed" Function="OnCloseReset"/>
    </Form>
</Forms>
