<?xml version="1.0" encoding="UTF-8"?>
<Sprites>
    <Sprite Name="Striped" Cycle="1">
        <Frame Texture="PotatoLib\Textures\Striped.tga" x0="0" x1="0" x2="0" x3="0" x4="256" x5="256" y0="0" y1="3" y2="3" y3="23" y4="32" y5="32" HotspotX="0" HotspotY="0" Duration="1.000" StartColor="ffffffff" EndColor="ffffffff"/>
    </Sprite>
    <Sprite Name="Aluminum" Cycle="1">
        <Frame Texture="PotatoLib\Textures\Aluminium.tga" x0="0" x1="2" x2="2" x3="2" x4="253" x5="256" y0="0" y1="2" y2="2" y3="2" y4="26" y5="30" Stretchy="1" HotspotX="112" HotspotY="13" Duration="1.000" StartColor="white" EndColor="white"/>
    </Sprite>
    <Sprite Name="Bantobar" Cycle="1">
        <Frame Texture="PotatoLib\Textures\Bantobar.tga" x0="0" x1="0" x2="52" x3="59" x4="59" x5="256" y0="0" y1="2" y2="15" y3="19" y4="24" y5="32" Stretchy="1" HotspotX="0" HotspotY="0" Duration="1.000" StartColor="white" EndColor="white"/>
    </Sprite>
    <Sprite Name="Charcoal" Cycle="1">
        <Frame Texture="PotatoLib\Textures\Charcoal.tga" x0="0" x1="27" x2="64" x3="64" x4="98" x5="128" y0="0" y1="4" y2="4" y3="4" y4="125" y5="128" Stretchy="1" HotspotX="0" HotspotY="0" Duration="1.000" StartColor="white" EndColor="white"/>
    </Sprite>
    <Sprite Name="TopBar" Cycle="1">
        <Frame Texture="PotatoLib\Textures\Untitled-1.png" x0="0" x1="182" x2="182" x3="182" x4="182" x5="1920" y0="0" y1="0" y2="0" y3="0" y4="0" y5="40" HotspotX="0" HotspotY="0" Duration="1.000" StartColor="white" EndColor="white"/>
    </Sprite>
    <Sprite Name="TobBar" Cycle="1">
        <Frame Texture="PotatoLib\Textures\tobbar.png" x0="118" x1="454" x2="474" x3="474" x4="474" x5="730" y0="0" y1="0" y2="0" y3="0" y4="0" y5="40" Stretchy="1" HotspotX="0" HotspotY="0" Duration="1.000" StartColor="white" EndColor="white"/>
    </Sprite>
    <Sprite Name="ResizeBorderFull" Cycle="1">
        <Frame Texture="PotatoLib\Textures\ResizeBorderFull.tga" x0="0" x1="0" x2="94" x3="107" x4="192" x5="201" y0="0" y1="0" y2="93" y3="107" y4="192" y5="201" Stretchy="1" HotspotX="0" HotspotY="0" Duration="1.000" StartColor="white" EndColor="white"/>
    </Sprite>
    <Sprite Name="ResizeFull" Cycle="1">
        <Frame Texture="PotatoLib\Textures\ResizeBorderFull.tga" x0="1" x1="9" x2="93" x3="107" x4="192" x5="200" y0="1" y1="8" y2="93" y3="107" y4="192" y5="200" HotspotX="0" HotspotY="0" Duration="1.000" StartColor="white" EndColor="white"/>
    </Sprite>
    <Sprite Name="ResizeLR" Cycle="1">
        <Frame Texture="PotatoLib\Textures\ResizeBorderFull.tga" x0="1" x1="9" x2="93" x3="107" x4="192" x5="200" y0="8" y1="8" y2="93" y3="107" y4="192" y5="192" HotspotX="0" HotspotY="0" Duration="1.000" StartColor="white" EndColor="white"/>
    </Sprite>
    <Sprite Name="ResizeTB" Cycle="1">
        <Frame Texture="PotatoLib\Textures\ResizeBorderFull.tga" x0="9" x1="9" x2="93" x3="107" x4="192" x5="192" y0="1" y1="8" y2="93" y3="107" y4="192" y5="200" HotspotX="0" HotspotY="0" Duration="1.000" StartColor="white" EndColor="white"/>
    </Sprite>
    <Sprite Name="Popup" Cycle="1">
        <Frame Texture="UI\Assets\TexPieces\UI_CRB_Basekit_3_0_1179.tga" x0="0" x1="9" x2="10" x3="76" x4="77" x5="90" y0="6" y1="15" y2="15" y3="18" y4="19" y5="36" Stretchy="1" HotspotX="0" HotspotY="0" Duration="1.000" StartColor="white" EndColor="white"/>
    </Sprite>
    <Sprite Name="Fodder" Cycle="1">
        <Frame Texture="UI\Assets\Textures\UI_TargetFrames.tex" x0="126" x1="126" x2="136" x3="136" x4="146" x5="146" y0="938" y1="938" y2="948" y3="948" y4="958" y5="958" Stretchy="1" HotspotX="0" HotspotY="0" Duration="1.000" StartColor="white" EndColor="white"/>
    </Sprite>
    <Sprite Name="Minion" Cycle="1">
        <Frame Texture="UI\Assets\Textures\UI_TargetFrames.tex" x0="157" x1="157" x2="168" x3="168" x4="179" x5="179" y0="937" y1="937" y2="948" y3="948" y4="959" y5="959" Stretchy="1" HotspotX="0" HotspotY="0" Duration="1.000" StartColor="white" EndColor="white"/>
    </Sprite>
    <Sprite Name="Grunt" Cycle="1">
        <Frame Texture="UI\Assets\Textures\UI_TargetFrames.tex" x0="188" x1="188" x2="198" x3="198" x4="208" x5="208" y0="939" y1="939" y2="949" y3="949" y4="959" y5="959" Stretchy="1" HotspotX="0" HotspotY="0" Duration="1.000" StartColor="white" EndColor="white"/>
    </Sprite>
    <Sprite Name="Challenger" Cycle="1">
        <Frame Texture="UI\Assets\Textures\UI_TargetFrames.tex" x0="218" x1="218" x2="229" x3="229" x4="241" x5="241" y0="939" y1="939" y2="951" y3="951" y4="962" y5="962" Stretchy="1" HotspotX="0" HotspotY="0" Duration="1.000" StartColor="white" EndColor="white"/>
    </Sprite>
    <Sprite Name="Superior" Cycle="1">
        <Frame Texture="UI\Assets\Textures\UI_TargetFrames.tex" x0="246" x1="246" x2="260" x3="260" x4="275" x5="275" y0="936" y1="936" y2="951" y3="951" y4="965" y5="965" Stretchy="1" HotspotX="0" HotspotY="0" Duration="1.000" StartColor="white" EndColor="white"/>
    </Sprite>
    <Sprite Name="Elite" Cycle="1">
        <Frame Texture="UI\Assets\Textures\UI_TargetFrames.tex" x0="273" x1="273" x2="292" x3="292" x4="310" x5="310" y0="930" y1="930" y2="950" y3="950" y4="970" y5="970" Stretchy="1" HotspotX="0" HotspotY="0" Duration="1.000" StartColor="white" EndColor="white"/>
    </Sprite>
    <Sprite Name="CombatNotice" Cycle="1">
        <Frame Texture="UI\Assets\TexPieces\UI_PortraitFrame_Player_0_161.tga" x0="0" x1="0" x2="0" x3="0" x4="29" x5="29" y0="0" y1="0" y2="0" y3="0" y4="29" y5="29" Stretchy="1" HotspotX="0" HotspotY="0" Duration="0.600" StartColor="c8ffffff" EndColor="ffffffff"/>
        <Frame Texture="UI\Assets\TexPieces\UI_PortraitFrame_Player_0_161.tga" x0="0" x1="0" x2="0" x3="0" x4="29" x5="29" y0="0" y1="0" y2="0" y3="0" y4="29" y5="29" Stretchy="1" HotspotX="0" HotspotY="0" Duration="0.600" StartColor="ffffffff" EndColor="c8ffffff"/>
    </Sprite>
    <Sprite Name="Smooth" Cycle="1">
        <Frame Texture="PotatoLib\Textures\Smooth.tga" x0="0" x1="0" x2="0" x3="0" x4="256" x5="256" y0="0" y1="2" y2="2" y3="2" y4="32" y5="32" Stretchy="1" HotspotX="0" HotspotY="0" Duration="1.000" StartColor="white" EndColor="white"/>
    </Sprite>
    <Sprite Name="Minimalist" Cycle="1">
        <Frame Texture="PotatoLib\Textures\Minimalist.tga" x0="0" x1="0" x2="0" x3="0" x4="16" x5="16" y0="0" y1="2" y2="2" y3="2" y4="30" y5="32" Stretchy="1" HotspotX="0" HotspotY="0" Duration="1.000" StartColor="white" EndColor="white"/>
    </Sprite>
    <Sprite Name="IABacker" Cycle="1">
        <Frame Texture="UI\Assets\Textures\UI_TargetFrames.tex" x0="7" x1="7" x2="7" x3="7" x4="54" x5="54" y0="942" y1="942" y2="942" y3="942" y4="989" y5="989" Stretchy="1" HotspotX="0" HotspotY="0" Duration="1.000" StartColor="white" EndColor="white"/>
    </Sprite>
    <Sprite Name="IAInvuln" Cycle="1">
        <Frame Texture="UI\Assets\Textures\UI_TargetFrames.tex" x0="68" x1="68" x2="68" x3="68" x4="115" x5="115" y0="942" y1="942" y2="942" y3="942" y4="989" y5="989" Stretchy="1" HotspotX="0" HotspotY="0" Duration="1.000" StartColor="white" EndColor="white"/>
    </Sprite>
</Sprites>
