<?xml version="1.0" encoding="UTF-8" standalone="yes" ?>
<Forms>
    <Form Class="Window" LAnchorPoint="0.5" LAnchorOffset="-100" TAnchorPoint="0.5" TAnchorOffset="-15" RAnchorPoint="0.5" RAnchorOffset="100" BAnchorPoint="0.5" BAnchorOffset="15" RelativeToClient="1" Font="Default" Text="" Template="Default" TooltipType="OnCursor" Name="Form1" Border="0" Picture="1" SwallowMouseClicks="1" Moveable="0" Escapable="0" Overlapped="0" BGColor="ffffffff" TextColor="ffffffff" TooltipColor="" Sprite="" DT_CENTER="1" Tooltip="">
        <Control Class="Window" LAnchorPoint="0" LAnchorOffset="2" TAnchorPoint="0" TAnchorOffset="2" RAnchorPoint="1" RAnchorOffset="-2" BAnchorPoint="1" BAnchorOffset="-2" RelativeToClient="1" Font="Default" Text="" Template="Default" TooltipType="OnCursor" Name="Content" BGColor="ffdd7777" TextColor="ffffffff" TooltipColor="" Sprite="CRB_ActionBarFrameSprites:sprActionBarFrame_VehicleIconBG" Picture="1" IgnoreMouse="1">
            <Control Class="ProgressBar" Text="" LAnchorPoint="0" LAnchorOffset="0" TAnchorPoint="0.33" TAnchorOffset="0" RAnchorPoint="1" RAnchorOffset="0" BAnchorPoint="1" BAnchorOffset="0" AutoSetText="0" UseValues="0" RelativeToClient="1" SetTextToProgress="1" DT_CENTER="1" DT_VCENTER="1" ProgressEmpty="" ProgressFull="ClientSprites:WhiteFill" TooltipType="OnCursor" Name="Sprint" BGColor="ffffffff" TextColor="ffffffff" TooltipColor="" BarColor="ff00ffff" Sprite="" IgnoreMouse="1" IgnoreMax="1" UsePercent="1" Font="CRB_Pixel_O"/>
            <Control Class="ProgressBar" Text="" LAnchorPoint="0.00000" LAnchorOffset="0" TAnchorPoint="0.00000" TAnchorOffset="0" RAnchorPoint="0.48" RAnchorOffset="0" BAnchorPoint="0.33" BAnchorOffset="0" AutoSetText="0" UseValues="0" RelativeToClient="1" SetTextToProgress="0" DT_CENTER="1" DT_VCENTER="1" ProgressEmpty="" ProgressFull="WhiteFill" TooltipType="OnCursor" Name="Dodge1" BGColor="ffffffff" TextColor="ffffffff" TooltipColor="" BarColor="ChannelWhisper" IgnoreMouse="1"/>
            <Control Class="ProgressBar" Text="" LAnchorPoint="0.52" LAnchorOffset="0" TAnchorPoint="0" TAnchorOffset="0" RAnchorPoint="1" RAnchorOffset="0" BAnchorPoint="0.33" BAnchorOffset="0" AutoSetText="0" UseValues="0" RelativeToClient="1" SetTextToProgress="0" DT_CENTER="1" DT_VCENTER="1" ProgressEmpty="" ProgressFull="WhiteFill" TooltipType="OnCursor" Name="Dodge2" BGColor="ffffffff" TextColor="ffffffff" TooltipColor="" BarColor="ChannelWhisper" IgnoreMouse="1"/>
            <Control Class="Window" LAnchorPoint="0" LAnchorOffset="0" TAnchorPoint="0" TAnchorOffset="0" RAnchorPoint="0.48" RAnchorOffset="0" BAnchorPoint="0.33" BAnchorOffset="" RelativeToClient="1" Font="Default" Text="" Template="Default" TooltipType="OnCursor" Name="DodgeBack1" BGColor="ffffffff" TextColor="ffffffff" TooltipColor="" Picture="1" IgnoreMouse="1"/>
            <Control Class="Window" LAnchorPoint="0.52" LAnchorOffset="0" TAnchorPoint="0" TAnchorOffset="0" RAnchorPoint="1" RAnchorOffset="0" BAnchorPoint="0.33" BAnchorOffset="" RelativeToClient="1" Font="Default" Text="" Template="Default" TooltipType="OnCursor" Name="DodgeBack2" BGColor="ffffffff" TextColor="ffffffff" TooltipColor="" Picture="1" IgnoreMouse="1"/>
            <Control Class="Window" LAnchorPoint="0" LAnchorOffset="0" TAnchorPoint="0" TAnchorOffset="0" RAnchorPoint="0.48" RAnchorOffset="0" BAnchorPoint="0.33" BAnchorOffset="3" RelativeToClient="1" Font="Default" Text="" Template="Default" TooltipType="OnCursor" Name="DodgeFlash1" BGColor="ffffffff" TextColor="ffffffff" TooltipColor="" Picture="1" IgnoreMouse="1" NoClip="1"/>
            <Control Class="Window" LAnchorPoint="0" LAnchorOffset="0" TAnchorPoint="0" TAnchorOffset="0" RAnchorPoint="0.48" RAnchorOffset="0" BAnchorPoint="0.33" BAnchorOffset="3" RelativeToClient="1" Font="Default" Text="" Template="Default" TooltipType="OnCursor" Name="DodgeFlash2" BGColor="ffffffff" TextColor="ffffffff" TooltipColor="" Picture="1" IgnoreMouse="1" NoClip="1"/>
        </Control>
        <Pixie LAnchorPoint="0" LAnchorOffset="0" TAnchorPoint="0" TAnchorOffset="0" RAnchorPoint="1" RAnchorOffset="0" BAnchorPoint="0" BAnchorOffset="2" Sprite="WhiteFill" BGColor="aa000000" TextColor="black" Rotation="0" Font="Default" Text=""/>
        <Pixie LAnchorPoint="0" LAnchorOffset="0" TAnchorPoint="0" TAnchorOffset="0" RAnchorPoint="0" RAnchorOffset="2" BAnchorPoint="1" BAnchorOffset="0" Sprite="WhiteFill" BGColor="aa000000" TextColor="black" Rotation="0" Font="Default"/>
        <Pixie LAnchorPoint="1" LAnchorOffset="-2" TAnchorPoint="0" TAnchorOffset="0" RAnchorPoint="1" RAnchorOffset="0" BAnchorPoint="1" BAnchorOffset="0" Sprite="WhiteFill" BGColor="aa000000" TextColor="black" Rotation="0" Font="Default"/>
        <Pixie LAnchorPoint="0" LAnchorOffset="0" TAnchorPoint="1" TAnchorOffset="-2" RAnchorPoint="1" RAnchorOffset="0" BAnchorPoint="1" BAnchorOffset="0" Sprite="WhiteFill" BGColor="aa000000" TextColor="black" Rotation="0" Font="Default"/>
        <Event Name="MouseButtonDown" Function="MouseDownTest"/>
        <Control Class="Window" LAnchorPoint="0" LAnchorOffset="0" TAnchorPoint="0" TAnchorOffset="0" RAnchorPoint="1" RAnchorOffset="0" BAnchorPoint="1" BAnchorOffset="0" RelativeToClient="1" Font="Default" Text="" Template="Default" TooltipType="OnCursor" Name="CustomizeBorder" BGColor="22ffff00" TextColor="ffffffff" TooltipColor="" TextId="" DT_VCENTER="1" DT_CENTER="1" IgnoreMouse="1" NewWindowDepth="1" Sprite="" Picture="1" Visible="0" HideInEditor="0">
            <Pixie LAnchorPoint="0" LAnchorOffset="0" TAnchorPoint="0" TAnchorOffset="0" RAnchorPoint="1" RAnchorOffset="0" BAnchorPoint="0" BAnchorOffset="1" Sprite="WhiteFill" BGColor="55ffff00" TextColor="black" Rotation="0" Font="Default" Text=""/>
            <Pixie LAnchorPoint="0" LAnchorOffset="0" TAnchorPoint="0" TAnchorOffset="0" RAnchorPoint="0" RAnchorOffset="1" BAnchorPoint="1" BAnchorOffset="0" Sprite="WhiteFill" BGColor="55ffff00" TextColor="black" Rotation="0" Font="Default"/>
            <Pixie LAnchorPoint="0" LAnchorOffset="0" TAnchorPoint="1" TAnchorOffset="-1" RAnchorPoint="1" RAnchorOffset="0" BAnchorPoint="1" BAnchorOffset="0" Sprite="WhiteFill" BGColor="55ffff00" TextColor="black" Rotation="0" Font="Default"/>
            <Pixie LAnchorPoint="1" LAnchorOffset="-1" TAnchorPoint="0" TAnchorOffset="0" RAnchorPoint="1" RAnchorOffset="0" BAnchorPoint="1" BAnchorOffset="0" Sprite="WhiteFill" BGColor="55ffff00" TextColor="black" Rotation="0" Font="Default"/>
        </Control>
        <Event Name="WindowMove" Function="WindowMove"/>
        <Control Class="Window" LAnchorPoint="0" LAnchorOffset="2" TAnchorPoint="0" TAnchorOffset="2" RAnchorPoint="1" RAnchorOffset="-2" BAnchorPoint="1" BAnchorOffset="-2" RelativeToClient="1" Font="CRB_Interface14_BBO" Text="Sprint Module" Template="Default" TooltipType="OnCursor" Name="EditorCover" Border="0" Picture="1" SwallowMouseClicks="1" Moveable="0" Escapable="0" Overlapped="0" BGColor="aaffff99" TextColor="ffffffff" TooltipColor="" Tooltip="" TestAlpha="0" Sprite="PlayerPathContent_TEMP:spr_PathListItemBlueProgressFill" TextId="" Sizable="0" HideInEditor="0" IgnoreMouse="1" NoClip="1" NeverBringToFront="0" BlockOutIfDisabled="0" Visible="0" NewWindowDepth="1" DT_CENTER="1" DT_VCENTER="1">
            <Control Class="Window" LAnchorPoint="1" LAnchorOffset="-22" TAnchorPoint="0" TAnchorOffset="2" RAnchorPoint="1" RAnchorOffset="-2" BAnchorPoint="0" BAnchorOffset="22" RelativeToClient="1" Font="Default" Text="" BGColor="ddffffff" TextColor="UI_WindowTextDefault" Template="Default" TooltipType="OnCursor" Name="Settings" TooltipColor="" Sprite="IconSprites:Icon_ItemMisc_UI_Item_Gears" Picture="1" IgnoreMouse="1" Tooltip="" TooltipId="GuildRegistration_SettingsLabel" Visible="0">
                <Event Name="MouseButtonDown" Function="OnSettingsBtn"/>
            </Control>
        </Control>
    </Form>
    <Form Class="Window" LAnchorPoint="0" LAnchorOffset="0" TAnchorPoint="0" TAnchorOffset="0" RAnchorPoint="1" RAnchorOffset="0" BAnchorPoint="0" BAnchorOffset="171" RelativeToClient="1" Font="Default" Text="" Template="Default" TooltipType="OnCursor" Name="SprintDashCustomize" Border="0" Picture="1" SwallowMouseClicks="1" Moveable="0" Escapable="0" Overlapped="1" BGColor="ffffffff" TextColor="ffffffff" TooltipColor="" Sprite="" Tooltip="" IgnoreMouse="1">
        <Control Class="Window" LAnchorPoint="0" LAnchorOffset="0" TAnchorPoint="0" TAnchorOffset="0" RAnchorPoint="1" RAnchorOffset="0" BAnchorPoint="0" BAnchorOffset="171" RelativeToClient="1" Font="Default" Text="" Template="Default" TooltipType="OnCursor" Name="Frame" BGColor="ffffffff" TextColor="ffffffff" TooltipColor="" DT_CENTER="1" TextId="" Sprite="ChatLogSprites:sprChat_BlueBG" Picture="1" IgnoreMouse="1">
            <Control Class="Window" LAnchorPoint="0" LAnchorOffset="0" TAnchorPoint="0" TAnchorOffset="0" RAnchorPoint="1" RAnchorOffset="0" BAnchorPoint="0" BAnchorOffset="30" RelativeToClient="1" Font="CRB_Interface12_BBO" Text="Main Options" Template="Default" TooltipType="OnCursor" Name="Header1" BGColor="ffffffff" TextColor="ffffffff" TooltipColor="" TextId="" DT_CENTER="1" DT_VCENTER="1">
                <Control Class="Button" Base="CRB_Basekit:kitBtn_ScrollHolo_DownLarge" Font="DefaultButton" ButtonType="PushButton" RadioGroup="" LAnchorPoint="1" LAnchorOffset="-26" TAnchorPoint="0.5" TAnchorOffset="-10" RAnchorPoint="1" RAnchorOffset="-6" BAnchorPoint="0.5" BAnchorOffset="10" DT_VCENTER="1" DT_CENTER="1" TooltipType="OnCursor" Name="Button" BGColor="ffffffff" TextColor="ffffffff" TooltipColor="" NormalTextColor="ffffffff" PressedTextColor="ffffffff" FlybyTextColor="ffffffff" PressedFlybyTextColor="ffffffff" DisabledTextColor="ffffffff">
                    <Event Name="ButtonSignal" Function="ToggleSectionVisibility"/>
                </Control>
            </Control>
            <Control Class="Window" LAnchorPoint="0" LAnchorOffset="0" TAnchorPoint="0" TAnchorOffset="30" RAnchorPoint="1" RAnchorOffset="0" BAnchorPoint="0" BAnchorOffset="60" RelativeToClient="1" Font="Default" Text="" Template="Default" TooltipType="OnCursor" Name="ShowFrame" BGColor="ffffffff" TextColor="ffffffff" TooltipColor="" Sprite="" Picture="1" IgnoreMouse="1" Tooltip="">
                <Control Class="Window" LAnchorPoint="0" LAnchorOffset="0" TAnchorPoint="0" TAnchorOffset="0" RAnchorPoint="0.33" RAnchorOffset="0" BAnchorPoint="1" BAnchorOffset="0" RelativeToClient="1" Font="CRB_Interface12_BO" Text="Show Frame:" Template="Default" TooltipType="OnCursor" Name="Text" BGColor="ffffffff" TextColor="ffffffff" TooltipColor="" TextId="" DT_VCENTER="1" DT_CENTER="1"/>
                <Control Class="Window" LAnchorPoint="0.33" LAnchorOffset="0" TAnchorPoint="0" TAnchorOffset="0" RAnchorPoint="1" RAnchorOffset="-5" BAnchorPoint="1" BAnchorOffset="0" RelativeToClient="1" Font="Default" Text="" Template="Default" TooltipType="OnCursor" Name="Options" BGColor="ffffffff" TextColor="ffffffff" TooltipColor="">
                    <Control Class="Button" Base="CRB_Basekit:kitBtn_List_HoloRadio" Font="DefaultButton" ButtonType="Check" RadioGroup="ShowFrame" LAnchorPoint="0" LAnchorOffset="0" TAnchorPoint="0.5" TAnchorOffset="-13" RAnchorPoint="0.33" RAnchorOffset="0" BAnchorPoint="0.5" BAnchorOffset="13" DT_VCENTER="1" DT_CENTER="1" TooltipType="OnCursor" Name="Always" BGColor="ffffaaaa" TextColor="ffffffff" TooltipColor="" NormalTextColor="ffffffff" PressedTextColor="ffffffff" FlybyTextColor="ffffffff" PressedFlybyTextColor="ffffffff" DisabledTextColor="ffffffff" Text="Always" TextId="" GlobalRadioGroup="" RadioDisallowNonSelection="1">
                        <Event Name="ButtonCheck" Function="OnShowChange"/>
                    </Control>
                    <Control Class="Button" Base="CRB_Basekit:kitBtn_List_HoloRadio" Font="DefaultButton" ButtonType="Check" RadioGroup="ShowFrame" LAnchorPoint="0.33" LAnchorOffset="0" TAnchorPoint="0.5" TAnchorOffset="-13" RAnchorPoint="0.66" RAnchorOffset="0" BAnchorPoint="0.5" BAnchorOffset="14" DT_VCENTER="1" DT_CENTER="1" TooltipType="OnCursor" Name="Combat" BGColor="ffffaaaa" TextColor="ffffffff" TooltipColor="" NormalTextColor="ffffffff" PressedTextColor="ffffffff" FlybyTextColor="ffffffff" PressedFlybyTextColor="ffffffff" DisabledTextColor="ffffffff" Text="" TextId="Tutorials_Combat" GlobalRadioGroup="" RadioDisallowNonSelection="1">
                        <Event Name="ButtonCheck" Function="OnShowChange"/>
                    </Control>
                    <Control Class="Button" Base="CRB_Basekit:kitBtn_List_HoloRadio" Font="DefaultButton" ButtonType="Check" RadioGroup="ShowFrame" LAnchorPoint="0.66" LAnchorOffset="0" TAnchorPoint="0.5" TAnchorOffset="-13" RAnchorPoint="1" RAnchorOffset="0" BAnchorPoint="0.5" BAnchorOffset="13" DT_VCENTER="1" DT_CENTER="1" TooltipType="OnCursor" Name="Never" BGColor="ffffaaaa" TextColor="ffffffff" TooltipColor="" NormalTextColor="ffffffff" PressedTextColor="ffffffff" FlybyTextColor="ffffffff" PressedFlybyTextColor="ffffffff" DisabledTextColor="ffffffff" Text="Never" TextId="" GlobalRadioGroup="" RadioDisallowNonSelection="1">
                        <Event Name="ButtonCheck" Function="OnShowChange"/>
                    </Control>
                </Control>
            </Control>
            <Control Class="Window" LAnchorPoint="0" LAnchorOffset="0" TAnchorPoint="0" TAnchorOffset="60" RAnchorPoint="1" RAnchorOffset="0" BAnchorPoint="0" BAnchorOffset="90" RelativeToClient="1" Font="Default" Text="" Template="Default" TooltipType="OnCursor" Name="ShowFull" BGColor="ffffffff" TextColor="ffffffff" TooltipColor="" Sprite="" Picture="1" IgnoreMouse="1">
                <Control Class="Window" LAnchorPoint="0" LAnchorOffset="0" TAnchorPoint="0" TAnchorOffset="0" RAnchorPoint="0.33" RAnchorOffset="0" BAnchorPoint="1" BAnchorOffset="0" RelativeToClient="1" Font="CRB_Interface12_BO" Text="Show When Full:" Template="Default" TooltipType="OnCursor" Name="Text" BGColor="ffffffff" TextColor="ffffffff" TooltipColor="" TextId="" DT_VCENTER="1" DT_CENTER="1"/>
                <Control Class="Window" LAnchorPoint="0.33" LAnchorOffset="0" TAnchorPoint="0" TAnchorOffset="0" RAnchorPoint="1" RAnchorOffset="-5" BAnchorPoint="1" BAnchorOffset="0" RelativeToClient="1" Font="Default" Text="" Template="Default" TooltipType="OnCursor" Name="Options" BGColor="ffffffff" TextColor="ffffffff" TooltipColor="">
                    <Control Class="Button" Base="CRB_Basekit:kitBtn_List_HoloRadio" Font="DefaultButton" ButtonType="Check" RadioGroup="ShowFull" LAnchorPoint="0" LAnchorOffset="0" TAnchorPoint="0.5" TAnchorOffset="-13" RAnchorPoint="0.5" RAnchorOffset="0" BAnchorPoint="0.5" BAnchorOffset="14" DT_VCENTER="1" DT_CENTER="1" TooltipType="OnCursor" Name="Combat" BGColor="ffffaaaa" TextColor="ffffffff" TooltipColor="" NormalTextColor="ffffffff" PressedTextColor="ffffffff" FlybyTextColor="ffffffff" PressedFlybyTextColor="ffffffff" DisabledTextColor="ffffffff" Text="" TextId="CRB_Yes" GlobalRadioGroup="" RadioDisallowNonSelection="1">
                        <Event Name="ButtonCheck" Function="OnFullChange"/>
                    </Control>
                    <Control Class="Button" Base="CRB_Basekit:kitBtn_List_HoloRadio" Font="DefaultButton" ButtonType="Check" RadioGroup="ShowFull" LAnchorPoint="0.5" LAnchorOffset="0" TAnchorPoint="0.5" TAnchorOffset="-13" RAnchorPoint="1" RAnchorOffset="0" BAnchorPoint="0.5" BAnchorOffset="13" DT_VCENTER="1" DT_CENTER="1" TooltipType="OnCursor" Name="Never" BGColor="ffffaaaa" TextColor="ffffffff" TooltipColor="" NormalTextColor="ffffffff" PressedTextColor="ffffffff" FlybyTextColor="ffffffff" PressedFlybyTextColor="ffffffff" DisabledTextColor="ffffffff" Text="" TextId="CRB_No" GlobalRadioGroup="" RadioDisallowNonSelection="1">
                        <Event Name="ButtonCheck" Function="OnFullChange"/>
                    </Control>
                </Control>
            </Control>
            <Control Class="Window" LAnchorPoint="0" LAnchorOffset="0" TAnchorPoint="0" TAnchorOffset="90" RAnchorPoint="1" RAnchorOffset="0" BAnchorPoint="0" BAnchorOffset="120" RelativeToClient="1" Font="Default" Text="" BGColor="UI_WindowBGDefault" TextColor="UI_WindowTextDefault" Template="Default" TooltipType="OnCursor" Name="Positioning" TooltipColor="">
                <Control Class="Window" LAnchorPoint="0" LAnchorOffset="0" TAnchorPoint="0" TAnchorOffset="0" RAnchorPoint="0.33" RAnchorOffset="0" BAnchorPoint="1" BAnchorOffset="0" RelativeToClient="1" Font="CRB_Interface12_BO" Text="Position:" BGColor="UI_WindowBGDefault" TextColor="UI_WindowTextDefault" Template="Default" TooltipType="OnCursor" Name="Text" TooltipColor="" TextId="" DT_VCENTER="1" DT_CENTER="1"/>
                <Control Class="Window" LAnchorPoint="0.33" LAnchorOffset="0" TAnchorPoint="0" TAnchorOffset="0" RAnchorPoint="1" RAnchorOffset="-5" BAnchorPoint="1" BAnchorOffset="0" RelativeToClient="1" Font="Default" Text="" BGColor="UI_WindowBGDefault" TextColor="UI_WindowTextDefault" Template="Default" TooltipType="OnCursor" Name="Options" TooltipColor="">
                    <Control Class="Window" LAnchorPoint="0" LAnchorOffset="0" TAnchorPoint="0" TAnchorOffset="0" RAnchorPoint="0.5" RAnchorOffset="0" BAnchorPoint="1" BAnchorOffset="0" RelativeToClient="1" Font="Default" Text="" BGColor="UI_WindowBGDefault" TextColor="UI_WindowTextDefault" Template="Default" TooltipType="OnCursor" Name="X" TooltipColor="" TextId="" DT_VCENTER="1" DT_CENTER="0">
                        <Control Class="Window" LAnchorPoint="0" LAnchorOffset="0" TAnchorPoint="0" TAnchorOffset="0" RAnchorPoint="0.33" RAnchorOffset="0" BAnchorPoint="1" BAnchorOffset="0" RelativeToClient="1" Font="DefaultButton" Text="" BGColor="UI_WindowBGDefault" TextColor="UI_WindowTextDefault" Template="Default" TooltipType="OnCursor" Name="Text" TooltipColor="" TextId="HousingDecorate_XMove" VScroll="0" IgnoreMouse="1" DT_CENTER="1" DT_VCENTER="1"/>
                        <Control Class="EditBox" LAnchorPoint="0.33" LAnchorOffset="0" TAnchorPoint="0" TAnchorOffset="0" RAnchorPoint="1" RAnchorOffset="0" BAnchorPoint="1" BAnchorOffset="0" RelativeToClient="1" Font="Default" Text="" BGColor="ffffaaaa" TextColor="UI_WindowTextDefault" Template="Default" TooltipType="OnCursor" Name="XPos" TooltipColor="" Sprite="HologramSprites:HoloFrame2" Picture="1" DT_CENTER="1" DT_VCENTER="1" TextId="">
                            <Event Name="EditBoxChanged" Function="TxtPositionChanged"/>
                        </Control>
                    </Control>
                    <Control Class="Window" LAnchorPoint="0.5" LAnchorOffset="0" TAnchorPoint="0" TAnchorOffset="0" RAnchorPoint="1" RAnchorOffset="0" BAnchorPoint="1" BAnchorOffset="0" RelativeToClient="1" Font="Default" Text="" BGColor="UI_WindowBGDefault" TextColor="UI_WindowTextDefault" Template="Default" TooltipType="OnCursor" Name="Y" TooltipColor="">
                        <Control Class="Window" LAnchorPoint="0" LAnchorOffset="0" TAnchorPoint="0" TAnchorOffset="0" RAnchorPoint="0.33" RAnchorOffset="0" BAnchorPoint="0" BAnchorOffset="30" RelativeToClient="1" Font="DefaultButton" Text="" BGColor="UI_WindowBGDefault" TextColor="UI_WindowTextDefault" Template="Default" TooltipType="OnCursor" Name="Text" TooltipColor="" TextId="HousingDecorate_YMove" VScroll="0" IgnoreMouse="1" DT_CENTER="1" DT_VCENTER="1"/>
                        <Control Class="EditBox" LAnchorPoint="0.33" LAnchorOffset="0" TAnchorPoint="0" TAnchorOffset="0" RAnchorPoint="1" RAnchorOffset="0" BAnchorPoint="1" BAnchorOffset="0" RelativeToClient="1" Font="Default" Text="" BGColor="ffffaaaa" TextColor="UI_WindowTextDefault" Template="Default" TooltipType="OnCursor" Name="YPos" TooltipColor="" Sprite="HologramSprites:HoloFrame2" Picture="1" DT_CENTER="1" DT_VCENTER="1">
                            <Event Name="EditBoxChanged" Function="TxtPositionChanged"/>
                        </Control>
                    </Control>
                </Control>
            </Control>
            <Control Class="Window" LAnchorPoint="0" LAnchorOffset="0" TAnchorPoint="0" TAnchorOffset="120" RAnchorPoint="1" RAnchorOffset="0" BAnchorPoint="0" BAnchorOffset="150" RelativeToClient="1" Font="Default" Text="" BGColor="UI_WindowBGDefault" TextColor="UI_WindowTextDefault" Template="Default" TooltipType="OnCursor" Name="Size" TooltipColor="">
                <Control Class="Window" LAnchorPoint="0" LAnchorOffset="0" TAnchorPoint="0" TAnchorOffset="0" RAnchorPoint="0.33" RAnchorOffset="0" BAnchorPoint="1" BAnchorOffset="0" RelativeToClient="1" Font="CRB_Interface12_BO" Text="Size:" BGColor="UI_WindowBGDefault" TextColor="UI_WindowTextDefault" Template="Default" TooltipType="OnCursor" Name="Text" TooltipColor="" TextId="" DT_VCENTER="1" DT_CENTER="1"/>
                <Control Class="Window" LAnchorPoint="0.33" LAnchorOffset="0" TAnchorPoint="0" TAnchorOffset="0" RAnchorPoint="1" RAnchorOffset="-5" BAnchorPoint="1" BAnchorOffset="0" RelativeToClient="1" Font="Default" Text="" BGColor="UI_WindowBGDefault" TextColor="UI_WindowTextDefault" Template="Default" TooltipType="OnCursor" Name="Options" TooltipColor="">
                    <Control Class="Window" LAnchorPoint="0" LAnchorOffset="0" TAnchorPoint="0" TAnchorOffset="0" RAnchorPoint="0.5" RAnchorOffset="0" BAnchorPoint="1" BAnchorOffset="0" RelativeToClient="1" Font="Default" Text="" BGColor="UI_WindowBGDefault" TextColor="UI_WindowTextDefault" Template="Default" TooltipType="OnCursor" Name="W" TooltipColor="" TextId="" DT_VCENTER="1" DT_CENTER="0">
                        <Control Class="Window" LAnchorPoint="0" LAnchorOffset="0" TAnchorPoint="0" TAnchorOffset="0" RAnchorPoint="0.33" RAnchorOffset="0" BAnchorPoint="1" BAnchorOffset="0" RelativeToClient="1" Font="DefaultButton" Text="Width:" BGColor="UI_WindowBGDefault" TextColor="UI_WindowTextDefault" Template="Default" TooltipType="OnCursor" Name="Text" TooltipColor="" TextId="" VScroll="0" IgnoreMouse="1" DT_CENTER="1" DT_VCENTER="1"/>
                        <Control Class="EditBox" LAnchorPoint="0.33" LAnchorOffset="0" TAnchorPoint="0" TAnchorOffset="0" RAnchorPoint="1" RAnchorOffset="0" BAnchorPoint="1" BAnchorOffset="0" RelativeToClient="1" Font="Default" Text="" BGColor="ffffaaaa" TextColor="UI_WindowTextDefault" Template="Default" TooltipType="OnCursor" Name="Width" TooltipColor="" Sprite="HologramSprites:HoloFrame2" Picture="1" DT_CENTER="1" DT_VCENTER="1">
                            <Event Name="EditBoxChanged" Function="TxtHWChanged"/>
                        </Control>
                    </Control>
                    <Control Class="Window" LAnchorPoint="0.5" LAnchorOffset="0" TAnchorPoint="0" TAnchorOffset="0" RAnchorPoint="1" RAnchorOffset="0" BAnchorPoint="1" BAnchorOffset="0" RelativeToClient="1" Font="Default" Text="" BGColor="UI_WindowBGDefault" TextColor="UI_WindowTextDefault" Template="Default" TooltipType="OnCursor" Name="H" TooltipColor="">
                        <Control Class="Window" LAnchorPoint="0" LAnchorOffset="0" TAnchorPoint="0" TAnchorOffset="0" RAnchorPoint="0.33" RAnchorOffset="0" BAnchorPoint="0" BAnchorOffset="30" RelativeToClient="1" Font="DefaultButton" Text="Height:" BGColor="UI_WindowBGDefault" TextColor="UI_WindowTextDefault" Template="Default" TooltipType="OnCursor" Name="Text" TooltipColor="" TextId="" VScroll="0" IgnoreMouse="1" DT_CENTER="1" DT_VCENTER="1"/>
                        <Control Class="EditBox" LAnchorPoint="0.33" LAnchorOffset="0" TAnchorPoint="0" TAnchorOffset="0" RAnchorPoint="1" RAnchorOffset="0" BAnchorPoint="1" BAnchorOffset="0" RelativeToClient="1" Font="Default" Text="" BGColor="ffffaaaa" TextColor="UI_WindowTextDefault" Template="Default" TooltipType="OnCursor" Name="Height" TooltipColor="" Sprite="HologramSprites:HoloFrame2" Picture="1" DT_CENTER="1" DT_VCENTER="1">
                            <Event Name="EditBoxChanged" Function="TxtHWChanged"/>
                        </Control>
                    </Control>
                </Control>
            </Control>
        </Control>
    </Form>
</Forms>
