<?xml version="1.0" encoding="UTF-8" standalone="yes" ?>
<Forms>
    <Form Class="Window" LAnchorPoint="0" LAnchorOffset="60" TAnchorPoint="0" TAnchorOffset="70" RAnchorPoint="0" RAnchorOffset="739" BAnchorPoint="0" BAnchorOffset="699" RelativeToClient="1" Font="Default" Text="" Template="CRB_NormalFramedThick_StandardHdrFtr" Name="Ayth_QuestForm" Border="0" Picture="0" SwallowMouseClicks="1" Moveable="1" Escapable="1" Overlapped="1" BGColor="ffffffff" TextColor="ffffffff" TextId="" TooltipColor="" Tooltip="">
        <Control Class="Window" LAnchorPoint="0" LAnchorOffset="31" TAnchorPoint="0" TAnchorOffset="18" RAnchorPoint="1" RAnchorOffset="-41" BAnchorPoint="0" BAnchorOffset="47" RelativeToClient="1" Font="CRB_InterfaceMedium" Template="Default" Name="Title" BGColor="ffffffff" TextColor="ffc0c0c0" DT_VCENTER="1" DT_CENTER="1" NewControlDepth="2" TextId="" Text="Ayth_Quest - Options" TooltipColor=""/>
        <Control Class="Button" Base="CRB_UIKitSprites:btn_square_LARGE_Red" Font="CRB_InterfaceMedium" ButtonType="PushButton" RadioGroup="" LAnchorPoint="1" LAnchorOffset="-146" TAnchorPoint="1" TAnchorOffset="-73" RAnchorPoint="1" RAnchorOffset="-26" BAnchorPoint="1" BAnchorOffset="-32" DT_VCENTER="1" DT_CENTER="1" Name="CancelButton" BGColor="ffffffff" TextColor="ffffffff" NewControlDepth="2" WindowSoundTemplate="TogglePhys03" TextId="CRB_Cancel" Text="" TooltipColor="" NormalTextColor="ffffffff" PressedTextColor="ffffffff" FlybyTextColor="ffffffff" PressedFlybyTextColor="ffffffff" DisabledTextColor="ffffffff" Tooltip="">
            <Event Name="ButtonSignal" Function="OnCancel"/>
        </Control>
        <Control Class="Button" Base="CRB_UIKitSprites:btn_square_LARGE_Green" Font="CRB_InterfaceMedium" ButtonType="PushButton" RadioGroup="" LAnchorPoint="1" LAnchorOffset="-268" TAnchorPoint="1" TAnchorOffset="-73" RAnchorPoint="1" RAnchorOffset="-148" BAnchorPoint="1" BAnchorOffset="-32" DT_VCENTER="1" DT_CENTER="1" Name="OkButton" BGColor="ffffffff" TextColor="ffffffff" NewControlDepth="2" WindowSoundTemplate="TogglePhys02" TextId="CRB_OK" Text="" TooltipColor="" NormalTextColor="ffffffff" PressedTextColor="ffffffff" FlybyTextColor="ffffffff" PressedFlybyTextColor="ffffffff" DisabledTextColor="ffffffff">
            <Event Name="ButtonSignal" Function="OnOK"/>
        </Control>
        <Control Class="Button" Base="CRB_UIKitSprites:btn_close" Font="Thick" ButtonType="PushButton" RadioGroup="" LAnchorPoint="1" LAnchorOffset="-29" TAnchorPoint="0" TAnchorOffset="5" RAnchorPoint="1" RAnchorOffset="3" BAnchorPoint="0" BAnchorOffset="39" DT_VCENTER="1" DT_CENTER="1" Name="CloseButton" BGColor="ffffffff" TextColor="ffffffff" NewControlDepth="2" WindowSoundTemplate="CloseWindowPhys" Text="" TextId="" TooltipColor="" NormalTextColor="ffffffff" PressedTextColor="ffffffff" FlybyTextColor="ffffffff" PressedFlybyTextColor="ffffffff" DisabledTextColor="ffffffff">
            <Event Name="ButtonSignal" Function="OnCancel"/>
        </Control>
        <Control Class="EditBox" LAnchorPoint="0" LAnchorOffset="167" TAnchorPoint="0" TAnchorOffset="281" RAnchorPoint="0" RAnchorOffset="212" BAnchorPoint="0" BAnchorOffset="311" RelativeToClient="1" Font="Default" Text="" BGColor="UI_WindowBGDefault" TextColor="UI_WindowTextDefault" Template="HologramControl2" TooltipType="OnCursor" Name="inputObjectiveCount" TooltipColor="" TextId="CRB_1" Border="1" DT_RIGHT="1" DT_VCENTER="1"/>
        <Control Class="Window" LAnchorPoint="0" LAnchorOffset="160" TAnchorPoint="0" TAnchorOffset="201" RAnchorPoint="0" RAnchorOffset="225" BAnchorPoint="0" BAnchorOffset="226" RelativeToClient="1" Font="CRB_Interface12_B" Text="# Lines" BGColor="UI_WindowBGDefault" TextColor="UI_WindowTextDefault" Template="Default" TooltipType="OnCursor" Name="txtLines" TooltipColor="" TextId=""/>
        <Control Class="EditBox" LAnchorPoint="0" LAnchorOffset="25" TAnchorPoint="0" TAnchorOffset="123" RAnchorPoint="0" RAnchorOffset="70" BAnchorPoint="0" BAnchorOffset="153" RelativeToClient="1" Font="Default" Text="" BGColor="UI_WindowBGDefault" TextColor="UI_WindowTextDefault" Template="HologramControl2" TooltipType="OnCursor" Name="inputArrowTimer" TooltipColor="" TextId="CRB_1" Border="1" DT_RIGHT="1" DT_VCENTER="1"/>
        <Control Class="Window" LAnchorPoint="0" LAnchorOffset="88" TAnchorPoint="0" TAnchorOffset="121" RAnchorPoint="0" RAnchorOffset="307" BAnchorPoint="0" BAnchorOffset="146" RelativeToClient="1" Font="CRB_Interface12_B" Text="Arrow Timer" BGColor="UI_WindowBGDefault" TextColor="UI_WindowTextDefault" Template="Default" TooltipType="OnCursor" Name="txtArrow" TooltipColor="" TextId=""/>
        <Control Class="Button" Base="BK3:btnHolo_Check" Font="CRB_Interface12_B" ButtonType="Check" RadioGroup="" LAnchorPoint="0" LAnchorOffset="27" TAnchorPoint="0" TAnchorOffset="79" RAnchorPoint="0" RAnchorOffset="64" BAnchorPoint="0" BAnchorOffset="111" DT_VCENTER="0" DT_CENTER="0" BGColor="UI_BtnBGDefault" TextColor="UI_BtnTextDefault" NormalTextColor="UI_BtnTextDefault" PressedTextColor="UI_BtnTextDefault" FlybyTextColor="UI_BtnTextDefault" PressedFlybyTextColor="UI_BtnTextDefault" DisabledTextColor="UI_BtnTextDefault" TooltipType="OnCursor" Name="btnshowDrag" TooltipColor="" Text="" TextId="" Template="CRB_NormalFramedThick_StandardHdrFtr" DT_RIGHT="1" DT_BOTTOM="0" DT_WORDBREAK="0" DT_SINGLELINE="0"/>
        <Control Class="Window" LAnchorPoint="0" LAnchorOffset="264" TAnchorPoint="0" TAnchorOffset="201" RAnchorPoint="0" RAnchorOffset="485" BAnchorPoint="0" BAnchorOffset="226" RelativeToClient="1" Font="CRB_Interface12_B" Text="Line Colors (range 0.0 to 1.0)" BGColor="UI_WindowBGDefault" TextColor="UI_WindowTextDefault" Template="Default" TooltipType="OnCursor" Name="LineColorText" TooltipColor="" TextId=""/>
        <Control Class="EditBox" LAnchorPoint="0" LAnchorOffset="268" TAnchorPoint="0" TAnchorOffset="280" RAnchorPoint="0" RAnchorOffset="313" BAnchorPoint="0" BAnchorOffset="310" RelativeToClient="1" Font="Default" Text="" BGColor="UI_WindowBGDefault" TextColor="UI_WindowTextDefault" Template="HologramControl2" TooltipType="OnCursor" Name="cnObjectivesRed" TooltipColor="" TextId="CRB_1" Border="1" DT_RIGHT="1" DT_VCENTER="1">
            <Event Name="EditBoxChanged" Function="onColorOptionsChanged"/>
        </Control>
        <Control Class="EditBox" LAnchorPoint="0" LAnchorOffset="348" TAnchorPoint="0" TAnchorOffset="280" RAnchorPoint="0" RAnchorOffset="393" BAnchorPoint="0" BAnchorOffset="310" RelativeToClient="1" Font="Default" Text="" BGColor="UI_WindowBGDefault" TextColor="UI_WindowTextDefault" Template="HologramControl2" TooltipType="OnCursor" Name="cnObjectivesGreen" TooltipColor="" TextId="CRB_1" Border="1" DT_RIGHT="1" DT_VCENTER="1">
            <Event Name="EditBoxChanged" Function="onColorOptionsChanged"/>
        </Control>
        <Control Class="EditBox" LAnchorPoint="0" LAnchorOffset="425" TAnchorPoint="0" TAnchorOffset="280" RAnchorPoint="0" RAnchorOffset="470" BAnchorPoint="0" BAnchorOffset="310" RelativeToClient="1" Font="Default" Text="" BGColor="UI_WindowBGDefault" TextColor="UI_WindowTextDefault" Template="HologramControl2" TooltipType="OnCursor" Name="cnObjectivesBlue" TooltipColor="" TextId="CRB_1" Border="1" DT_RIGHT="1" DT_VCENTER="1">
            <Event Name="EditBoxChanged" Function="onColorOptionsChanged"/>
        </Control>
        <Control Class="EditBox" LAnchorPoint="0" LAnchorOffset="502" TAnchorPoint="0" TAnchorOffset="280" RAnchorPoint="0" RAnchorOffset="547" BAnchorPoint="0" BAnchorOffset="310" RelativeToClient="1" Font="Default" Text="" BGColor="UI_WindowBGDefault" TextColor="UI_WindowTextDefault" Template="HologramControl2" TooltipType="OnCursor" Name="cnObjectivesAlpha" TooltipColor="" TextId="CRB_1" Border="1" DT_RIGHT="1" DT_VCENTER="1">
            <Event Name="EditBoxChanged" Function="onColorOptionsChanged"/>
        </Control>
        <Control Class="Window" LAnchorPoint="0" LAnchorOffset="33" TAnchorPoint="0" TAnchorOffset="281" RAnchorPoint="0" RAnchorOffset="129" BAnchorPoint="0" BAnchorOffset="306" RelativeToClient="1" Font="CRB_Interface12_B" Text="" BGColor="UI_WindowBGDefault" TextColor="UI_WindowTextDefault" Template="Default" TooltipType="OnCursor" Name="cnObjectivesText" TooltipColor="" TextId="QuestLog_Objectives"/>
        <Control Class="Window" LAnchorPoint="0" LAnchorOffset="33" TAnchorPoint="0" TAnchorOffset="330" RAnchorPoint="0" RAnchorOffset="141" BAnchorPoint="0" BAnchorOffset="355" RelativeToClient="1" Font="CRB_Interface12_B" Text="Quest Givers:" BGColor="UI_WindowBGDefault" TextColor="UI_WindowTextDefault" Template="Default" TooltipType="OnCursor" Name="cnGiversText" TooltipColor="" TextId=""/>
        <Control Class="Window" LAnchorPoint="0" LAnchorOffset="268" TAnchorPoint="0" TAnchorOffset="236" RAnchorPoint="0" RAnchorOffset="309" BAnchorPoint="0" BAnchorOffset="261" RelativeToClient="1" Font="CRB_Interface12_B" Text="Red" BGColor="UI_WindowBGDefault" TextColor="UI_WindowTextDefault" Template="Default" TooltipType="OnCursor" Name="cnHeaderRed" TooltipColor="" TextId=""/>
        <Control Class="Window" LAnchorPoint="0" LAnchorOffset="348" TAnchorPoint="0" TAnchorOffset="236" RAnchorPoint="0" RAnchorOffset="404" BAnchorPoint="0" BAnchorOffset="261" RelativeToClient="1" Font="CRB_Interface12_B" Text="Green" BGColor="UI_WindowBGDefault" TextColor="UI_WindowTextDefault" Template="Default" TooltipType="OnCursor" Name="cnHeaderGreen" TooltipColor="" TextId=""/>
        <Control Class="Window" LAnchorPoint="0" LAnchorOffset="425" TAnchorPoint="0" TAnchorOffset="236" RAnchorPoint="0" RAnchorOffset="472" BAnchorPoint="0" BAnchorOffset="261" RelativeToClient="1" Font="CRB_Interface12_B" Text="Blue" BGColor="UI_WindowBGDefault" TextColor="UI_WindowTextDefault" Template="Default" TooltipType="OnCursor" Name="cnHeaderBlue" TooltipColor="" TextId=""/>
        <Control Class="Window" LAnchorPoint="0" LAnchorOffset="502" TAnchorPoint="0" TAnchorOffset="236" RAnchorPoint="0" RAnchorOffset="558" BAnchorPoint="0" BAnchorOffset="261" RelativeToClient="1" Font="CRB_Interface12_B" Text="Alpha" BGColor="UI_WindowBGDefault" TextColor="UI_WindowTextDefault" Template="Default" TooltipType="OnCursor" Name="cnHeaderAlpha" TooltipColor="" TextId=""/>
        <Control Class="EditBox" LAnchorPoint="0" LAnchorOffset="268" TAnchorPoint="0" TAnchorOffset="329" RAnchorPoint="0" RAnchorOffset="313" BAnchorPoint="0" BAnchorOffset="359" RelativeToClient="1" Font="Default" Text="" BGColor="UI_WindowBGDefault" TextColor="UI_WindowTextDefault" Template="HologramControl2" TooltipType="OnCursor" Name="cnGiversRed" TooltipColor="" TextId="CRB_1" Border="1" DT_RIGHT="1" DT_VCENTER="1">
            <Event Name="EditBoxChanged" Function="onColorOptionsChanged"/>
        </Control>
        <Control Class="EditBox" LAnchorPoint="0" LAnchorOffset="348" TAnchorPoint="0" TAnchorOffset="329" RAnchorPoint="0" RAnchorOffset="393" BAnchorPoint="0" BAnchorOffset="359" RelativeToClient="1" Font="Default" Text="" BGColor="UI_WindowBGDefault" TextColor="UI_WindowTextDefault" Template="HologramControl2" TooltipType="OnCursor" Name="cnGiversGreen" TooltipColor="" TextId="CRB_1" Border="1" DT_RIGHT="1" DT_VCENTER="1">
            <Event Name="EditBoxChanged" Function="onColorOptionsChanged"/>
        </Control>
        <Control Class="EditBox" LAnchorPoint="0" LAnchorOffset="425" TAnchorPoint="0" TAnchorOffset="329" RAnchorPoint="0" RAnchorOffset="470" BAnchorPoint="0" BAnchorOffset="359" RelativeToClient="1" Font="Default" Text="" BGColor="UI_WindowBGDefault" TextColor="UI_WindowTextDefault" Template="HologramControl2" TooltipType="OnCursor" Name="cnGiversBlue" TooltipColor="" TextId="CRB_1" Border="1" DT_RIGHT="1" DT_VCENTER="1">
            <Event Name="EditBoxChanged" Function="onColorOptionsChanged"/>
        </Control>
        <Control Class="EditBox" LAnchorPoint="0" LAnchorOffset="502" TAnchorPoint="0" TAnchorOffset="329" RAnchorPoint="0" RAnchorOffset="547" BAnchorPoint="0" BAnchorOffset="359" RelativeToClient="1" Font="Default" Text="" BGColor="UI_WindowBGDefault" TextColor="UI_WindowTextDefault" Template="HologramControl2" TooltipType="OnCursor" Name="cnGiversAlpha" TooltipColor="" TextId="CRB_1" Border="1" DT_RIGHT="1" DT_VCENTER="1">
            <Event Name="EditBoxChanged" Function="onColorOptionsChanged"/>
        </Control>
        <Control Class="Window" LAnchorPoint="0" LAnchorOffset="96" TAnchorPoint="0" TAnchorOffset="79" RAnchorPoint="0" RAnchorOffset="300" BAnchorPoint="0" BAnchorOffset="104" RelativeToClient="1" Font="CRB_Interface12_B" Text="Show Drag Bar" BGColor="UI_WindowBGDefault" TextColor="UI_WindowTextDefault" Template="Default" TooltipType="OnCursor" Name="txtShowDrag" TooltipColor="" TextId=""/>
        <Control Class="Window" LAnchorPoint="0" LAnchorOffset="595" TAnchorPoint="0" TAnchorOffset="281" RAnchorPoint="0" RAnchorOffset="625" BAnchorPoint="0" BAnchorOffset="311" RelativeToClient="1" Font="Default" Text="" BGColor="white" TextColor="UI_WindowTextDefault" Template="Default" TooltipType="OnCursor" Name="ccObjectivesShow" TooltipColor="" Picture="1" IgnoreMouse="1" Border="0" Sprite="BasicSprites:WhiteCircle"/>
        <Control Class="Window" LAnchorPoint="0" LAnchorOffset="595" TAnchorPoint="0" TAnchorOffset="330" RAnchorPoint="0" RAnchorOffset="625" BAnchorPoint="0" BAnchorOffset="360" RelativeToClient="1" Font="Default" Text="" BGColor="white" TextColor="UI_WindowTextDefault" Template="Default" TooltipType="OnCursor" Name="ccGiversShow" TooltipColor="" Picture="1" IgnoreMouse="1" Border="0" Sprite="BasicSprites:WhiteCircle"/>
        <Control Class="Button" Base="BK3:btnHolo_Check" Font="CRB_Interface12_B" ButtonType="Check" RadioGroup="" LAnchorPoint="0" LAnchorOffset="321" TAnchorPoint="0" TAnchorOffset="79" RAnchorPoint="0" RAnchorOffset="358" BAnchorPoint="0" BAnchorOffset="111" DT_VCENTER="0" DT_CENTER="0" BGColor="UI_BtnBGDefault" TextColor="UI_BtnTextDefault" NormalTextColor="UI_BtnTextDefault" PressedTextColor="UI_BtnTextDefault" FlybyTextColor="UI_BtnTextDefault" PressedFlybyTextColor="UI_BtnTextDefault" DisabledTextColor="UI_BtnTextDefault" TooltipType="OnCursor" Name="btnshowAythTracker" TooltipColor="" Text="" TextId="" Template="CRB_NormalFramedThick_StandardHdrFtr" DT_RIGHT="1" DT_BOTTOM="0" DT_WORDBREAK="0" DT_SINGLELINE="0"/>
        <Control Class="Window" LAnchorPoint="0" LAnchorOffset="363" TAnchorPoint="0" TAnchorOffset="79" RAnchorPoint="0" RAnchorOffset="554" BAnchorPoint="0" BAnchorOffset="104" RelativeToClient="1" Font="CRB_Interface12_B" Text="Show Ayth QuestTracker" BGColor="UI_WindowBGDefault" TextColor="UI_WindowTextDefault" Template="Default" TooltipType="OnCursor" Name="txtShowAythTracker" TooltipColor="" TextId=""/>
        <Control Class="EditBox" LAnchorPoint="0" LAnchorOffset="167" TAnchorPoint="0" TAnchorOffset="330" RAnchorPoint="0" RAnchorOffset="212" BAnchorPoint="0" BAnchorOffset="360" RelativeToClient="1" Font="Default" Text="" BGColor="UI_WindowBGDefault" TextColor="UI_WindowTextDefault" Template="HologramControl2" TooltipType="OnCursor" Name="inputGiverCount" TooltipColor="" TextId="CRB_1" Border="1" DT_RIGHT="1" DT_VCENTER="1"/>
        <Control Class="EditBox" LAnchorPoint="0" LAnchorOffset="167" TAnchorPoint="0" TAnchorOffset="379" RAnchorPoint="0" RAnchorOffset="212" BAnchorPoint="0" BAnchorOffset="409" RelativeToClient="1" Font="Default" Text="" BGColor="UI_WindowBGDefault" TextColor="UI_WindowTextDefault" Template="HologramControl2" TooltipType="OnCursor" Name="inputPathCount" TooltipColor="" TextId="CRB_1" Border="1" DT_RIGHT="1" DT_VCENTER="1"/>
        <Control Class="EditBox" LAnchorPoint="0" LAnchorOffset="167" TAnchorPoint="0" TAnchorOffset="428" RAnchorPoint="0" RAnchorOffset="212" BAnchorPoint="0" BAnchorOffset="458" RelativeToClient="1" Font="Default" Text="" BGColor="UI_WindowBGDefault" TextColor="UI_WindowTextDefault" Template="HologramControl2" TooltipType="OnCursor" Name="inputHarvestCount" TooltipColor="" TextId="CRB_1" Border="1" DT_RIGHT="1" DT_VCENTER="1"/>
        <Control Class="EditBox" LAnchorPoint="0" LAnchorOffset="268" TAnchorPoint="0" TAnchorOffset="378" RAnchorPoint="0" RAnchorOffset="313" BAnchorPoint="0" BAnchorOffset="408" RelativeToClient="1" Font="Default" Text="" BGColor="UI_WindowBGDefault" TextColor="UI_WindowTextDefault" Template="HologramControl2" TooltipType="OnCursor" Name="cnPathRed" TooltipColor="" TextId="CRB_1" Border="1" DT_RIGHT="1" DT_VCENTER="1">
            <Event Name="EditBoxChanged" Function="onColorOptionsChanged"/>
        </Control>
        <Control Class="EditBox" LAnchorPoint="0" LAnchorOffset="268" TAnchorPoint="0" TAnchorOffset="427" RAnchorPoint="0" RAnchorOffset="313" BAnchorPoint="0" BAnchorOffset="457" RelativeToClient="1" Font="Default" Text="" BGColor="UI_WindowBGDefault" TextColor="UI_WindowTextDefault" Template="HologramControl2" TooltipType="OnCursor" Name="cnHarvestRed" TooltipColor="" TextId="CRB_1" Border="1" DT_RIGHT="1" DT_VCENTER="1">
            <Event Name="EditBoxChanged" Function="onColorOptionsChanged"/>
        </Control>
        <Control Class="EditBox" LAnchorPoint="0" LAnchorOffset="348" TAnchorPoint="0" TAnchorOffset="378" RAnchorPoint="0" RAnchorOffset="393" BAnchorPoint="0" BAnchorOffset="408" RelativeToClient="1" Font="Default" Text="" BGColor="UI_WindowBGDefault" TextColor="UI_WindowTextDefault" Template="HologramControl2" TooltipType="OnCursor" Name="cnPathGreen" TooltipColor="" TextId="CRB_1" Border="1" DT_RIGHT="1" DT_VCENTER="1">
            <Event Name="EditBoxChanged" Function="onColorOptionsChanged"/>
        </Control>
        <Control Class="EditBox" LAnchorPoint="0" LAnchorOffset="348" TAnchorPoint="0" TAnchorOffset="427" RAnchorPoint="0" RAnchorOffset="393" BAnchorPoint="0" BAnchorOffset="457" RelativeToClient="1" Font="Default" Text="" BGColor="UI_WindowBGDefault" TextColor="UI_WindowTextDefault" Template="HologramControl2" TooltipType="OnCursor" Name="cnHarvestGreen" TooltipColor="" TextId="CRB_1" Border="1" DT_RIGHT="1" DT_VCENTER="1">
            <Event Name="EditBoxChanged" Function="onColorOptionsChanged"/>
        </Control>
        <Control Class="EditBox" LAnchorPoint="0" LAnchorOffset="425" TAnchorPoint="0" TAnchorOffset="378" RAnchorPoint="0" RAnchorOffset="470" BAnchorPoint="0" BAnchorOffset="408" RelativeToClient="1" Font="Default" Text="" BGColor="UI_WindowBGDefault" TextColor="UI_WindowTextDefault" Template="HologramControl2" TooltipType="OnCursor" Name="cnPathBlue" TooltipColor="" TextId="CRB_1" Border="1" DT_RIGHT="1" DT_VCENTER="1">
            <Event Name="EditBoxChanged" Function="onColorOptionsChanged"/>
        </Control>
        <Control Class="EditBox" LAnchorPoint="0" LAnchorOffset="425" TAnchorPoint="0" TAnchorOffset="427" RAnchorPoint="0" RAnchorOffset="470" BAnchorPoint="0" BAnchorOffset="457" RelativeToClient="1" Font="Default" Text="" BGColor="UI_WindowBGDefault" TextColor="UI_WindowTextDefault" Template="HologramControl2" TooltipType="OnCursor" Name="cnHarvestBlue" TooltipColor="" TextId="CRB_1" Border="1" DT_RIGHT="1" DT_VCENTER="1">
            <Event Name="EditBoxChanged" Function="onColorOptionsChanged"/>
        </Control>
        <Control Class="EditBox" LAnchorPoint="0" LAnchorOffset="502" TAnchorPoint="0" TAnchorOffset="378" RAnchorPoint="0" RAnchorOffset="547" BAnchorPoint="0" BAnchorOffset="408" RelativeToClient="1" Font="Default" Text="" BGColor="UI_WindowBGDefault" TextColor="UI_WindowTextDefault" Template="HologramControl2" TooltipType="OnCursor" Name="cnPathAlpha" TooltipColor="" TextId="CRB_1" Border="1" DT_RIGHT="1" DT_VCENTER="1">
            <Event Name="EditBoxChanged" Function="onColorOptionsChanged"/>
        </Control>
        <Control Class="EditBox" LAnchorPoint="0" LAnchorOffset="502" TAnchorPoint="0" TAnchorOffset="427" RAnchorPoint="0" RAnchorOffset="547" BAnchorPoint="0" BAnchorOffset="457" RelativeToClient="1" Font="Default" Text="" BGColor="UI_WindowBGDefault" TextColor="UI_WindowTextDefault" Template="HologramControl2" TooltipType="OnCursor" Name="cnHarvestAlpha" TooltipColor="" TextId="CRB_1" Border="1" DT_RIGHT="1" DT_VCENTER="1">
            <Event Name="EditBoxChanged" Function="onColorOptionsChanged"/>
        </Control>
        <Control Class="Window" LAnchorPoint="0" LAnchorOffset="33" TAnchorPoint="0" TAnchorOffset="379" RAnchorPoint="0" RAnchorOffset="112" BAnchorPoint="0" BAnchorOffset="404" RelativeToClient="1" Font="CRB_Interface12_B" Text="" BGColor="UI_WindowBGDefault" TextColor="UI_WindowTextDefault" Template="Default" TooltipType="OnCursor" Name="cnPathText" TooltipColor="" TextId="CRB_Path_colon"/>
        <Control Class="Window" LAnchorPoint="0" LAnchorOffset="33" TAnchorPoint="0" TAnchorOffset="428" RAnchorPoint="0" RAnchorOffset="110" BAnchorPoint="0" BAnchorOffset="453" RelativeToClient="1" Font="CRB_Interface12_B" Text="Harvest:" BGColor="UI_WindowBGDefault" TextColor="UI_WindowTextDefault" Template="Default" TooltipType="OnCursor" Name="cnHarvestText" TooltipColor="" TextId=""/>
        <Control Class="Window" LAnchorPoint="0" LAnchorOffset="228" TAnchorPoint="0" TAnchorOffset="190" RAnchorPoint="0" RAnchorOffset="247" BAnchorPoint="0" BAnchorOffset="527" RelativeToClient="1" Font="Default" Text="" BGColor="gray" TextColor="UI_WindowTextDefault" Template="Default" TooltipType="OnCursor" Name="Window" TooltipColor="" Sprite="Crafting_CircuitSprites:sprCircuit_Line_BlueVertical" Visible="1" Picture="1" IgnoreMouse="1"/>
        <Control Class="Window" LAnchorPoint="0" LAnchorOffset="595" TAnchorPoint="0" TAnchorOffset="379" RAnchorPoint="0" RAnchorOffset="625" BAnchorPoint="0" BAnchorOffset="409" RelativeToClient="1" Font="Default" Text="" BGColor="white" TextColor="UI_WindowTextDefault" Template="Default" TooltipType="OnCursor" Name="ccPathShow" TooltipColor="" Picture="1" IgnoreMouse="1" Border="0" Sprite="BasicSprites:WhiteCircle"/>
        <Control Class="Window" LAnchorPoint="0" LAnchorOffset="595" TAnchorPoint="0" TAnchorOffset="428" RAnchorPoint="0" RAnchorOffset="625" BAnchorPoint="0" BAnchorOffset="458" RelativeToClient="1" Font="Default" Text="" BGColor="white" TextColor="UI_WindowTextDefault" Template="Default" TooltipType="OnCursor" Name="ccHarvestShow" TooltipColor="" Picture="1" IgnoreMouse="1" Border="0" Sprite="BasicSprites:WhiteCircle"/>
        <Control Class="Window" LAnchorPoint="0" LAnchorOffset="35" TAnchorPoint="0" TAnchorOffset="473" RAnchorPoint="0" RAnchorOffset="112" BAnchorPoint="0" BAnchorOffset="498" RelativeToClient="1" Font="CRB_Interface12_B" Text="Farming:" BGColor="UI_WindowBGDefault" TextColor="UI_WindowTextDefault" Template="Default" TooltipType="OnCursor" Name="cnFarmText" TooltipColor="" TextId=""/>
        <Control Class="EditBox" LAnchorPoint="0" LAnchorOffset="167" TAnchorPoint="0" TAnchorOffset="473" RAnchorPoint="0" RAnchorOffset="212" BAnchorPoint="0" BAnchorOffset="503" RelativeToClient="1" Font="Default" Text="" BGColor="UI_WindowBGDefault" TextColor="UI_WindowTextDefault" Template="HologramControl2" TooltipType="OnCursor" Name="inputFarmCount" TooltipColor="" TextId="CRB_1" Border="1" DT_RIGHT="1" DT_VCENTER="1"/>
        <Control Class="EditBox" LAnchorPoint="0" LAnchorOffset="270" TAnchorPoint="0" TAnchorOffset="473" RAnchorPoint="0" RAnchorOffset="315" BAnchorPoint="0" BAnchorOffset="503" RelativeToClient="1" Font="Default" Text="" BGColor="UI_WindowBGDefault" TextColor="UI_WindowTextDefault" Template="HologramControl2" TooltipType="OnCursor" Name="cnFarmRed" TooltipColor="" TextId="CRB_1" Border="1" DT_RIGHT="1" DT_VCENTER="1">
            <Event Name="EditBoxChanged" Function="onColorOptionsChanged"/>
        </Control>
        <Control Class="EditBox" LAnchorPoint="0" LAnchorOffset="352" TAnchorPoint="0" TAnchorOffset="473" RAnchorPoint="0" RAnchorOffset="397" BAnchorPoint="0" BAnchorOffset="503" RelativeToClient="1" Font="Default" Text="" BGColor="UI_WindowBGDefault" TextColor="UI_WindowTextDefault" Template="HologramControl2" TooltipType="OnCursor" Name="cnFarmGreen" TooltipColor="" TextId="CRB_1" Border="1" DT_RIGHT="1" DT_VCENTER="1">
            <Event Name="EditBoxChanged" Function="onColorOptionsChanged"/>
        </Control>
        <Control Class="EditBox" LAnchorPoint="0" LAnchorOffset="427" TAnchorPoint="0" TAnchorOffset="473" RAnchorPoint="0" RAnchorOffset="472" BAnchorPoint="0" BAnchorOffset="503" RelativeToClient="1" Font="Default" Text="" BGColor="UI_WindowBGDefault" TextColor="UI_WindowTextDefault" Template="HologramControl2" TooltipType="OnCursor" Name="cnFarmBlue" TooltipColor="" TextId="CRB_1" Border="1" DT_RIGHT="1" DT_VCENTER="1">
            <Event Name="EditBoxChanged" Function="onColorOptionsChanged"/>
        </Control>
        <Control Class="EditBox" LAnchorPoint="0" LAnchorOffset="504" TAnchorPoint="0" TAnchorOffset="473" RAnchorPoint="0" RAnchorOffset="549" BAnchorPoint="0" BAnchorOffset="503" RelativeToClient="1" Font="Default" Text="" BGColor="UI_WindowBGDefault" TextColor="UI_WindowTextDefault" Template="HologramControl2" TooltipType="OnCursor" Name="cnFarmAlpha" TooltipColor="" TextId="CRB_1" Border="1" DT_RIGHT="1" DT_VCENTER="1">
            <Event Name="EditBoxChanged" Function="onColorOptionsChanged"/>
        </Control>
        <Control Class="Window" LAnchorPoint="0" LAnchorOffset="597" TAnchorPoint="0" TAnchorOffset="473" RAnchorPoint="0" RAnchorOffset="627" BAnchorPoint="0" BAnchorOffset="503" RelativeToClient="1" Font="Default" Text="" BGColor="white" TextColor="UI_WindowTextDefault" Template="Default" TooltipType="OnCursor" Name="ccFarmShow" TooltipColor="" Picture="1" IgnoreMouse="1" Border="0" Sprite="BasicSprites:WhiteCircle"/>
        <Control Class="Button" Base="BK3:btnHolo_Check" Font="CRB_Interface12_B" ButtonType="Check" RadioGroup="" LAnchorPoint="0" LAnchorOffset="321" TAnchorPoint="0" TAnchorOffset="118" RAnchorPoint="0" RAnchorOffset="358" BAnchorPoint="0" BAnchorOffset="150" DT_VCENTER="0" DT_CENTER="0" BGColor="UI_BtnBGDefault" TextColor="UI_BtnTextDefault" NormalTextColor="UI_BtnTextDefault" PressedTextColor="UI_BtnTextDefault" FlybyTextColor="UI_BtnTextDefault" PressedFlybyTextColor="UI_BtnTextDefault" DisabledTextColor="UI_BtnTextDefault" TooltipType="OnCursor" Name="btnNeverArrow" TooltipColor="" Text="" TextId="" Template="CRB_NormalFramedThick_StandardHdrFtr" DT_RIGHT="1" DT_BOTTOM="0" DT_WORDBREAK="0" DT_SINGLELINE="0"/>
        <Control Class="Window" LAnchorPoint="0" LAnchorOffset="363" TAnchorPoint="0" TAnchorOffset="118" RAnchorPoint="0" RAnchorOffset="554" BAnchorPoint="0" BAnchorOffset="143" RelativeToClient="1" Font="CRB_Interface12_B" Text="Never Trigger Arrow" BGColor="UI_WindowBGDefault" TextColor="UI_WindowTextDefault" Template="Default" TooltipType="OnCursor" Name="txtNeverArrow" TooltipColor="" TextId=""/>
    </Form>
    <Form Class="WorldFixedWindow" LAnchorPoint="SELF" LAnchorOffset="-5" TAnchorPoint="SELF" TAnchorOffset="-5" RAnchorPoint="SELF" RAnchorOffset="5" BAnchorPoint="SELF" BAnchorOffset="5" RelativeToClient="1" Font="Default" Text="" BGColor="white" TextColor="black" Template="Default" TooltipType="OnCursor" Name="AythMarker" Border="0" Picture="1" SwallowMouseClicks="1" Moveable="0" Escapable="0" Overlapped="1" TooltipColor="" Sprite="BasicSprites:WhiteCircle" Tooltip="" Visible="1" DoNotBlockTooltip="1" Sizable="0" IgnoreMouse="1"/>
    <Form Class="Window" LAnchorPoint="1" LAnchorOffset="-594" TAnchorPoint="0" TAnchorOffset="295" RAnchorPoint="1" RAnchorOffset="-294" BAnchorPoint="0" BAnchorOffset="315" RelativeToClient="1" Font="CRB_Header14" Text="" BGColor="black" TextColor="white" Template="Default" TooltipType="OnCursor" Name="QuestContainer" Border="0" Picture="0" SwallowMouseClicks="1" Moveable="1" Escapable="0" Overlapped="1" TooltipColor="" Tooltip="" DoNotBlockTooltip="1" UseRadialClipping="0" NoClip="0">
        <Control Class="Window" LAnchorPoint="0" LAnchorOffset="0" TAnchorPoint="0" TAnchorOffset="20" RAnchorPoint="1" RAnchorOffset="0" BAnchorPoint="0" BAnchorOffset="60" RelativeToClient="1" Font="Default" Text="" BGColor="UI_WindowBGDefault" TextColor="UI_WindowTextDefault" Template="Default" TooltipType="OnCursor" Name="TitleContainer" TooltipColor="" IgnoreMouse="1" DoNotBlockTooltip="1" NoClip="1" TextId="" DT_CENTER="1">
            <Control Class="MLWindow" LAnchorPoint="0" LAnchorOffset="0" TAnchorPoint="0" TAnchorOffset="0" RAnchorPoint="1" RAnchorOffset="-30" BAnchorPoint="0" BAnchorOffset="40" RelativeToClient="1" Font="CRB_Interface14" Text="" BGColor="black" TextColor="white" Template="Default" TooltipType="OnCursor" Name="TitleText" TooltipColor="" DT_VCENTER="1" NoClip="0" DoNotBlockTooltip="1" IgnoreMouse="1"/>
            <Control Class="Button" Base="CRB_QuestTrackerSprites:btnQT_QuestAbandon" Font="DefaultButton" ButtonType="PushButton" RadioGroup="" LAnchorPoint="1" LAnchorOffset="-25" TAnchorPoint="0" TAnchorOffset="0" RAnchorPoint="1" RAnchorOffset="0" BAnchorPoint="0" BAnchorOffset="25" DT_VCENTER="0" DT_CENTER="0" BGColor="UI_BtnBGDefault" TextColor="UI_BtnTextDefault" NormalTextColor="ffffff" PressedTextColor="ffffff" FlybyTextColor="ffffff" PressedFlybyTextColor="ffffff" DisabledTextColor="ffffff" TooltipType="OnCursor" Name="QuestCloseBtn" TooltipColor="" Tooltip="" TooltipId="QuestTracker_StopTracking" TooltipFont="CRB_InterfaceSmall_O" RelativeToClient="1" DoNotBlockTooltip="1">
                <Event Name="ButtonSignal" Function="OnQuestCloseBtn"/>
            </Control>
        </Control>
        <Control Class="Window" LAnchorPoint="0" LAnchorOffset="0" TAnchorPoint="0" TAnchorOffset="65" RAnchorPoint="1" RAnchorOffset="0" BAnchorPoint="0" BAnchorOffset="85" RelativeToClient="1" Font="Default" Text="" BGColor="UI_WindowBGDefault" TextColor="UI_WindowTextDefault" Template="Default" TooltipType="OnCursor" Name="ObjectiveContainer" TooltipColor="" IgnoreMouse="1" DoNotBlockTooltip="1" NoClip="1"/>
        <Control Class="Window" LAnchorPoint="0" LAnchorOffset="1" TAnchorPoint="0" TAnchorOffset="1" RAnchorPoint="1" RAnchorOffset="1" BAnchorPoint="0" BAnchorOffset="20" RelativeToClient="1" Font="CRB_Interface12_B" Text="/ayth  (drag me)" BGColor="UI_WindowBGDefault" TextColor="UI_WindowTextDefault" Template="Default" TooltipType="OnCursor" Name="MoveSpacer" TooltipColor="" Moveable="0" IgnoreMouse="1" DoNotBlockTooltip="1" DT_VCENTER="0" DT_CENTER="1" TextId="" NoClip="1"/>
    </Form>
    <Form Class="MLWindow" LAnchorPoint="0" LAnchorOffset="0" TAnchorPoint="0" TAnchorOffset="0" RAnchorPoint="1" RAnchorOffset="0" BAnchorPoint="0" BAnchorOffset="30" RelativeToClient="1" Font="CRB_Interface14" Text="" BGColor="black" TextColor="white" Template="Default" TooltipType="OnCursor" Name="Objective" TooltipColor="" DT_WORDBREAK="1" Tooltip="" Overlapped="1" UseRadialClipping="0" NoClip="1" DoNotBlockTooltip="1">
        <Control Class="Button" Base="" Font="DefaultButton" ButtonType="PushButton" RadioGroup="" LAnchorPoint="0" LAnchorOffset="0" TAnchorPoint="0" TAnchorOffset="0" RAnchorPoint="1" RAnchorOffset="0" BAnchorPoint="1" BAnchorOffset="0" DT_VCENTER="0" DT_CENTER="0" BGColor="UI_BtnBGDefault" TextColor="UI_BtnTextDefault" NormalTextColor="UI_BtnTextDefault" PressedTextColor="UI_BtnTextDefault" FlybyTextColor="UI_BtnTextDefault" PressedFlybyTextColor="UI_BtnTextDefault" DisabledTextColor="UI_BtnTextDefault" TooltipType="OnCursor" Name="BtnObjective" TooltipColor="" RelativeToClient="1" ProcessRightClick="1">
            <Event Name="ButtonDown" Function="onObjectiveBtn"/>
        </Control>
    </Form>
    <Form Class="ActionBarButton" Base="" Font="DefaultButton" ButtonType="PushButton" RadioGroup="" LAnchorPoint="0" LAnchorOffset="-30" TAnchorPoint="0" TAnchorOffset="5" RAnchorPoint="0" RAnchorOffset="-5" BAnchorPoint="0" BAnchorOffset="30" DT_VCENTER="0" DT_CENTER="0" BGColor="UI_BtnBGDefault" TextColor="UI_BtnTextDefault" NormalTextColor="UI_BtnTextDefault" PressedTextColor="UI_BtnTextDefault" FlybyTextColor="UI_BtnTextDefault" PressedFlybyTextColor="UI_BtnTextDefault" DisabledTextColor="UI_BtnTextDefault" TooltipType="OnCursor" Name="SpellItemObjectiveBtn" Border="0" Picture="1" SwallowMouseClicks="1" Moveable="0" Escapable="0" Overlapped="1" TooltipColor="" Tooltip="" RelativeToClient="1" ContentType="TSQBar" ContentId="0" NoClip="1"/>
    <Form Class="WorldFixedWindow" LAnchorPoint="SELF" LAnchorOffset="-20" TAnchorPoint="SELF" TAnchorOffset="-15" RAnchorPoint="SELF" RAnchorOffset="20" BAnchorPoint="SELF" BAnchorOffset="15" RelativeToClient="1" Font="CRB_InterfaceLarge_BB" Text="10000" BGColor="black" TextColor="white" Template="Default" TooltipType="OnCursor" Name="AythDist" Border="0" Picture="0" SwallowMouseClicks="1" Moveable="0" Escapable="0" Overlapped="1" TooltipColor="" Sprite="" Tooltip="" Visible="1" NoClip="0" DoNotBlockTooltip="1" IgnoreMouse="1" TextId="" DT_CENTER="1"/>
</Forms>
