<?xml version="1.0" encoding="UTF-8" standalone="yes" ?>
<Forms>
    <Form Class="Window" LAnchorPoint="0" LAnchorOffset="212" TAnchorPoint="0" TAnchorOffset="122" RAnchorPoint="0" RAnchorOffset="584" BAnchorPoint="0" BAnchorOffset="522" RelativeToClient="1" Font="Default" Text="" Template="CRB_TooltipSimple" Name="SpaceStashInventoryForm" Border="1" Picture="0" SwallowMouseClicks="1" Moveable="1" Escapable="1" Overlapped="1" BGColor="ffffffff" TextColor="ffffffff" TextId="" NoClip="0" TabStop="0" CloseOnExternalClick="0" DT_CENTER="1" TooltipColor="" UseTemplateBG="1" TestAlpha="0" NotRelative="0" UseParentOpacity="1" AutoFade="0" AutoFadeBG="0" VScrollLeftSide="0" IgnoreMouse="1" MaintainAspectRatio="0" NewWindowDepth="0" Tooltip="" TooltipId="" HideInEditor="0" DoNotBlockTooltip="0" DT_VCENTER="1">
        <Control Class="Window" LAnchorPoint="0" LAnchorOffset="-6" TAnchorPoint="0" TAnchorOffset="-6" RAnchorPoint="1" RAnchorOffset="6" BAnchorPoint="1" BAnchorOffset="6" RelativeToClient="1" Font="Default" Text="" BGColor="UI_WindowBGDefault" TextColor="UI_WindowTextDefault" Template="Default" TooltipType="OnCursor" Name="ContentFrame" TooltipColor="" IgnoreMouse="1" NotRelative="0" NoClip="1" DoNotBlockTooltip="0" UseRadialClipping="0" Moveable="0" Border="0" Tooltip="">
            <Control Class="Window" LAnchorPoint="0" LAnchorOffset="-169" TAnchorPoint="0" TAnchorOffset="0" RAnchorPoint="0" RAnchorOffset="-10" BAnchorPoint="0" BAnchorOffset="188" RelativeToClient="0" Font="Default" Text="" BGColor="black" TextColor="UI_WindowTextDefault" Template="Holo_Inset_Callout" TooltipType="OnCursor" Name="PlayerMenuFrame" TooltipColor="" IgnoreMouse="1" NoClip="1" Border="1" UseTemplateBG="1" Escapable="1" Visible="0" CloseOnExternalClick="0" NewWindowDepth="1" Overlapped="1" UseRadialClipping="0" Sprite="" Picture="0" SwallowMouseClicks="1">
                <Control Class="Window" LAnchorPoint="0" LAnchorOffset="0" TAnchorPoint="0" TAnchorOffset="0" RAnchorPoint="1" RAnchorOffset="0" BAnchorPoint="1" BAnchorOffset="0" RelativeToClient="1" Font="Default" Text="" BGColor="UI_WindowBGDefault" TextColor="UI_WindowTextDefault" Template="Default" TooltipType="OnCursor" Name="Content" TooltipColor="">
                    <Control Class="Window" LAnchorPoint="0" LAnchorOffset="0" TAnchorPoint="0" TAnchorOffset="0" RAnchorPoint="1" RAnchorOffset="0" BAnchorPoint="0" BAnchorOffset="119" RelativeToClient="1" Font="Default" Text="" BGColor="UI_WindowBGDefault" TextColor="UI_WindowTextDefault" Template="Holo_ScrollList" TooltipType="OnCursor" Name="PlayerGroup" TooltipColor="" IgnoreMouse="1" NoClip="1" Picture="0" UseTemplateBG="1" Border="1">
                        <Control Class="Window" LAnchorPoint="0" LAnchorOffset="0" TAnchorPoint="0" TAnchorOffset="0" RAnchorPoint="1" RAnchorOffset="0" BAnchorPoint="0" BAnchorOffset="20" RelativeToClient="1" Font="CRB_Button" Text="___PMCHARS___" BGColor="UI_WindowBGDefault" TextColor="UI_WindowTextDefault" Template="Default" TooltipType="OnCursor" Name="Title" TooltipColor="" TextId="" DT_CENTER="1" DT_VCENTER="1"/>
                        <Control Class="Window" LAnchorPoint="0" LAnchorOffset="10" TAnchorPoint="0" TAnchorOffset="22" RAnchorPoint="1" RAnchorOffset="-10" BAnchorPoint="1" BAnchorOffset="-4" RelativeToClient="1" Font="Default" Text="___EMPTYPLACEHODER___" BGColor="UI_WindowBGDefault" TextColor="UI_WindowTextDefault" Template="HologramControl2" TooltipType="OnCursor" Name="Window" TooltipColor="" TextId="" DT_WORDBREAK="1" DT_RIGHT="0" DT_CENTER="1" DT_VCENTER="1" Border="1" IgnoreMouse="1" UseTemplateBG="1"/>
                    </Control>
                    <Control Class="Button" Base="CRB_QuestTrackerSprites:btnQT_ScrollScroller" Font="DefaultButton" ButtonType="PushButton" RadioGroup="" LAnchorPoint="0" LAnchorOffset="0" TAnchorPoint="1" TAnchorOffset="-22" RAnchorPoint="1" RAnchorOffset="0" BAnchorPoint="1" BAnchorOffset="0" DT_VCENTER="1" DT_CENTER="1" BGColor="UI_BtnBGDefault" TextColor="UI_BtnTextDefault" NormalTextColor="UI_BtnTextDefault" PressedTextColor="UI_BtnTextDefault" FlybyTextColor="UI_BtnTextDefault" PressedFlybyTextColor="UI_BtnTextDefault" DisabledTextColor="UI_BtnTextDefault" TooltipType="OnCursor" Name="OptionsButton" TooltipColor="" Text="___SSOPTIONS___" TextId="">
                        <Event Name="ButtonSignal" Function="OnOptions"/>
                        <Event Name="ButtonSignal" Function="OnPlayerButtonUncheck"/>
                    </Control>
                    <Control Class="Button" Base="CRB_QuestTrackerSprites:btnQT_ScrollScroller" Font="DefaultButton" ButtonType="PushButton" RadioGroup="" LAnchorPoint="0" LAnchorOffset="0" TAnchorPoint="1" TAnchorOffset="-46" RAnchorPoint="1" RAnchorOffset="0" BAnchorPoint="1" BAnchorOffset="-24" DT_VCENTER="1" DT_CENTER="1" BGColor="UI_BtnBGDefault" TextColor="UI_BtnTextDefault" NormalTextColor="UI_BtnTextDefault" PressedTextColor="UI_BtnTextDefault" FlybyTextColor="UI_BtnTextDefault" PressedFlybyTextColor="UI_BtnTextDefault" DisabledTextColor="UI_BtnTextDefault" TooltipType="OnCursor" Name="MyBankButton" TooltipColor="" Text="___SSIMYBANK___" TextId="">
                        <Event Name="ButtonSignal" Function="OnShowBank"/>
                        <Event Name="ButtonSignal" Function="OnPlayerButtonUncheck"/>
                    </Control>
                </Control>
                <Event Name="WindowClosed" Function="OnPlayerButtonUncheck"/>
            </Control>
            <Control Class="Window" LAnchorPoint="0" LAnchorOffset="0" TAnchorPoint="0" TAnchorOffset="0" RAnchorPoint="1" RAnchorOffset="0" BAnchorPoint="0" BAnchorOffset="74" RelativeToClient="1" Font="Default" Text="" BGColor="UI_WindowBGDefault" TextColor="UI_WindowTextDefault" Template="Default" TooltipType="OnCursor" Name="TopFrame" TooltipColor="" UseParentOpacity="0" IgnoreMouse="1" NoClip="0" Overlapped="1" Tooltip="">
                <Control Class="Window" LAnchorPoint="0" LAnchorOffset="0" TAnchorPoint="0" TAnchorOffset="0" RAnchorPoint="1" RAnchorOffset="0" BAnchorPoint="0" BAnchorOffset="38" RelativeToClient="1" Font="Default" Text="" BGColor="UI_WindowBGDefault" TextColor="UI_WindowTextDefault" Template="Default" TooltipType="OnCursor" Name="MenuFrame" TooltipColor="" IgnoreMouse="1" Overlapped="1">
                    <Control Class="Button" Base="CRB_Basekit:kitBtn_Dropdown_IconBase" Font="DefaultButton" ButtonType="Check" RadioGroup="" LAnchorPoint="0" LAnchorOffset="0" TAnchorPoint="0" TAnchorOffset="0" RAnchorPoint="0" RAnchorOffset="31" BAnchorPoint="0" BAnchorOffset="38" DT_VCENTER="1" DT_CENTER="1" BGColor="UI_BtnBGDefault" TextColor="UI_BtnTextDefault" NormalTextColor="UI_BtnTextDefault" PressedTextColor="UI_BtnTextDefault" FlybyTextColor="UI_BtnTextDefault" PressedFlybyTextColor="UI_BtnTextDefault" DisabledTextColor="UI_BtnTextDefault" TooltipType="OnCursor" Name="PlayerButton" TooltipColor="" Overlapped="0" AutoScaleText="0" NeverBringToFront="0" MaintainAspectRatio="0" ScaleOnShowHide="0" Picture="0" Moveable="0" Sizable="0" NoClip="1" NotRelative="0" GlobalRadioGroup="" Tooltip="" UseParentOpacity="0" RelativeToClient="1" Text="">
                        <Event Name="ButtonCheck" Function="OnPlayerButtonCheck"/>
                        <Pixie LAnchorPoint="0" LAnchorOffset="4" TAnchorPoint="0" TAnchorOffset="3" RAnchorPoint="1" RAnchorOffset="0" BAnchorPoint="1" BAnchorOffset="0" Sprite="HUD_BottomBar:spr_HUD_MenuIcons_GroupFinder" BGColor="white" TextColor="black" Rotation="0" Font="CRB_Interface10_B"/>
                        <Event Name="ButtonUncheck" Function="OnPlayerButtonUncheck"/>
                    </Control>
                    <Control Class="Button" Base="CRB_Basekit:kitBtn_Holo_IconBase" Font="DefaultButton" ButtonType="Check" RadioGroup="SSITab" LAnchorPoint="0" LAnchorOffset="31" TAnchorPoint="0" TAnchorOffset="0" RAnchorPoint="0" RAnchorOffset="62" BAnchorPoint="0" BAnchorOffset="32" DT_VCENTER="1" DT_CENTER="1" BGColor="UI_BtnBGDefault" TextColor="UI_BtnTextDefault" NormalTextColor="UI_BtnTextDefault" PressedTextColor="UI_BtnTextDefault" FlybyTextColor="UI_BtnTextDefault" PressedFlybyTextColor="UI_BtnTextDefault" DisabledTextColor="UI_BtnTextDefault" TooltipType="OnCursor" Name="ShowBagsTabButton" TooltipColor="" Template="Default" GlobalRadioGroup="" NoClip="1" Tooltip="" TooltipId="" Border="0" Overlapped="0" UseParentOpacity="0" RelativeToClient="1" Text="">
                        <Event Name="ButtonCheck" Function="OnShowBagsTab"/>
                        <Event Name="ButtonUncheck" Function="OnTabUnshow"/>
                        <Pixie LAnchorPoint="0" LAnchorOffset="-5" TAnchorPoint="0" TAnchorOffset="-5" RAnchorPoint="1" RAnchorOffset="0" BAnchorPoint="1" BAnchorOffset="0" Sprite="CRB_MegamapSprites:sprMap_IconCompletion_Datacube" BGColor="white" TextColor="black" Rotation="0" Font="CRB_Interface10_B"/>
                    </Control>
                    <Control Class="Button" Base="CRB_Basekit:kitBtn_Holo_IconBase" Font="DefaultButton" ButtonType="Check" RadioGroup="SSITab" LAnchorPoint="0" LAnchorOffset="62" TAnchorPoint="0" TAnchorOffset="0" RAnchorPoint="0" RAnchorOffset="94" BAnchorPoint="0" BAnchorOffset="32" DT_VCENTER="1" DT_CENTER="1" BGColor="UI_BtnBGDefault" TextColor="UI_BtnTextDefault" NormalTextColor="UI_BtnTextDefault" PressedTextColor="UI_BtnTextDefault" FlybyTextColor="UI_BtnTextDefault" PressedFlybyTextColor="UI_BtnTextDefault" DisabledTextColor="UI_BtnTextDefault" TooltipType="OnCursor" Name="ShowVirtualItemsTabButton" NoClip="1" Tooltip="Show quests items." TooltipId="" RelativeToClient="1" Visible="0" TooltipColor="" GlobalRadioGroup="">
                        <Event Name="ButtonCheck" Function="OnShowVirtualItemsTab"/>
                        <Event Name="ButtonUncheck" Function="OnTabUnshow"/>
                        <Pixie LAnchorPoint="0" LAnchorOffset="-5" TAnchorPoint="0" TAnchorOffset="-4" RAnchorPoint="1" RAnchorOffset="0" BAnchorPoint="1" BAnchorOffset="0" Sprite="CRB_MegamapSprites:sprMap_IconCompletion_Soldier" BGColor="white" TextColor="black" Rotation="0" Font="CRB_Interface10_B" DT_VCENTER="0" DT_BOTTOM="0" Width="0" DT_SINGLELINE="0" DT_CENTER="0" Text=""/>
                    </Control>
                    <Control Class="Button" Base="CRB_Basekit:kitBtn_Holo_IconBase" Font="DefaultButton" ButtonType="Check" RadioGroup="SSITab" LAnchorPoint="0" LAnchorOffset="93" TAnchorPoint="0" TAnchorOffset="0" RAnchorPoint="0" RAnchorOffset="124" BAnchorPoint="0" BAnchorOffset="32" DT_VCENTER="1" DT_CENTER="1" BGColor="UI_BtnBGDefault" TextColor="UI_BtnTextDefault" NormalTextColor="UI_BtnTextDefault" PressedTextColor="UI_BtnTextDefault" FlybyTextColor="UI_BtnTextDefault" PressedFlybyTextColor="UI_BtnTextDefault" DisabledTextColor="UI_BtnTextDefault" TooltipType="OnCursor" Name="ShowTradeskillsBagTabButton" TooltipColor="" NoClip="1" Tooltip="Show the tradeskilsl inventory." TooltipId="" Overlapped="0" UseParentOpacity="0" RelativeToClient="1" Visible="0" GlobalRadioGroup="">
                        <Event Name="ButtonCheck" Function="OnShowTradeskillsBagTab"/>
                        <Event Name="ButtonUncheck" Function="OnTabUnshow"/>
                        <Pixie LAnchorPoint="0" LAnchorOffset="-5" TAnchorPoint="0" TAnchorOffset="-4" RAnchorPoint="1" RAnchorOffset="-4" BAnchorPoint="1" BAnchorOffset="4" Sprite="CRB_MegamapSprites:sprMap_IconCompletion_Scientist" BGColor="white" TextColor="black" Rotation="0" Font="CRB_Interface10_B"/>
                    </Control>
                    <Control Class="Button" Base="BK3:btnHolo_Clear" Font="Thick" ButtonType="PushButton" RadioGroup="" LAnchorPoint="1" LAnchorOffset="-24" TAnchorPoint="0" TAnchorOffset="0" RAnchorPoint="1" RAnchorOffset="0" BAnchorPoint="0" BAnchorOffset="22" DT_VCENTER="0" DT_CENTER="0" Name="CloseButton" BGColor="ffffffff" TextColor="ffffffff" NewControlDepth="2" WindowSoundTemplate="CloseWindowPhys" Text="" TextId="" TooltipColor="" NormalTextColor="ffffffff" PressedTextColor="ffffffff" FlybyTextColor="ffffffff" PressedFlybyTextColor="ffffffff" DisabledTextColor="ffffffff" RelativeToClient="1" Tooltip="" AutoFade="0" NotRelative="0" UseParentOpacity="0" LeftEdgeControlsAnchor="" RightEdgeControlsAnchor="" TopEdgeControlsAnchor="" BottomEdgeControlsAnchor="" Overlapped="0" Border="0" HScroll="0" VScroll="0" NoClip="1">
                        <Event Name="ButtonSignal" Function="OnClose"/>
                    </Control>
                    <Control Class="Window" LAnchorPoint="0" LAnchorOffset="66" TAnchorPoint="0" TAnchorOffset="0" RAnchorPoint="1" RAnchorOffset="-24" BAnchorPoint="0" BAnchorOffset="32" RelativeToClient="1" Font="CRB_Header14" Text="___INVENTORYSTASH___" BGColor="UI_WindowBGDefault" TextColor="UI_WindowTextDefault" Template="Default" TooltipType="OnCursor" Name="Window" TooltipColor="" TextId="" DT_VCENTER="1"/>
                </Control>
                <Control Class="Window" LAnchorPoint="0" LAnchorOffset="2" TAnchorPoint="0" TAnchorOffset="38" RAnchorPoint="1" RAnchorOffset="0" BAnchorPoint="0" BAnchorOffset="76" RelativeToClient="1" Font="Default" Text="" BGColor="UI_WindowBGDefault" TextColor="UI_WindowTextDefault" Template="Default" TooltipType="OnCursor" Name="BagsTabFrame" TooltipColor="" IgnoreMouse="1" NoClip="0" Overlapped="1" UseParentOpacity="0" HideInEditor="0" Visible="0">
                    <Control Class="Window" LAnchorPoint="0" LAnchorOffset="0" TAnchorPoint="0" TAnchorOffset="0" RAnchorPoint="0" RAnchorOffset="36" BAnchorPoint="0" BAnchorOffset="36" RelativeToClient="1" Font="Default" Text="" BGColor="UI_WindowBGDefault" TextColor="UI_WindowTextDefault" Template="Default" TooltipType="OnCursor" Name="ItemWidget1" TooltipColor="">
                        <Control Class="Window" LAnchorPoint="0" LAnchorOffset="0" TAnchorPoint="0" TAnchorOffset="0" RAnchorPoint="1" RAnchorOffset="-1" BAnchorPoint="1" BAnchorOffset="-1" RelativeToClient="1" Font="Default" Text="" BGColor="UI_WindowBGDefault" TextColor="UI_WindowTextDefault" Template="Default" TooltipType="OnCursor" Name="BagArtWindow1" TooltipColor="" Visible="1" IgnoreMouse="1" Overlapped="0" Sprite="BK3:UI_BK3_Holo_InsetSimple" Picture="1">
                            <Control Class="ItemSlotWindow" LAnchorPoint="0" LAnchorOffset="2" TAnchorPoint="0" TAnchorOffset="2" RAnchorPoint="1" RAnchorOffset="-2" BAnchorPoint="1" BAnchorOffset="-2" RelativeToClient="1" Font="Default" BGColor="ffffffff" TextColor="ffffffff" WhenEmpty="" EquipmentSlot="17" IgnoreTooltipDelay="1" TooltipType="OnCursor" Name="Bag" TooltipColor="" IgnoreMouse="0" Sprite="" Picture="0">
                                <Event Name="GenerateTooltip" Function="OnGenerateBagTooltip"/>
                            </Control>
                            <Control Class="Window" LAnchorPoint="0.5" LAnchorOffset="0" TAnchorPoint="0.5" TAnchorOffset="0" RAnchorPoint="1" RAnchorOffset="-5" BAnchorPoint="1" BAnchorOffset="-2" RelativeToClient="1" Font="CRB_InterfaceMedium_BBO" Text="" BGColor="UI_WindowBGDefault" TextColor="white" Template="Default" TooltipType="OnCursor" Name="Capacity" TooltipColor="" TextId="" DT_BOTTOM="1" DT_RIGHT="1" IgnoreMouse="1" AutoScaleText="1" DoNotBlockTooltip="1" Overlapped="0" NoClip="0" BlockOutIfDisabled="0" NewWindowDepth="1"/>
                        </Control>
                    </Control>
                    <Control Class="Window" LAnchorPoint="0" LAnchorOffset="0" TAnchorPoint="0" TAnchorOffset="0" RAnchorPoint="0" RAnchorOffset="36" BAnchorPoint="0" BAnchorOffset="36" RelativeToClient="1" Font="Default" Text="" BGColor="UI_WindowBGDefault" TextColor="UI_WindowTextDefault" Template="Default" TooltipType="OnCursor" Name="ItemWidget2" TooltipColor="">
                        <Control Class="Window" LAnchorPoint="0" LAnchorOffset="0" TAnchorPoint="0" TAnchorOffset="0" RAnchorPoint="1" RAnchorOffset="-1" BAnchorPoint="1" BAnchorOffset="-1" RelativeToClient="1" Font="Default" Text="" BGColor="UI_WindowBGDefault" TextColor="UI_WindowTextDefault" Template="Default" TooltipType="OnCursor" Name="BagArtWindow2" TooltipColor="" Visible="1" IgnoreMouse="1" Overlapped="1" Tooltip="" Picture="1" Sprite="BK3:UI_BK3_Holo_InsetSimple">
                            <Control Class="ItemSlotWindow" LAnchorPoint="0" LAnchorOffset="2" TAnchorPoint="0" TAnchorOffset="2" RAnchorPoint="1" RAnchorOffset="-2" BAnchorPoint="1" BAnchorOffset="-2" RelativeToClient="1" Font="Default" BGColor="ffffffff" TextColor="ffffffff" WhenEmpty="" EquipmentSlot="18" IgnoreTooltipDelay="1" TooltipType="OnCursor" Name="Bag" TooltipColor="" Picture="0" Text="">
                                <Event Name="GenerateTooltip" Function="OnGenerateBagTooltip"/>
                            </Control>
                            <Control Class="Window" LAnchorPoint="0.5" LAnchorOffset="0" TAnchorPoint="0.5" TAnchorOffset="0" RAnchorPoint="1" RAnchorOffset="-5" BAnchorPoint="1" BAnchorOffset="-2" RelativeToClient="1" Font="CRB_InterfaceMedium_BBO" Text="" BGColor="UI_WindowBGDefault" TextColor="white" Template="Default" TooltipType="OnCursor" Name="Capacity" TooltipColor="" TextId="" DT_BOTTOM="1" DT_RIGHT="1" IgnoreMouse="1" AutoScaleText="1" DoNotBlockTooltip="1" Overlapped="1" NoClip="1" NewWindowDepth="1"/>
                        </Control>
                    </Control>
                    <Control Class="Window" LAnchorPoint="0" LAnchorOffset="0" TAnchorPoint="0" TAnchorOffset="0" RAnchorPoint="0" RAnchorOffset="36" BAnchorPoint="0" BAnchorOffset="36" RelativeToClient="1" Font="Default" Text="" BGColor="UI_WindowBGDefault" TextColor="UI_WindowTextDefault" Template="Default" TooltipType="OnCursor" Name="ItemWidget3" TooltipColor="">
                        <Control Class="Window" LAnchorPoint="0" LAnchorOffset="0" TAnchorPoint="0" TAnchorOffset="0" RAnchorPoint="1" RAnchorOffset="-1" BAnchorPoint="1" BAnchorOffset="-1" RelativeToClient="1" Font="Default" Text="" BGColor="UI_WindowBGDefault" TextColor="UI_WindowTextDefault" Template="Default" TooltipType="OnCursor" Name="BagArtWindow3" TooltipColor="" Visible="1" IgnoreMouse="1" Overlapped="0" Sprite="BK3:UI_BK3_Holo_InsetSimple" Picture="1">
                            <Control Class="ItemSlotWindow" LAnchorPoint="0" LAnchorOffset="2" TAnchorPoint="0" TAnchorOffset="2" RAnchorPoint="1" RAnchorOffset="-2" BAnchorPoint="1" BAnchorOffset="-2" RelativeToClient="1" Font="Default" BGColor="ffffffff" TextColor="ffffffff" WhenEmpty="" EquipmentSlot="19" IgnoreTooltipDelay="1" TooltipType="OnCursor" Name="Bag" TooltipColor="" Text="">
                                <Event Name="GenerateTooltip" Function="OnGenerateBagTooltip"/>
                            </Control>
                            <Control Class="Window" LAnchorPoint="0.5" LAnchorOffset="0" TAnchorPoint="0.5" TAnchorOffset="0" RAnchorPoint="1" RAnchorOffset="-5" BAnchorPoint="1" BAnchorOffset="-2" RelativeToClient="1" Font="CRB_InterfaceMedium_BBO" Text="" BGColor="UI_WindowBGDefault" TextColor="white" Template="Default" TooltipType="OnCursor" Name="Capacity" TooltipColor="" TextId="" DT_BOTTOM="1" DT_RIGHT="1" IgnoreMouse="1" AutoScaleText="1" DoNotBlockTooltip="1" NeverBringToFront="0" Overlapped="1" NoClip="1" NewWindowDepth="1"/>
                        </Control>
                    </Control>
                    <Control Class="Window" LAnchorPoint="0" LAnchorOffset="0" TAnchorPoint="0" TAnchorOffset="0" RAnchorPoint="0" RAnchorOffset="36" BAnchorPoint="0" BAnchorOffset="36" RelativeToClient="1" Font="Default" Text="" BGColor="UI_WindowBGDefault" TextColor="UI_WindowTextDefault" Template="Default" TooltipType="OnCursor" Name="ItemWidget4" TooltipColor="">
                        <Control Class="Window" LAnchorPoint="0" LAnchorOffset="0" TAnchorPoint="0" TAnchorOffset="0" RAnchorPoint="1" RAnchorOffset="-1" BAnchorPoint="1" BAnchorOffset="-1" RelativeToClient="1" Font="Default" Text="" BGColor="UI_WindowBGDefault" TextColor="UI_WindowTextDefault" Template="Default" TooltipType="OnCursor" Name="BagArtWindow4" TooltipColor="" Visible="1" IgnoreMouse="1" Overlapped="0" Sprite="BK3:UI_BK3_Holo_InsetSimple" Picture="1">
                            <Control Class="ItemSlotWindow" LAnchorPoint="0" LAnchorOffset="2" TAnchorPoint="0" TAnchorOffset="2" RAnchorPoint="1" RAnchorOffset="-2" BAnchorPoint="1" BAnchorOffset="-2" RelativeToClient="1" Font="Default" BGColor="ffffffff" TextColor="ffffffff" WhenEmpty="" EquipmentSlot="20" IgnoreTooltipDelay="1" TooltipType="OnCursor" Name="Bag" TooltipColor="" Text="">
                                <Event Name="GenerateTooltip" Function="OnGenerateBagTooltip"/>
                            </Control>
                            <Control Class="Window" LAnchorPoint="0.5" LAnchorOffset="0" TAnchorPoint="0.5" TAnchorOffset="0" RAnchorPoint="1" RAnchorOffset="-5" BAnchorPoint="1" BAnchorOffset="-2" RelativeToClient="1" Font="CRB_InterfaceMedium_BBO" Text="" BGColor="UI_WindowBGDefault" TextColor="white" Template="Default" TooltipType="OnCursor" Name="Capacity" TooltipColor="" TextId="" DT_BOTTOM="1" DT_RIGHT="1" IgnoreMouse="1" AutoScaleText="1" DoNotBlockTooltip="1" Overlapped="1" NoClip="1" NewWindowDepth="1"/>
                        </Control>
                    </Control>
                </Control>
                <Control Class="Window" LAnchorPoint="0" LAnchorOffset="0" TAnchorPoint="0" TAnchorOffset="38" RAnchorPoint="1" RAnchorOffset="0" BAnchorPoint="0" BAnchorOffset="76" RelativeToClient="1" Font="Default" Text="" BGColor="UI_WindowBGDefault" TextColor="UI_WindowTextDefault" Template="Default" TooltipType="OnCursor" Name="VirtualItemsTabFrame" TooltipColor="" Visible="0" Tooltip="" IgnoreMouse="1"/>
                <Control Class="Window" LAnchorPoint="0" LAnchorOffset="0" TAnchorPoint="0" TAnchorOffset="38" RAnchorPoint="1" RAnchorOffset="0" BAnchorPoint="0" BAnchorOffset="76" RelativeToClient="1" Font="Default" Text="" BGColor="UI_WindowBGDefault" TextColor="UI_WindowTextDefault" Template="Default" TooltipType="OnCursor" Name="TradeskillsBagTabFrame" TooltipColor="" Visible="0" IgnoreMouse="1" UseTemplateBG="0" Picture="0" Border="0" AutoFadeBG="0" AutoFadeNC="0" Sprite="BK3:UI_BK3_Holo_InsetSimple"/>
            </Control>
            <Control Class="Window" LAnchorPoint="0" LAnchorOffset="0" TAnchorPoint="0" TAnchorOffset="74" RAnchorPoint="1" RAnchorOffset="0" BAnchorPoint="1" BAnchorOffset="-50" RelativeToClient="1" Font="Default" Text="" Template="" Name="InventoryFrame" BGColor="ffffffff" TextColor="ffffffff" VScroll="0" UseTemplateBG="0" Border="0" NewControlDepth="2" TextId="" TooltipColor="" AutoFade="0" IgnoreMouse="0" Sprite="CRB_Basekit:kitBtn_List_HoloDisabled" Overlapped="0" Picture="0" Moveable="0" ScaleOnShowHide="0" MaintainAspectRatio="0" TransitionShowHide="0" NewWindowDepth="0" BlockOutIfDisabled="0" UseRadialClipping="0" VScrollLeftSide="0" TestAlpha="0" AutoScaleText="0" Escapable="0" HScroll="0" Sizable="0" CloseOnExternalClick="0" TabStop="0" Tooltip="" NoClip="1">
                <Control Class="BagWindow" LAnchorPoint="0.00000" LAnchorOffset="0" TAnchorPoint="0.00000" TAnchorOffset="0" RAnchorPoint="1.00000" RAnchorOffset="0" BAnchorPoint="1.00000" BAnchorOffset="0" RelativeToClient="1" Sprite="" SquareSize="36" BoxesPerRow="10" Template="" TooltipType="OnCursor" Border="0" NoClip="1" SwallowMouseClicks="1" UseTemplateBG="0" VScroll="0" IgnoreTooltipDelay="1" CannotUseSprite="ClientSprites:Icon_Windows_UI_CRB_Tooltip_Restricted" NewQuestOverlaySprite="ClientSprites:sprItem_NewQuest" Name="BagWindow" BGColor="ffffffff" TextColor="ffffffff" TooltipColor="" Tooltip="" UseParentOpacity="1" Overlapped="0" Text="">
                    <Event Name="DragDropNothingCursor" Function="OnDragDropNothingCursor"/>
                    <Event Name="DragDropCancel" Function="OnBagDragDropCancel"/>
                    <Event Name="GenerateTooltip" Function="OnGenerateTooltip"/>
                </Control>
            </Control>
            <Control Class="Window" LAnchorPoint="0" LAnchorOffset="-15" TAnchorPoint="0" TAnchorOffset="-104" RAnchorPoint="0" RAnchorOffset="149" BAnchorPoint="0" BAnchorOffset="-15" RelativeToClient="1" Font="Default" Text="" Template="Default" Name="SplitStackContainer" BGColor="white" TextColor="white" Picture="1" IgnoreMouse="0" NoClip="1" Sprite="" Visible="0" TooltipColor="" Tooltip="" Moveable="1" Overlapped="1" Escapable="1" HideInEditor="0" CloseOnExternalClick="1" NewWindowDepth="1">
                <Control Class="Window" LAnchorPoint="0" LAnchorOffset="0" TAnchorPoint="0" TAnchorOffset="0" RAnchorPoint="1" RAnchorOffset="0" BAnchorPoint="1" BAnchorOffset="0" RelativeToClient="1" Font="Default" Text="" Template="Default" Name="BGSplitStack" BGColor="white" TextColor="white" Sprite="" Picture="1" IgnoreMouse="1" TooltipColor="" Tooltip="">
                    <Control Class="Window" LAnchorPoint="0" LAnchorOffset="-20" TAnchorPoint="0" TAnchorOffset="-20" RAnchorPoint="1" RAnchorOffset="20" BAnchorPoint="1" BAnchorOffset="20" RelativeToClient="1" Font="Default" Text="" Template="Default" Name="HoloBG" BGColor="white" TextColor="white" Picture="1" IgnoreMouse="1" Sprite="BK3:UI_BK3_Holo_Framing_3" Visible="1" HideInEditor="0" TooltipColor="" NoClip="1">
                        <Pixie LAnchorPoint="0" LAnchorOffset="40" TAnchorPoint="0" TAnchorOffset="59" RAnchorPoint="0" RAnchorOffset="108" BAnchorPoint="0" BAnchorOffset="91" Sprite="BK3:UI_BK3_Holo_Snippet" BGColor="white" TextColor="black" Rotation="0" Font="Default"/>
                    </Control>
                </Control>
                <Control Class="Window" LAnchorPoint="0" LAnchorOffset="0" TAnchorPoint="0" TAnchorOffset="0" RAnchorPoint="1" RAnchorOffset="0" BAnchorPoint="1" BAnchorOffset="0" RelativeToClient="1" Font="Default" Text="" Template="Default" Name="BGSplitStackFrame" BGColor="white" TextColor="white" Sprite="" Picture="1" IgnoreMouse="1" NewControlDepth="3" TooltipColor="" HideInEditor="0">
                    <Control Class="Button" Base="CRB_Basekit:kitBtn_Holo_Close2" Font="Thick" ButtonType="PushButton" RadioGroup="" LAnchorPoint="1" LAnchorOffset="-29" TAnchorPoint="0" TAnchorOffset="15" RAnchorPoint="1" RAnchorOffset="-12" BAnchorPoint="0" BAnchorOffset="31" DT_VCENTER="1" DT_CENTER="1" Name="SplitStackCloseBtn" BGColor="white" TextColor="white" NormalTextColor="white" PressedTextColor="white" FlybyTextColor="white" PressedFlybyTextColor="white" DisabledTextColor="white" TooltipColor="">
                        <Event Name="ButtonSignal" Function="OnSplitStackCloseClick"/>
                    </Control>
                    <Control Class="Window" LAnchorPoint="0" LAnchorOffset="20" TAnchorPoint="0" TAnchorOffset="14" RAnchorPoint="1" RAnchorOffset="-20" BAnchorPoint="0" BAnchorOffset="34" RelativeToClient="1" Font="CRB_InterfaceSmall" Text="" Template="Default" Name="SplitStackLabel" BGColor="white" TextColor="UI_WindowTitleYellow" TextId="Inventory_SplitStack" DT_CENTER="1" TooltipColor=""/>
                    <Control Class="Spinner" LAnchorPoint="0" LAnchorOffset="25" TAnchorPoint="1" TAnchorOffset="-46" RAnchorPoint="0" RAnchorOffset="82" BAnchorPoint="1" BAnchorOffset="-21" RelativeToClient="1" Font="CRB_HeaderTiny" Text="" Template="Holo_InputBox" TooltipType="OnCursor" Name="SplitValue" BGColor="white" TextColor="UI_TextHoloBodyHighlight" TooltipColor="" UseTemplateBG="0" Border="0" TextId="" DT_VCENTER="1" Min="1" Max="1"/>
                    <Control Class="Button" Base="BK3:btnHolo_Blue_Small" Font="CRB_Button" ButtonType="PushButton" RadioGroup="" LAnchorPoint="0" LAnchorOffset="85" TAnchorPoint="1" TAnchorOffset="-61" RAnchorPoint="1" RAnchorOffset="-13" BAnchorPoint="1" BAnchorOffset="-8" DT_VCENTER="1" DT_CENTER="1" TooltipType="OnCursor" Name="SplitBtn" BGColor="white" TextColor="white" TooltipColor="" NormalTextColor="UI_BtnTextHoloNormal" PressedTextColor="UI_BtnTextHoloPressed" FlybyTextColor="UI_BtnTextHoloFlyby" PressedFlybyTextColor="UI_BtnTextHoloPressedFlyby" DisabledTextColor="UI_BtnTextHoloDisabled" Template="Default" Text="" TextId="Inventory_SplitBtn" AutoScaleText="0" TestAlpha="1">
                        <Event Name="ButtonSignal" Function="OnSplitStackConfirm"/>
                    </Control>
                </Control>
            </Control>
            <Control Class="Window" LAnchorPoint="0" LAnchorOffset="0" TAnchorPoint="1" TAnchorOffset="-42" RAnchorPoint="1" RAnchorOffset="0" BAnchorPoint="1" BAnchorOffset="0" RelativeToClient="1" Font="Default" Text="" BGColor="UI_WindowBGDefault" TextColor="UI_WindowTextDefault" Template="Default" TooltipType="OnCursor" Name="BottomFrame" TooltipColor="">
                <Control Class="Window" LAnchorPoint="1" LAnchorOffset="-192" TAnchorPoint="1" TAnchorOffset="-42" RAnchorPoint="1" RAnchorOffset="-2" BAnchorPoint="1" BAnchorOffset="0" RelativeToClient="1" Font="Default" Text="" BGColor="UI_WindowBGDefault" TextColor="UI_WindowTextDefault" Template="Holo_Inset_Callout" TooltipType="OnCursor" Name="CurrenciesFrame" TooltipColor="" Picture="0" Sprite="" IgnoreMouse="0" Border="1" Overlapped="1" Escapable="0">
                    <Control Class="CashWindow" LAnchorPoint="0" LAnchorOffset="0" TAnchorPoint="0" TAnchorOffset="-5" RAnchorPoint="1" RAnchorOffset="0" BAnchorPoint="0.5" BAnchorOffset="0" TooltipType="OnCursor" RelativeToClient="1" Font="CRB_InterfaceSmall" Text="" Template="Default" BGColor="ffffffff" TextColor="ffffffff" DT_RIGHT="1" Name="CashWindow" TooltipColor="" DT_VCENTER="0" DT_CENTER="0" DT_SINGLELINE="0" DT_WORDBREAK="0" SkipZeroes="1" NoClip="1" Overlapped="1" IgnoreMouse="1" DoNotBlockTooltip="1"/>
                    <Control Class="CashWindow" LAnchorPoint="0" LAnchorOffset="0" TAnchorPoint="0.5" TAnchorOffset="0" RAnchorPoint="1" RAnchorOffset="0" BAnchorPoint="1" BAnchorOffset="4" TooltipType="OnCursor" RelativeToClient="1" Font="CRB_InterfaceSmall" Text="" Template="" BGColor="ffffffff" TextColor="ffffffff" DT_RIGHT="1" Name="CurrencyWindow" TooltipColor="" NoClip="1" AllowEditing="0" SkipZeroes="0" DT_BOTTOM="0" DT_WORDBREAK="0" DT_CENTER="0" Overlapped="1" CloseOnExternalClick="0" UseRadialClipping="0" DoNotBlockTooltip="1" TransitionShowHide="0" IgnoreMouse="1"/>
                    <Event Name="MouseButtonDown" Function="OnCurrenciesRightClick"/>
                    <Control Class="Window" LAnchorPoint="0" LAnchorOffset="190" TAnchorPoint="0.5" TAnchorOffset="-48" RAnchorPoint="0" RAnchorOffset="372" BAnchorPoint="0" BAnchorOffset="73" RelativeToClient="1" Font="CRB_Pixel" Text="" BGColor="UI_WindowBGDefault" TextColor="UI_WindowTextDefault" Template="Holo_Inset_Callout" TooltipType="OnCursor" Name="SSICurenciesMicroMenu" TooltipColor="" IgnoreMouse="1" NoClip="1" CloseOnExternalClick="1" Overlapped="0" Border="1" UseTemplateBG="1" Escapable="1" NotRelative="0" Visible="0">
                        <Control Class="Button" Base="BK3:btnHolo_Radio_Small" Font="CRB_Pixel" ButtonType="Check" RadioGroup="" LAnchorPoint="0" LAnchorOffset="8" TAnchorPoint="0" TAnchorOffset="10" RAnchorPoint="1" RAnchorOffset="-8" BAnchorPoint="0" BAnchorOffset="32" DT_VCENTER="1" DT_CENTER="0" BGColor="UI_BtnBGDefault" TextColor="UI_BtnTextDefault" NormalTextColor="UI_BtnTextDefault" PressedTextColor="UI_BtnTextDefault" FlybyTextColor="UI_BtnTextDefault" PressedFlybyTextColor="UI_BtnTextDefault" DisabledTextColor="UI_BtnTextDefault" TooltipType="OnCursor" Name="SSIElderGemsButton" TooltipColor="" DrawAsCheckbox="1" Text="___SSIGR1OPT1___" TextId="" GlobalRadioGroup="CurrenciesRG">
                            <Event Name="ButtonCheck" Function="OnCurrencySelectionChange"/>
                        </Control>
                        <Control Class="Button" Base="BK3:btnHolo_Radio_Small" Font="CRB_Pixel" ButtonType="Check" RadioGroup="" LAnchorPoint="0" LAnchorOffset="8" TAnchorPoint="0" TAnchorOffset="32" RAnchorPoint="1" RAnchorOffset="-8" BAnchorPoint="0" BAnchorOffset="54" DT_VCENTER="1" DT_CENTER="0" BGColor="UI_BtnBGDefault" TextColor="UI_BtnTextDefault" NormalTextColor="UI_BtnTextDefault" PressedTextColor="UI_BtnTextDefault" FlybyTextColor="UI_BtnTextDefault" PressedFlybyTextColor="UI_BtnTextDefault" DisabledTextColor="UI_BtnTextDefault" TooltipType="OnCursor" Name="SSIPrestigeButton" TooltipColor="" DrawAsCheckbox="1" Text="___SSIGR1OPT2___" TextId="" GlobalRadioGroup="CurrenciesRG">
                            <Event Name="ButtonCheck" Function="OnCurrencySelectionChange"/>
                        </Control>
                        <Control Class="Button" Base="BK3:btnHolo_Radio_Small" Font="CRB_Pixel" ButtonType="Check" RadioGroup="" LAnchorPoint="0" LAnchorOffset="8" TAnchorPoint="0" TAnchorOffset="54" RAnchorPoint="1" RAnchorOffset="-8" BAnchorPoint="0" BAnchorOffset="76" DT_VCENTER="1" DT_CENTER="0" BGColor="UI_BtnBGDefault" TextColor="UI_BtnTextDefault" NormalTextColor="UI_BtnTextDefault" PressedTextColor="UI_BtnTextDefault" FlybyTextColor="UI_BtnTextDefault" PressedFlybyTextColor="UI_BtnTextDefault" DisabledTextColor="UI_BtnTextDefault" TooltipType="OnCursor" Name="SSIRenownButton" TooltipColor="" DrawAsCheckbox="1" Text="___SSIGR1OPT3___" TextId="" GlobalRadioGroup="CurrenciesRG">
                            <Event Name="ButtonCheck" Function="OnCurrencySelectionChange"/>
                        </Control>
                        <Control Class="Button" Base="BK3:btnHolo_Radio_Small" Font="CRB_Pixel" ButtonType="Check" RadioGroup="" LAnchorPoint="0" LAnchorOffset="8" TAnchorPoint="0" TAnchorOffset="76" RAnchorPoint="1" RAnchorOffset="-8" BAnchorPoint="0" BAnchorOffset="98" DT_VCENTER="1" DT_CENTER="0" BGColor="UI_BtnBGDefault" TextColor="UI_BtnTextDefault" NormalTextColor="UI_BtnTextDefault" PressedTextColor="UI_BtnTextDefault" FlybyTextColor="UI_BtnTextDefault" PressedFlybyTextColor="UI_BtnTextDefault" DisabledTextColor="UI_BtnTextDefault" TooltipType="OnCursor" Name="SSICraftingVouchersButton" TooltipColor="" DrawAsCheckbox="1" Text="___SSIGR1OPT4___" TextId="" GlobalRadioGroup="CurrenciesRG">
                            <Event Name="ButtonCheck" Function="OnCurrencySelectionChange"/>
                        </Control>
                        <Event Name="WindowClosed" Function="OnCloseCurrenciesMicroMenu"/>
                    </Control>
                </Control>
                <Control Class="Button" Base="CRB_Basekit:kitBtn_Holo_IconBase" Font="DefaultButton" ButtonType="PushButton" RadioGroup="" LAnchorPoint="0" LAnchorOffset="0" TAnchorPoint="1" TAnchorOffset="-32" RAnchorPoint="0" RAnchorOffset="32" BAnchorPoint="1" BAnchorOffset="0" DT_VCENTER="1" DT_CENTER="1" BGColor="UI_BtnBGDefault" TextColor="UI_BtnTextDefault" NormalTextColor="UI_BtnTextDefault" PressedTextColor="UI_BtnTextDefault" FlybyTextColor="UI_BtnTextDefault" PressedFlybyTextColor="UI_BtnTextDefault" DisabledTextColor="UI_BtnTextDefault" TooltipType="OnCursor" Name="SpaceStashInventorySalvageButton" TooltipColor="" Tooltip="" TooltipId="" IgnoreTooltipDelay="0" NoClip="1">
                    <Event Name="ButtonSignal" Function="OnSalvageButton"/>
                    <Pixie LAnchorPoint="0" LAnchorOffset="3" TAnchorPoint="0" TAnchorOffset="3" RAnchorPoint="1" RAnchorOffset="-4" BAnchorPoint="1" BAnchorOffset="-4" Sprite="IconSprites:Icon_Windows_UI_CRB_Tooltip_Salvage" BGColor="white" TextColor="black" Rotation="0" Font="CRB_Interface10_B"/>
                </Control>
                <Control Class="Button" Base="CRB_Basekit:kitBtn_Holo_IconBase" Font="DefaultButton" ButtonType="PushButton" RadioGroup="" LAnchorPoint="0" LAnchorOffset="34" TAnchorPoint="1" TAnchorOffset="-32" RAnchorPoint="0" RAnchorOffset="66" BAnchorPoint="1" BAnchorOffset="0" DT_VCENTER="1" DT_CENTER="1" BGColor="UI_BtnBGDefault" TextColor="UI_BtnTextDefault" NormalTextColor="UI_BtnTextDefault" PressedTextColor="UI_BtnTextDefault" FlybyTextColor="UI_BtnTextDefault" PressedFlybyTextColor="UI_BtnTextDefault" DisabledTextColor="UI_BtnTextDefault" TooltipType="OnCursor" Name="TradeskillsBagButton" TooltipColor="" NoClip="1" Tooltip="" TooltipId="" Overlapped="0" UseParentOpacity="0" RelativeToClient="1" RadioAlwaysSignal="1">
                    <Event Name="ButtonSignal" Function="OnTradskillStashButton"/>
                    <Pixie LAnchorPoint="0" LAnchorOffset="-5" TAnchorPoint="0" TAnchorOffset="-4" RAnchorPoint="1" RAnchorOffset="-4" BAnchorPoint="1" BAnchorOffset="4" Sprite="CRB_MegamapSprites:sprMap_IconCompletion_Scientist" BGColor="white" TextColor="black" Rotation="0" Font="CRB_Interface10_B"/>
                </Control>
            </Control>
        </Control>
        <Event Name="WindowClosed" Function="OnClose"/>
    </Form>
    <Form Class="Window" LAnchorPoint=".5" LAnchorOffset="-162" TAnchorPoint=".5" TAnchorOffset="-224" RAnchorPoint=".5" RAnchorOffset="161" BAnchorPoint=".5" BAnchorOffset="-31" RelativeToClient="1" Font="CRB_InterfaceMedium" Text="" Template="Default" Name="InventoryDeleteNotice" Border="0" Picture="1" SwallowMouseClicks="1" Moveable="1" Escapable="1" Overlapped="1" BGColor="white" TextColor="white" NoClip="0" Visible="0" Sprite="" TooltipColor="" Tooltip="">
        <Control Class="Window" LAnchorPoint="0" LAnchorOffset="0" TAnchorPoint="0" TAnchorOffset="0" RAnchorPoint="1" RAnchorOffset="0" BAnchorPoint="1" BAnchorOffset="0" RelativeToClient="1" Font="Default" Text="" Template="Default" TooltipType="OnCursor" Name="InventoryNoticeFrame" BGColor="white" TextColor="white" TooltipColor="" Sprite="BK3:sprHolo_Alert_Confirm" Picture="1" IgnoreMouse="1"/>
        <Control Class="Window" LAnchorPoint="0" LAnchorOffset="13" TAnchorPoint="0" TAnchorOffset="5" RAnchorPoint="1" RAnchorOffset="-13" BAnchorPoint="1" BAnchorOffset="-6" RelativeToClient="1" Font="CRB_InterfaceLarge" Text="" Template="CRB_Hologram" Name="Hologram" BGColor="white" TextColor="UI_TextHoloBodyHighlight" Border="0" UseTemplateBG="0" Sprite="" Picture="1" DT_CENTER="1" DT_VCENTER="0" DT_WORDBREAK="1" DT_SINGLELINE="0" DT_BOTTOM="0" DT_RIGHT="0" IgnoreMouse="1" TooltipColor="">
            <Control Class="ActionConfirmButton" Base="BK3:btnHolo_Blue_Med" Font="CRB_Button" ButtonType="PushButton" RadioGroup="" LAnchorPoint="0.5" LAnchorOffset="-112" TAnchorPoint="1" TAnchorOffset="-83" RAnchorPoint="0.5" RAnchorOffset="0" BAnchorPoint="1" BAnchorOffset="-11" DT_VCENTER="1" DT_CENTER="1" Name="DeleteBtn" BGColor="white" TextColor="UI_BtnTextHoloNormal" NormalTextColor="UI_BtnTextHoloNormal" PressedTextColor="UI_BtnTextHoloPressed" FlybyTextColor="UI_BtnTextHoloFlyby" PressedFlybyTextColor="UI_BtnTextHoloPressedFlyby" WindowSoundTemplate="PushbuttonDigi02" TextId="CRB_Delete" DisabledTextColor="UI_BtnTextHoloDisabled" TooltipColor="" Tooltip="">
                <Event Name="DeleteItemRequested" Function="OnDeleteConfirm"/>
            </Control>
            <Control Class="Button" Base="BK3:btnHolo_Red_Med" Font="CRB_Button" ButtonType="PushButton" RadioGroup="" LAnchorPoint="0.5" LAnchorOffset="0" TAnchorPoint="1" TAnchorOffset="-83" RAnchorPoint="0.5" RAnchorOffset="112" BAnchorPoint="1" BAnchorOffset="-10" DT_VCENTER="1" DT_CENTER="1" Name="CancelBtn" BGColor="white" TextColor="UI_BtnTextHoloNormal" NormalTextColor="UI_BtnTextRedNormal" PressedTextColor="UI_BtnTextRedPressed" FlybyTextColor="UI_BtnTextRedFlyby" PressedFlybyTextColor="UI_BtnTextRedPressedFlyby" WindowSoundTemplate="PushbuttonDigi03" TextId="CRB_Cancel" DisabledTextColor="UI_BtnTextRedDisabled" TooltipColor="">
                <Event Name="ButtonSignal" Function="OnDeleteCancel"/>
            </Control>
            <Control Class="Window" LAnchorPoint="0" LAnchorOffset="50" TAnchorPoint="0" TAnchorOffset="25" RAnchorPoint="1" RAnchorOffset="-50" BAnchorPoint="0" BAnchorOffset="99" RelativeToClient="1" Font="CRB_InterfaceMedium" Template="Holo_TextCallout" Name="NoticeText" BGColor="white" TextColor="UI_TextHoloTitle" DT_CENTER="1" DT_VCENTER="1" DT_WORDBREAK="1" TextId="CRB_Are_you_sure_you_want_to_delete_this" TooltipColor="" Border="1" IgnoreMouse="1" UseTemplateBG="1"/>
        </Control>
        <Control Class="Button" Base="BK3:btnHolo_Close" Font="CRB_InterfaceMedium" ButtonType="PushButton" RadioGroup="" LAnchorPoint="1" LAnchorOffset="-62" TAnchorPoint="0" TAnchorOffset="19" RAnchorPoint="1" RAnchorOffset="-20" BAnchorPoint="0" BAnchorOffset="63" DT_VCENTER="1" DT_CENTER="1" Name="CloseBtn" BGColor="white" TextColor="white" NoClip="1" NewControlDepth="3" WindowSoundTemplate="CloseWindowPhys" NormalTextColor="white" PressedTextColor="white" FlybyTextColor="white" PressedFlybyTextColor="white" DisabledTextColor="white" TooltipColor="">
            <Event Name="ButtonSignal" Function="OnDeleteCancel"/>
        </Control>
        <Event Name="WindowClosed" Function="OnDeleteCancel"/>
    </Form>
</Forms>
