<?xml version="1.0" encoding="UTF-8" standalone="yes" ?>
<Forms>
    <Form Class="Window" LAnchorPoint="0" LAnchorOffset="752" TAnchorPoint="0" TAnchorOffset="709" RAnchorPoint="0" RAnchorOffset="1072" BAnchorPoint="0" BAnchorOffset="964" RelativeToClient="1" Font="Default" Text="" Template="CRB_Normal" Name="GalaxyMeterForm" Border="0" Picture="0" SwallowMouseClicks="1" Moveable="1" Escapable="0" Overlapped="1" BGColor="ffffffff" TextColor="ffffffff" TextId="" TooltipColor="" Tooltip="" Sizable="1" DT_WORDBREAK="0" HideInEditor="0">
        <Control Class="Window" LAnchorPoint="0" LAnchorOffset="7" TAnchorPoint="0" TAnchorOffset="5" RAnchorPoint="1" RAnchorOffset="-4" BAnchorPoint="1" BAnchorOffset="0" RelativeToClient="1" Font="Default" Text="" Template="Default" TooltipType="OnCursor" Name="FrameBackground" BGColor="ffffffff" TextColor="ffffffff" TooltipColor="" Picture="1" IgnoreMouse="1" Sprite="CRB_Basekit:kitBase_HoloBlue_InsetBorder_Thin" NoClip="0" HideInEditor="0" Border="0"/>
        <Control Class="Button" Base="CRB_QuestTrackerSprites:btnQT_TrackerMinimize" Font="CRB_Interface10" ButtonType="PushButton" RadioGroup="" LAnchorPoint="0" LAnchorOffset="128" TAnchorPoint="0" TAnchorOffset="5" RAnchorPoint="0" RAnchorOffset="196" BAnchorPoint="0" BAnchorOffset="31" DT_VCENTER="1" DT_CENTER="1" TooltipType="OnCursor" Name="EncounterButton" BGColor="ffffffff" TextColor="ffffffff" TooltipColor="" NormalTextColor="ffc1ffff" PressedTextColor="ffffa579" FlybyTextColor="ffffffff" PressedFlybyTextColor="ffffffff" DisabledTextColor="ffffffff" Text="" TextId="" DT_RIGHT="0" DT_SINGLELINE="0" DT_BOTTOM="0" WindowSoundTemplate="SlideUpDigi" RightEdgeControlsAnchor="" Template="Default">
            <Event Name="ButtonSignal" Function="OnEncounterDropDown"/>
        </Control>
        <Control Class="Window" LAnchorPoint="0" LAnchorOffset="10" TAnchorPoint="0" TAnchorOffset="34" RAnchorPoint="1" RAnchorOffset="-8" BAnchorPoint="1" BAnchorOffset="-23" RelativeToClient="1" Font="Default" Text="" Template="CRB_HologramFramedThin" Name="ItemList" BGColor="ffffffff" TextColor="ffffffff" VScroll="0" UseTemplateBG="0" Border="0" NewControlDepth="2" TextId="" TooltipColor="" Tooltip="" HideInEditor="0" HScroll="0" IgnoreMouse="1" TestAlpha="0" Overlapped="0" UseTransitionSprite="0" Visible="1" Sprite="" IgnoreTooltipDelay="1" AutoHideScroll="1"/>
        <Control Class="Window" LAnchorPoint="0" LAnchorOffset="38" TAnchorPoint="0" TAnchorOffset="8" RAnchorPoint="0" RAnchorOffset="86" BAnchorPoint="0" BAnchorOffset="29" RelativeToClient="1" Font="CRB_Interface9" Template="Default" Name="Time_Text" BGColor="ffffffff" TextColor="ffc0c0c0" DT_VCENTER="1" DT_CENTER="0" NewControlDepth="2" TextId="" Text="0.0s" TooltipColor="" Visible="1" DT_RIGHT="0" HideInEditor="0" TooltipFont="&lt;Default Font&gt;" TooltipType="DynamicFloater" Tooltip="" TooltipId=""/>
        <Control Class="Button" Base="CRB_DatachronSprites:btnDC_Queue" Font="Thick" ButtonType="PushButton" RadioGroup="" LAnchorPoint="1" LAnchorOffset="-77" TAnchorPoint="0" TAnchorOffset="9" RAnchorPoint="1" RAnchorOffset="-57" BAnchorPoint="0" BAnchorOffset="28" DT_VCENTER="1" DT_CENTER="1" TooltipType="OnCursor" Name="ReportButton" BGColor="ffffffff" TextColor="ffffffff" TooltipColor="" NormalTextColor="ffffffff" PressedTextColor="ffffffff" FlybyTextColor="ffffffff" PressedFlybyTextColor="ffffffff" DisabledTextColor="ffffffff" Text="" Visible="1" WindowSoundTemplate="PushbuttonDigi01" Tooltip="Report" TooltipId="" TopEdgeControlsAnchor="" RelativeToClient="1">
            <Event Name="ButtonSignal" Function="OnReport"/>
        </Control>
        <Control Class="Button" Base="CRB_Basekit:kitBtn_Holo_Close" Font="Thick" ButtonType="PushButton" RadioGroup="" LAnchorPoint="0" LAnchorOffset="12" TAnchorPoint="0" TAnchorOffset="10" RAnchorPoint="0" RAnchorOffset="38" BAnchorPoint="0" BAnchorOffset="36" DT_VCENTER="0" DT_CENTER="0" Name="CloseButton" BGColor="ffffffff" TextColor="ffffffff" NewControlDepth="2" WindowSoundTemplate="CloseWindowPhys" Text="" TextId="" TooltipColor="" NormalTextColor="ffffffff" PressedTextColor="ffffffff" FlybyTextColor="ffffffff" PressedFlybyTextColor="ffffffff" DisabledTextColor="ffffffff" Template="CRB_NormalFramedThick_StandardHdrFtr" Visible="1" Sprite="" RelativeToClient="1" Picture="1">
            <Event Name="ButtonSignal" Function="OnCancel"/>
        </Control>
        <Control Class="Button" Base="CRB_MinimapSprites:btnMM_ToggleMapGhost" Font="Thick" ButtonType="PushButton" RadioGroup="" LAnchorPoint="1" LAnchorOffset="-56" TAnchorPoint="0" TAnchorOffset="8" RAnchorPoint="1" RAnchorOffset="-35" BAnchorPoint="0" BAnchorOffset="29" DT_VCENTER="0" DT_CENTER="0" Name="ClearButton" BGColor="ffffffff" TextColor="ffffffff" NewControlDepth="2" WindowSoundTemplate="ToggleDigi01" Text="" TextId="" TooltipColor="" NormalTextColor="ffffffff" PressedTextColor="ffffffff" FlybyTextColor="ffffffff" PressedFlybyTextColor="ffffffff" DisabledTextColor="ffffffff" Template="CRB_NormalFramedThick_StandardHdrFtr" Visible="1" Sprite="" DrawAsCheckbox="0" CheckboxRight="0" DrawHotkey="0" DrawClientSprite="0" IfHoldNoSignal="0" RadioDisallowNonSelection="0" UseWindowTextColor="0" ProcessRightClick="0" RadioAlwaysSignal="0" VScroll="0" HScroll="0" RelativeToClient="1" NoClip="0" Overlapped="0" TestAlpha="0" VScrollLeftSide="0" UseRadialClipping="0" UseTransitionSprite="0" Tooltip="Clear Reports (NYI)" TooltipId="" NotRelative="0">
            <Event Name="ButtonSignal" Function="OnClearAll"/>
        </Control>
        <Control Class="Window" LAnchorPoint="0" LAnchorOffset="71" TAnchorPoint="0" TAnchorOffset="26" RAnchorPoint="0" RAnchorOffset="252" BAnchorPoint="0" BAnchorOffset="227" RelativeToClient="0" Font="Default" Text="" Template="" TooltipType="OnCursor" Name="EncounterList" Border="0" Picture="1" SwallowMouseClicks="1" Moveable="0" Escapable="1" Overlapped="1" BGColor="ffffffff" TextColor="ffffffff" TooltipColor="" VScroll="0" HideInEditor="1" IgnoreMouse="0">
            <Control Class="Window" LAnchorPoint="0" LAnchorOffset="-2" TAnchorPoint="0" TAnchorOffset="-2" RAnchorPoint="1" RAnchorOffset="3" BAnchorPoint="1" BAnchorOffset="-2" RelativeToClient="1" Font="Default" Text="" Template="" TooltipType="OnCursor" Name="Background" BGColor="ffffffff" TextColor="ffffffff" TooltipColor="" Picture="1" IgnoreMouse="1" Sprite="CRB_Basekit:kitBase_HoloTeal_Border" VScroll="0"/>
            <Control Class="Window" LAnchorPoint="0" LAnchorOffset="11" TAnchorPoint="0" TAnchorOffset="8" RAnchorPoint="1" RAnchorOffset="-10" BAnchorPoint="0" BAnchorOffset="190" RelativeToClient="1" Font="Default" Text="" Template="CRB_Scroll_HoloSmall" TooltipType="OnCursor" Name="ItemList" BGColor="ffffffff" TextColor="ffffffff" TooltipColor="" VScroll="1" IgnoreMouse="1"/>
        </Control>
        <Control Class="Window" LAnchorPoint="0" LAnchorOffset="12" TAnchorPoint="1" TAnchorOffset="-26" RAnchorPoint="0" RAnchorOffset="171" BAnchorPoint="1" BAnchorOffset="-5" RelativeToClient="1" Font="CRB_Interface9" Text="Menu" Template="Default" TooltipType="OnCursor" Name="Display_Text" BGColor="ffffffff" TextColor="xkcdIvory" TooltipColor="" DT_VCENTER="1" TextId=""/>
        <Control Class="Window" LAnchorPoint="0" LAnchorOffset="149" TAnchorPoint="1" TAnchorOffset="-26" RAnchorPoint="0" RAnchorOffset="304" BAnchorPoint="1" BAnchorOffset="-5" RelativeToClient="1" Font="CRB_Interface9" Text="" Template="Default" TooltipType="OnCursor" Name="EncounterText" BGColor="ffffffff" TextColor="xkcdIvory" TooltipColor="" TextId="GuildDesigner_RevertEmblemBtn" DT_RIGHT="1" DT_VCENTER="1"/>
    </Form>
    <Form Class="Window" LAnchorPoint="0" LAnchorOffset="0" TAnchorPoint="0" TAnchorOffset="0" RAnchorPoint="1" RAnchorOffset="0" BAnchorPoint="0" BAnchorOffset="18" RelativeToClient="1" Font="Thin" Text="" Template="Default" Name="ListItem" Border="0" Picture="0" SwallowMouseClicks="1" Moveable="0" Escapable="0" Overlapped="1" BGColor="ffffffff" TextColor="ffffffff" TextId="" HScroll="0" UseTemplateBG="1" TooltipColor="" Tooltip="" DT_CENTER="0" Sizable="0" AutoHideScroll="0" VScroll="0" Sprite="CRB_ActionBarFrameSprites:sprActionBarFrame_VehicleIconBG" TooltipType="OnCursor" IgnoreTooltipDelay="0" TooltipFont="CRB_Interface9">
        <Control Class="Window" LAnchorPoint="0" LAnchorOffset="4" TAnchorPoint="0" TAnchorOffset="-1" RAnchorPoint="1" RAnchorOffset="-100" BAnchorPoint="1" BAnchorOffset="0" RelativeToClient="1" Font="CRB_Interface9" Template="Default" Name="LeftText" BGColor="ffffffff" TextColor="ffffffff" DT_VCENTER="0" TextId="" Text="" TooltipColor="" DT_BOTTOM="1" DT_WORDBREAK="0" DT_SINGLELINE="0" DT_RIGHT="0" DT_CENTER="0" Tooltip=""/>
        <Control Class="Window" LAnchorPoint="1" LAnchorOffset="-300" TAnchorPoint="0" TAnchorOffset="-1" RAnchorPoint="1" RAnchorOffset="-4" BAnchorPoint="1" BAnchorOffset="0" RelativeToClient="1" Font="CRB_Interface9" Template="Default" Name="RightText" BGColor="ffffffff" TextColor="ffffffff" DT_VCENTER="0" TextId="" Text="" TooltipColor="" DT_RIGHT="1" DT_BOTTOM="1" Tooltip=""/>
        <Control Class="ProgressBar" Text="" LAnchorPoint="0" LAnchorOffset="0" TAnchorPoint="0" TAnchorOffset="1" RAnchorPoint="1" RAnchorOffset="0" BAnchorPoint="1" BAnchorOffset="2" AutoSetText="0" UseValues="0" RelativeToClient="1" SetTextToProgress="1" DT_CENTER="1" DT_VCENTER="1" ProgressEmpty="ClientSprites:HoverHealthEmpty" ProgressFull="ClientSprites:HoverHealthFull" TooltipType="OnCursor" Name="PercentBar" BGColor="ffffffff" TextColor="ffffffff" TooltipColor="" BarColor="ffffffff" Picture="0" DrawTicks="0" UsePercent="0" VerticallyAligned="0" BRtoLT="0" UseTextRect="0" PolygonalClipping="0" RadialBar="0" Clockwise="0" DrawTextOnFlyby="0" EdgeGlow="0" DT_RIGHT="0" ProgressFill="" Tooltip="" IgnoreMax="0" IgnoreMouse="1"/>
        <Event Name="MouseEnter" Function="OnListItemMouseEnter"/>
        <Event Name="MouseButtonUp" Function="OnListItemButtonUp"/>
        <Event Name="MouseButtonDown" Function="OnListItemButtonDown"/>
        <Control Class="Window" LAnchorPoint="0" LAnchorOffset="0" TAnchorPoint="0" TAnchorOffset="0" RAnchorPoint="1" RAnchorOffset="" BAnchorPoint="0" BAnchorOffset="18" RelativeToClient="1" Font="Default" Text="" Template="Default" TooltipType="OnCursor" Name="Highlight" BGColor="ffffffff" TextColor="ffffffff" TooltipColor="" Sprite="CRB_ActionBarIconSprites:sprAS_Chnl_Highlight" Picture="1" IgnoreMouse="1"/>
        <Event Name="MouseExit" Function="OnListItemMouseExit"/>
        <Event Name="GenerateTooltip" Function="OnListItemGenerateTooltip"/>
    </Form>
    <TemplateFile Name="LKMeterTemplate.xml"/>
    <Form Class="Window" LAnchorPoint="0" LAnchorOffset="10" TAnchorPoint="0" TAnchorOffset="10" RAnchorPoint="0" RAnchorOffset="470" BAnchorPoint="0" BAnchorOffset="569" RelativeToClient="1" Font="Default" Text="" Template="" TooltipType="OnCursor" Name="OptionsWindow" Border="1" Picture="1" SwallowMouseClicks="1" Moveable="1" Escapable="1" Overlapped="1" BGColor="ffffffff" TextColor="ffffffff" TooltipColor="" Tooltip="" Sizable="0">
        <Control Class="Window" LAnchorPoint="0" LAnchorOffset="-2" TAnchorPoint="0" TAnchorOffset="-2" RAnchorPoint="0" RAnchorOffset="455" BAnchorPoint="0" BAnchorOffset="555" RelativeToClient="1" Font="Default" Text="" Template="Default" TooltipType="OnCursor" Name="BackGround" BGColor="ffffffff" TextColor="ffffffff" TooltipColor="" Sprite="" Picture="0" IgnoreMouse="1">
            <Control Class="Window" LAnchorPoint="0" LAnchorOffset="60" TAnchorPoint="0" TAnchorOffset="91" RAnchorPoint="0" RAnchorOffset="415" BAnchorPoint="0" BAnchorOffset="490" RelativeToClient="1" Font="Default" Text="" Template="Default" TooltipType="OnCursor" Name="Inlay" BGColor="ffffffff" TextColor="ffffffff" TooltipColor="" Sprite="CRB_Basekit:kitBase_MetalGrey_Small" Picture="1" IgnoreMouse="1" NoClip="0" HScroll="0" VScroll="0"/>
            <Control Class="Window" LAnchorPoint="0" LAnchorOffset="56" TAnchorPoint="0" TAnchorOffset="22" RAnchorPoint="0" RAnchorOffset="422" BAnchorPoint="0" BAnchorOffset="93" RelativeToClient="1" Font="Default" Text="" Template="Default" TooltipType="OnCursor" Name="Header" BGColor="ffffffff" TextColor="ffffffff" TooltipColor="" Picture="1" IgnoreMouse="1" Sprite="CRB_Basekit:kitHeader_Hybrid_TitleOptions"/>
            <Control Class="Window" LAnchorPoint="0" LAnchorOffset="24" TAnchorPoint="0" TAnchorOffset="0" RAnchorPoint="0" RAnchorOffset="452" BAnchorPoint="0" BAnchorOffset="526" RelativeToClient="1" Font="Default" Text="" Template="Default" TooltipType="OnCursor" Name="Border" BGColor="ffffffff" TextColor="ffffffff" TooltipColor="" Picture="1" IgnoreMouse="1" Sprite="CRB_Basekit:kitOuterFrame_MetalGray_Medium" Tooltip=""/>
            <Control Class="Window" LAnchorPoint="0" LAnchorOffset="64" TAnchorPoint="0" TAnchorOffset="90" RAnchorPoint="0" RAnchorOffset="412" BAnchorPoint="0" BAnchorOffset="492" RelativeToClient="1" Font="Default" Text="" Template="Default" TooltipType="OnCursor" Name="ListBack" BGColor="ffffffff" TextColor="ffffffff" TooltipColor="" Sprite="CRB_Basekit:kitBase_HoloHexes_Small" Picture="1" IgnoreMouse="1" NoClip="0" HScroll="0" VScroll="0" NotRelative="0"/>
            <Control Class="Window" LAnchorPoint="0" LAnchorOffset="57" TAnchorPoint="0" TAnchorOffset="83" RAnchorPoint="0" RAnchorOffset="420" BAnchorPoint="0" BAnchorOffset="499" RelativeToClient="1" Font="Default" Text="" Template="Default" TooltipType="OnCursor" Name="ListBorder" BGColor="ffffffff" TextColor="ffffffff" TooltipColor="" Sprite="CRB_Basekit:kitInnerFrame_MetalGrey_Small" Picture="1" IgnoreMouse="1" NoClip="0" HScroll="0" VScroll="0" NotRelative="0"/>
            <Control Class="Window" LAnchorPoint="0" LAnchorOffset="8" TAnchorPoint="0" TAnchorOffset="479" RAnchorPoint="0" RAnchorOffset="447" BAnchorPoint="0" BAnchorOffset="561" RelativeToClient="1" Font="Default" Text="" Template="Default" TooltipType="OnCursor" Name="Footer" BGColor="ffffffff" TextColor="ffffffff" TooltipColor="" Picture="1" IgnoreMouse="1" Sprite="CRB_Basekit:kitFooter_MetalGrey_Angled"/>
            <Control Class="Window" LAnchorPoint="0" LAnchorOffset="47" TAnchorPoint="0" TAnchorOffset="495" RAnchorPoint="0" RAnchorOffset="419" BAnchorPoint="0" BAnchorOffset="546" RelativeToClient="1" Font="Default" Text="" Template="Default" TooltipType="OnCursor" Name="ButtonPanel" BGColor="ffffffff" TextColor="ffffffff" TooltipColor="" Picture="1" IgnoreMouse="1" Sprite="CRB_Basekit:kitInnerFrame_Hybrid_ButtonBacker" RightEdgeControlsAnchor="" NoClip="0" UseRadialClipping="0" BlockOutIfDisabled="0" UseTransitionSprite="0" UseParentOpacity="0" Sizable="0" Border="0" Visible="0" HideInEditor="1"/>
        </Control>
        <Control Class="Button" Base="CRB_Basekit:kitBtn_Metal_LargeGreen" Font="Thick" ButtonType="PushButton" RadioGroup="" LAnchorPoint="0" LAnchorOffset="153" TAnchorPoint="0" TAnchorOffset="495" RAnchorPoint="0" RAnchorOffset="305" BAnchorPoint="0" BAnchorOffset="538" DT_VCENTER="1" DT_CENTER="1" TooltipType="OnCursor" Name="Accept" BGColor="ffffffff" TextColor="ffffffff" TooltipColor="" NormalTextColor="ff79ff9b" PressedTextColor="ffffffff" FlybyTextColor="ffffffff" PressedFlybyTextColor="ffffffff" DisabledTextColor="ffffffff" Text="Save &amp; Close" TextId="" VScroll="0" HScroll="0">
            <Event Name="ButtonSignal" Function="YourFunctionName"/>
        </Control>
        <Control Class="Button" Base="CRB_Basekit:kitBtn_Metal_LargeRed" Font="Thick" ButtonType="PushButton" RadioGroup="" LAnchorPoint="0" LAnchorOffset="312" TAnchorPoint="0" TAnchorOffset="495" RAnchorPoint="0" RAnchorOffset="411" BAnchorPoint="0" BAnchorOffset="538" DT_VCENTER="1" DT_CENTER="1" TooltipType="OnCursor" Name="Cancel" BGColor="ffffffff" TextColor="ffffffff" TooltipColor="" NormalTextColor="ffff7d7d" PressedTextColor="ffffffff" FlybyTextColor="ffffffff" PressedFlybyTextColor="ffffffff" DisabledTextColor="ffffffff" Text="" TextId="Cancel" VScroll="0" HScroll="0">
            <Event Name="ButtonSignal" Function="YourFunctionName"/>
        </Control>
        <Control Class="Button" Base="CRB_Basekit:kitBtn_Metal_LargeBlue" Font="Thick" ButtonType="PushButton" RadioGroup="" LAnchorPoint="0" LAnchorOffset="48" TAnchorPoint="0" TAnchorOffset="495" RAnchorPoint="0" RAnchorOffset="147" BAnchorPoint="0" BAnchorOffset="538" DT_VCENTER="1" DT_CENTER="1" TooltipType="OnCursor" Name="Save" BGColor="ffffffff" TextColor="ffffffff" TooltipColor="" NormalTextColor="ff7dffff" PressedTextColor="ffffffff" FlybyTextColor="ffffffff" PressedFlybyTextColor="ffffffff" DisabledTextColor="ffffffff" Text="" TextId="CRB_Save" VScroll="0" HScroll="0" HideInEditor="0" Visible="1">
            <Event Name="ButtonSignal" Function="YourFunctionName"/>
        </Control>
        <Control Class="EditBox" LAnchorPoint="0" LAnchorOffset="102" TAnchorPoint="0" TAnchorOffset="29" RAnchorPoint="0" RAnchorOffset="369" BAnchorPoint="0" BAnchorOffset="46" RelativeToClient="1" Font="Thick" Text="Galaxy Meter Options" Template="Default" TooltipType="OnCursor" Name="Title" BGColor="ffffffff" TextColor="ff84ffff" TooltipColor="" TextId="" DT_VCENTER="1" DT_CENTER="1"/>
        <Control Class="EditBox" LAnchorPoint="0" LAnchorOffset="322" TAnchorPoint="0" TAnchorOffset="28" RAnchorPoint="0" RAnchorOffset="364" BAnchorPoint="0" BAnchorOffset="46" RelativeToClient="1" Font="Thick" Text="v0.0" Template="Default" TooltipType="OnCursor" Name="Version" BGColor="ffffffff" TextColor="ff84ffff" TooltipColor="" TextId="" DT_RIGHT="1" DT_VCENTER="1"/>
        <Control Class="TabWindow" LAnchorPoint="0" LAnchorOffset="67" TAnchorPoint="0" TAnchorOffset="70" RAnchorPoint="1" RAnchorOffset="-68" BAnchorPoint="1" BAnchorOffset="-94" TextColor="White" Movable="1" Template="CRB_ChatWindow" Moveable="1" Border="1" AutoFadeNC="1" AutoFadeBG="1" Picture="1" BGColor="ffffffff" Overlapped="1" Font="CRB_InterfaceMedium" Sizable="1" TabTextMarginLeft="10" TabTextMarginRight="10" DT_VCENTER="1" DT_CENTER="1" TextId="" UseTemplateBG="1" HideInEditor="0" Text="" TooltipType="OnCursor" Name="TabWindow" TooltipColor="" TabTextMarginTop="0" Sprite=""/>
    </Form>
    <Form Class="Window" LAnchorPoint="0" LAnchorOffset="10" TAnchorPoint="0" TAnchorOffset="10" RAnchorPoint="0" RAnchorOffset="179" BAnchorPoint="0" BAnchorOffset="214" RelativeToClient="1" Font="Default" Text="" Template="" TooltipType="OnCursor" Name="EncounterList" Border="1" Picture="1" SwallowMouseClicks="1" Moveable="1" Escapable="1" Overlapped="1" BGColor="ffffffff" TextColor="ffffffff" TooltipColor="" VScroll="0">
        <Control Class="Window" LAnchorPoint="0" LAnchorOffset="-2" TAnchorPoint="0" TAnchorOffset="-2" RAnchorPoint="0" RAnchorOffset="166" BAnchorPoint="0" BAnchorOffset="202" RelativeToClient="1" Font="Default" Text="" Template="" TooltipType="OnCursor" Name="Background" BGColor="ffffffff" TextColor="ffffffff" TooltipColor="" Picture="1" IgnoreMouse="1" Sprite="CRB_Basekit:kitBase_HoloTeal_Border" VScroll="0"/>
        <Control Class="Window" LAnchorPoint="0" LAnchorOffset="7" TAnchorPoint="0" TAnchorOffset="8" RAnchorPoint="0" RAnchorOffset="157" BAnchorPoint="0" BAnchorOffset="193" RelativeToClient="1" Font="Default" Text="" Template="CRB_HologramFramedThick" TooltipType="OnCursor" Name="ItemList" BGColor="ffffffff" TextColor="ffffffff" TooltipColor="" VScroll="1" IgnoreMouse="1"/>
    </Form>
    <Form Class="Window" LAnchorPoint="0" LAnchorOffset="0" TAnchorPoint="0" TAnchorOffset="0" RAnchorPoint="1" RAnchorOffset="0" BAnchorPoint="0" BAnchorOffset="20" RelativeToClient="1" Font="Default" Text="" Template="CRB_Datachron" Name="EncounterItem" Border="1" Picture="0" SwallowMouseClicks="1" Moveable="0" Escapable="0" Overlapped="0" BGColor="ffffffff" TextColor="ffffffff" TextId="" HScroll="0" UseTemplateBG="1" TooltipColor="" Tooltip="" DT_CENTER="0" Sizable="0">
        <Control Class="Window" LAnchorPoint="0" LAnchorOffset="-2" TAnchorPoint="0" TAnchorOffset="-2" RAnchorPoint="1" RAnchorOffset="5" BAnchorPoint="1" BAnchorOffset="2" RelativeToClient="1" Font="Default" Text="" Template="Default" TooltipType="OnCursor" Name="Highlight" BGColor="2x:99ff9122" TextColor="ffffffff" TooltipColor="" Picture="1" IgnoreMouse="1" Sprite="ClientSprites:SpellChargeEdgeGlow" HideInEditor="0" Border="0" AutoFadeBG="0" AutoFadeNC="0" AutoFade="0" NoClip="0" NeverBringToFront="0" AutoScaleText="0" Overlapped="0" TestAlpha="0" VScrollLeftSide="0" NewWindowDepth="0" TransitionShowHide="0" UseTransitionSprite="0" UseRadialClipping="0" Tooltip=""/>
        <Control Class="Window" LAnchorPoint="0" LAnchorOffset="3" TAnchorPoint="0" TAnchorOffset="-3" RAnchorPoint="1" RAnchorOffset="0" BAnchorPoint="1" BAnchorOffset="2" RelativeToClient="1" Font="CRB_InterfaceMedium" Template="Default" Name="Text" BGColor="ffffffff" TextColor="ffc1ffff" DT_VCENTER="1" TextId="" Text="EncounterText" TooltipColor="" DT_BOTTOM="0" DT_WORDBREAK="0" DT_SINGLELINE="0" DT_RIGHT="0" DT_CENTER="1"/>
        <Event Name="MouseButtonUp" Function="OnEncounterItemSelected"/>
        <Event Name="MouseEnter" Function="OnEncounterItemMouseEnter"/>
        <Event Name="MouseExit" Function="OnEncounterItemMouseExit"/>
    </Form>
    <Form Class="Window" LAnchorPoint="0" LAnchorOffset="413" TAnchorPoint="0" TAnchorOffset="385" RAnchorPoint="0" RAnchorOffset="893" BAnchorPoint="0" BAnchorOffset="737" RelativeToClient="1" Font="Default" Text="" BGColor="UI_WindowBGDefault" TextColor="UI_WindowTextDefault" Template="Metal_ScrollList" TooltipType="OnCursor" Name="DeathLogWindow" Border="1" Picture="1" SwallowMouseClicks="1" Moveable="1" Escapable="1" Overlapped="1" TooltipColor="" Sizable="1" UseTemplateBG="1">
        <Control Class="Button" Base="" Font="DefaultButton" ButtonType="PushButton" RadioGroup="" LAnchorPoint="1" LAnchorOffset="-93" TAnchorPoint="1" TAnchorOffset="-48" RAnchorPoint="1" RAnchorOffset="-11" BAnchorPoint="1" BAnchorOffset="-8" DT_VCENTER="1" DT_CENTER="1" BGColor="UI_BtnBGDefault" TextColor="UI_BtnTextDefault" NormalTextColor="UI_BtnTextDefault" PressedTextColor="UI_BtnTextDefault" FlybyTextColor="UI_BtnTextDefault" PressedFlybyTextColor="UI_BtnTextDefault" DisabledTextColor="UI_BtnTextDefault" TooltipType="OnCursor" Name="ButtonReport" TooltipColor="" Text="Report" TextId="" Tooltip="">
            <Event Name="ButtonSignal" Function="OnButtonReport"/>
        </Control>
        <Control Class="Window" LAnchorPoint="0" LAnchorOffset="20" TAnchorPoint="0" TAnchorOffset="10" RAnchorPoint="1" RAnchorOffset="-19" BAnchorPoint="0" BAnchorOffset="38" RelativeToClient="1" Font="CRB_Header11" Text="" BGColor="UI_WindowBGDefault" TextColor="UI_WindowTextDefault" Template="Default" TooltipType="OnCursor" Name="LabelTitle" TooltipColor="" DT_CENTER="1"/>
        <Control Class="Button" Base="CRB_Basekit:kitBtn_Holo_Close" Font="DefaultButton" ButtonType="PushButton" RadioGroup="" LAnchorPoint="0" LAnchorOffset="6" TAnchorPoint="0" TAnchorOffset="6" RAnchorPoint="0" RAnchorOffset="30" BAnchorPoint="0" BAnchorOffset="35" DT_VCENTER="1" DT_CENTER="1" BGColor="UI_BtnBGDefault" TextColor="UI_BtnTextDefault" NormalTextColor="UI_BtnTextDefault" PressedTextColor="UI_BtnTextDefault" FlybyTextColor="UI_BtnTextDefault" PressedFlybyTextColor="UI_BtnTextDefault" DisabledTextColor="UI_BtnTextDefault" TooltipType="OnCursor" Name="ButtonClose" TooltipColor="" Sprite="" Picture="1" Template="Default" RelativeToClient="1" UseTemplateBG="0">
            <Event Name="ButtonSignal" Function="OnButtonClose"/>
        </Control>
        <Control Class="Window" LAnchorPoint="0" LAnchorOffset="15" TAnchorPoint="0" TAnchorOffset="37" RAnchorPoint="1" RAnchorOffset="-16" BAnchorPoint="1" BAnchorOffset="-46" RelativeToClient="1" Font="CRB_Interface10_BO" Text="" Template="Default" TooltipType="OnCursor" Name="ChatBox" BGColor="ffffffff" TextColor="ChannelAccountWisper" TooltipColor="" VScroll="1" IgnoreMouse="0" Picture="0" UseParentOpacity="1" DT_BOTTOM="0" DT_WORDBREAK="0" AutoScaleText="0" AutoHideScroll="1" Overlapped="0"/>
    </Form>
    <Form Class="MLWindow" LAnchorPoint="0" LAnchorOffset="0" TAnchorPoint="0" TAnchorOffset="0" RAnchorPoint="1" RAnchorOffset="0" BAnchorPoint="0" BAnchorOffset="118" RelativeToClient="1" Font="CRB_Interface10_BO" Text="" Template="Default" Name="ChatLine" Border="0" Picture="0" SwallowMouseClicks="0" Moveable="0" Escapable="0" Overlapped="0" BGColor="ffffffff" TextColor="ffffffff" TooltipColor="" Tooltip="" IgnoreMouse="0" UseParentOpacity="1"/>
</Forms>
