<?xml version="1.0" ?>
<Forms>
    <Form Name="VendorWindowOverlay" Class="Window" LAnchorPoint="1" LAnchorOffset="-4" TAnchorPoint="0" TAnchorOffset="45" RAnchorPoint="1" RAnchorOffset="29" BAnchorPoint="0" BAnchorOffset="76" Template="Default" Moveable="0" Border="0" Sprite="" Picture="1" BGColor="ffffffff" TextColor="ffffffff" Escapable="0" Overlapped="0" Visible="0" IgnoreMouse="1" RelativeToClient="1" Text="" TooltipColor="" Tooltip="" TextId="">
        <Control Class="Window" LAnchorPoint="0" LAnchorOffset="0" TAnchorPoint="0" TAnchorOffset="0" RAnchorPoint="1" RAnchorOffset="0" BAnchorPoint="1" BAnchorOffset="0" RelativeToClient="1" Font="Default" Text="" Template="Default" TooltipType="OnCursor" Name="BGOptionsHolder" BGColor="ffffffff" TextColor="ffffffff" TooltipColor="" Picture="1" IgnoreMouse="1" Sprite="">
            <Control Class="Button" Base="CRB_Basekit:kitBtn_Metal_Options" Font="Thick" ButtonType="Check" RadioGroup="" LAnchorPoint="0" LAnchorOffset="0" TAnchorPoint="0" TAnchorOffset="0" RAnchorPoint="1" RAnchorOffset="0" BAnchorPoint="1" BAnchorOffset="0" DT_VCENTER="1" DT_CENTER="1" TooltipType="OnCursor" Name="OptionsBtn" BGColor="ffffffff" TextColor="ffffffff" TooltipColor="" NormalTextColor="ffffffff" PressedTextColor="ffffffff" FlybyTextColor="ffffffff" PressedFlybyTextColor="ffffffff" DisabledTextColor="ffffffff" RelativeToClient="1" NoClip="1" Tooltip="" TooltipId="CRB_Options">
                <Event Name="ButtonCheck" Function="OnOptionsMenuToggle"/>
                <Event Name="ButtonUncheck" Function="OnOptionsMenuToggle"/>
            </Control>
        </Control>
    </Form>
    <Form Class="Window" LAnchorPoint="1" LAnchorOffset="10" TAnchorPoint="0" TAnchorOffset="34" RAnchorPoint="1" RAnchorOffset="240" BAnchorPoint="0" BAnchorOffset="428" RelativeToClient="1" Font="Default" Text="" Template="Default" TooltipType="OnCursor" Name="OptionsContainer" Border="0" Picture="1" SwallowMouseClicks="1" Moveable="0" Escapable="0" Overlapped="0" BGColor="ffffffff" TextColor="ffffffff" TooltipColor="" Tooltip="" Sprite="CRB_Basekit:kitBase_HoloBlue_PopoutLarge" NoClip="1" NewWindowDepth="0">
        <Control Class="Window" LAnchorPoint="0" LAnchorOffset="10" TAnchorPoint="0" TAnchorOffset="0" RAnchorPoint="1" RAnchorOffset="5" BAnchorPoint="1" BAnchorOffset="0" RelativeToClient="1" Font="Default" Text="" Template="Default" TooltipType="OnCursor" Name="OptionsContainerFrame" BGColor="ffffffff" TextColor="ffffffff" TooltipColor="" IgnoreMouse="1" Picture="1" Tooltip="">
            <Control Class="Window" LAnchorPoint="0" LAnchorOffset="12" TAnchorPoint="0" TAnchorOffset="20" RAnchorPoint="1" RAnchorOffset="-16" BAnchorPoint="0" BAnchorOffset="40" RelativeToClient="1" Font="CRB_InterfaceMedium_B" Text="___JunkIt Options___" Template="Default" TooltipType="OnCursor" Name="OptionsContainerTitle" BGColor="ffffffff" TextColor="UI_WindowTitleYellow" TooltipColor="" TextId="" DT_CENTER="1" DT_VCENTER="1"/>
            <Control Class="Window" LAnchorPoint="0" LAnchorOffset="16" TAnchorPoint="0" TAnchorOffset="41" RAnchorPoint="1" RAnchorOffset="-17" BAnchorPoint="0" BAnchorOffset="120" RelativeToClient="1" Font="Default" Text="" Template="Default" TooltipType="OnCursor" Name="OptionsConfigureAutomatics" BGColor="ffffffff" TextColor="ffffffff" TooltipColor="" Sprite="CRB_Basekit:kitBase_HoloBlue_ListInset" Picture="1" IgnoreMouse="1" Tooltip="">
                <Control Class="Window" LAnchorPoint="0" LAnchorOffset="6" TAnchorPoint="0" TAnchorOffset="2" RAnchorPoint="1" RAnchorOffset="0" BAnchorPoint="0" BAnchorOffset="22" RelativeToClient="1" Font="CRB_InterfaceSmall" Text="___Automatic Settings___" Template="Default" TooltipType="OnCursor" Name="AutomaticsTitle" BGColor="ffffffff" TextColor="ff7fffb9" TooltipColor="" TextId="" DT_CENTER="0" DT_VCENTER="1"/>
                <Control Class="Button" Base="HologramSprites:HoloCheckBoxBtn" Font="CRB_InterfaceMedium_B" ButtonType="Check" RadioGroup="" LAnchorPoint="0" LAnchorOffset="10" TAnchorPoint="0" TAnchorOffset="20" RAnchorPoint="1" RAnchorOffset="-10" BAnchorPoint="0" BAnchorOffset="50" DT_VCENTER="1" DT_CENTER="0" TooltipType="OnCursor" Name="autoSell" BGColor="ffffffff" TextColor="ffffffff" TooltipColor="" NormalTextColor="ffffffff" PressedTextColor="ffffffff" FlybyTextColor="ffffffff" PressedFlybyTextColor="ffffffff" DisabledTextColor="ffffffff" Text="" TextId="CRB_Sell" Template="Default" DT_RIGHT="0" DT_SINGLELINE="0" DT_WORDBREAK="0" DT_BOTTOM="0" NotRelative="0" VScroll="0" Picture="0" RelativeToClient="0" NoClip="0" TabStop="0" Escapable="0" NeverBringToFront="0" AutoScaleText="0" Overlapped="0" TestAlpha="0" VScrollLeftSide="0" UseTemplateBG="0" DoNotBlockTooltip="0" UseRadialClipping="0" BlockOutIfDisabled="0" NewWindowDepth="0" IgnoreTooltipDelay="0" TransitionShowHide="0" ScaleOnShowHide="0" MaintainAspectRatio="0" Tooltip="Automatically Sell Junk at Vendors" TooltipId="" DrawAsCheckbox="1" CheckboxRight="0" DrawHotkey="0" DrawClientSprite="0" IfHoldNoSignal="0" ProcessRightClick="0" RadioAlwaysSignal="0" RadioDisallowNonSelection="0" UseWindowTextColor="0">
                    <Event Name="ButtonCheck" Function="OnCheckboxChange"/>
                    <Event Name="ButtonUncheck" Function="OnCheckboxChange"/>
                    <Control Class="Button" Base="HologramSprites:HoloCheckBoxBtn" Font="CRB_InterfaceMedium_B" ButtonType="Check" RadioGroup="" LAnchorPoint=".5" LAnchorOffset="0" TAnchorPoint="0" TAnchorOffset="0" RAnchorPoint="1" RAnchorOffset="0" BAnchorPoint="1" BAnchorOffset="0" DT_VCENTER="1" DT_CENTER="0" BGColor="UI_BtnBGDefault" TextColor="UI_BtnTextDefault" NormalTextColor="UI_BtnTextDefault" PressedTextColor="UI_BtnTextDefault" FlybyTextColor="UI_BtnTextDefault" PressedFlybyTextColor="UI_BtnTextDefault" DisabledTextColor="UI_BtnTextDefault" TooltipType="OnCursor" Name="showButton" TooltipColor="" Text="___Button___" TextId="" DrawAsCheckbox="1" MaintainAspectRatio="0" ScaleOnShowHide="0"/>
                </Control>
                <Control Class="Button" Base="HologramSprites:HoloCheckBoxBtn" Font="CRB_InterfaceMedium_B" ButtonType="Check" RadioGroup="" LAnchorPoint="0" LAnchorOffset="10" TAnchorPoint="0" TAnchorOffset="50" RAnchorPoint="1" RAnchorOffset="-10" BAnchorPoint="0" BAnchorOffset="80" DT_VCENTER="1" DT_CENTER="0" TooltipType="OnCursor" Name="autoRepair" BGColor="ffffffff" TextColor="ffffffff" TooltipColor="" NormalTextColor="ffffffff" PressedTextColor="ffffffff" FlybyTextColor="ffffffff" PressedFlybyTextColor="ffffffff" DisabledTextColor="ffffffff" Text="" TextId="HousingLandscape_Repair" DT_RIGHT="0" DrawAsCheckbox="1" Tooltip="Automatically Repair at Vendors" TooltipId="">
                    <Event Name="ButtonCheck" Function="OnCheckboxChange"/>
                    <Event Name="ButtonUncheck" Function="OnCheckboxChange"/>
                    <Control Class="Button" Base="HologramSprites:HoloCheckBoxBtn" Font="CRB_InterfaceMedium_B" ButtonType="Check" RadioGroup="" LAnchorPoint=".5" LAnchorOffset="0" TAnchorPoint="0" TAnchorOffset="0" RAnchorPoint="1" RAnchorOffset="0" BAnchorPoint="1" BAnchorOffset="0" DT_VCENTER="1" DT_CENTER="0" BGColor="UI_BtnBGDefault" TextColor="UI_BtnTextDefault" NormalTextColor="UI_BtnTextDefault" PressedTextColor="UI_BtnTextDefault" FlybyTextColor="UI_BtnTextDefault" PressedFlybyTextColor="UI_BtnTextDefault" DisabledTextColor="UI_BtnTextDefault" TooltipType="OnCursor" Name="repairGuild" TooltipColor="" Text="" TextId="InterfaceMenu_Guild" DrawAsCheckbox="1" MaintainAspectRatio="0" ScaleOnShowHide="0" Visible="0"/>
                </Control>
            </Control>
            <Control Class="Window" LAnchorPoint="0" LAnchorOffset="16" TAnchorPoint="0" TAnchorOffset="122" RAnchorPoint="1" RAnchorOffset="-17" BAnchorPoint="0" BAnchorOffset="171" RelativeToClient="1" Font="Default" Text="" Template="Default" TooltipType="OnCursor" Name="OptionsConfigureFilters" BGColor="ffffffff" TextColor="ffffffff" TooltipColor="" Sprite="CRB_Basekit:kitBase_HoloBlue_ListInset" Picture="1" IgnoreMouse="1" Tooltip="">
                <Control Class="Window" LAnchorPoint="0" LAnchorOffset="6" TAnchorPoint="0" TAnchorOffset="2" RAnchorPoint="1" RAnchorOffset="0" BAnchorPoint="0" BAnchorOffset="22" RelativeToClient="1" Font="CRB_InterfaceSmall" Text="___Filter Settings___" Template="Default" TooltipType="OnCursor" Name="FiltersTitle" BGColor="ffffffff" TextColor="ff7fffb9" TooltipColor="" TextId="" DT_CENTER="0" DT_VCENTER="1"/>
                <Control Class="Button" Base="HologramSprites:HoloCheckBoxBtn" Font="CRB_InterfaceMedium_B" ButtonType="Check" RadioGroup="" LAnchorPoint="0" LAnchorOffset="10" TAnchorPoint="0" TAnchorOffset="20" RAnchorPoint="1" RAnchorOffset="-10" BAnchorPoint="0" BAnchorOffset="50" DT_VCENTER="1" DT_CENTER="0" TooltipType="OnCursor" Name="keepSalvage" BGColor="ffffffff" TextColor="ffffffff" TooltipColor="" NormalTextColor="ffffffff" PressedTextColor="ffffffff" FlybyTextColor="ffffffff" PressedFlybyTextColor="ffffffff" DisabledTextColor="ffffffff" Text="___Keep Salvagables___" TextId="" Template="Default" DT_RIGHT="0" DT_SINGLELINE="0" DT_WORDBREAK="0" DT_BOTTOM="0" NotRelative="0" VScroll="0" Picture="0" RelativeToClient="0" NoClip="0" TabStop="0" Escapable="0" NeverBringToFront="0" AutoScaleText="0" Overlapped="0" TestAlpha="0" VScrollLeftSide="0" UseTemplateBG="0" DoNotBlockTooltip="0" UseRadialClipping="0" BlockOutIfDisabled="0" NewWindowDepth="0" IgnoreTooltipDelay="0" TransitionShowHide="0" ScaleOnShowHide="0" MaintainAspectRatio="0" Tooltip="Automatically Sell Junk at Vendors" TooltipId="" DrawAsCheckbox="1" CheckboxRight="0" DrawHotkey="0" DrawClientSprite="0" IfHoldNoSignal="0" ProcessRightClick="0" RadioAlwaysSignal="0" RadioDisallowNonSelection="0" UseWindowTextColor="0">
                    <Event Name="ButtonCheck" Function="OnCheckboxChange"/>
                    <Event Name="ButtonUncheck" Function="OnCheckboxChange"/>
                </Control>
            </Control>
            <Control Class="Window" LAnchorPoint="0" LAnchorOffset="16" TAnchorPoint="1" TAnchorOffset="-221" RAnchorPoint="1" RAnchorOffset="-17" BAnchorPoint="1" BAnchorOffset="-51" RelativeToClient="1" Font="Default" Text="" Template="Default" TooltipType="OnCursor" Name="OptionsConfigureTypes" BGColor="ffffffff" TextColor="ffffffff" TooltipColor="" Picture="1" IgnoreMouse="1" Sprite="CRB_Basekit:kitBase_HoloBlue_ListInset">
                <Control Class="Window" LAnchorPoint="0" LAnchorOffset="6" TAnchorPoint="0" TAnchorOffset="2" RAnchorPoint="1" RAnchorOffset="0" BAnchorPoint="0" BAnchorOffset="22" RelativeToClient="1" Font="CRB_InterfaceSmall" Text="___Item Types to Sell___" Template="Default" TooltipType="OnCursor" Name="ConfigureTypeTitle" BGColor="ffffffff" TextColor="ff7fffb9" TooltipColor="" DT_VCENTER="1" TextId=""/>
                <Control Class="Button" Base="HologramSprites:HoloCheckBoxBtn" Font="CRB_InterfaceMedium_B" ButtonType="Check" RadioGroup="" LAnchorPoint="0" LAnchorOffset="10" TAnchorPoint="0" TAnchorOffset="20" RAnchorPoint="1" RAnchorOffset="-10" BAnchorPoint="0" BAnchorOffset="50" DT_VCENTER="1" DT_CENTER="0" TooltipType="OnCursor" Name="sellArmor" BGColor="ffffffff" TextColor="ffffffff" TooltipColor="" NormalTextColor="ffffffff" PressedTextColor="ffffffff" FlybyTextColor="ffffffff" PressedFlybyTextColor="ffffffff" DisabledTextColor="ffffffff" Text="" TextId="CRB_Armor" DrawAsCheckbox="1" Tooltip="Automatically sell Armor under the quality threshold" TooltipId="">
                    <Event Name="ButtonCheck" Function="OnCheckboxChange"/>
                    <Event Name="ButtonUncheck" Function="OnCheckboxChange"/>
                </Control>
                <Control Class="Button" Base="HologramSprites:HoloCheckBoxBtn" Font="CRB_InterfaceMedium_B" ButtonType="Check" RadioGroup="" LAnchorPoint="0" LAnchorOffset="10" TAnchorPoint="0" TAnchorOffset="50" RAnchorPoint="1" RAnchorOffset="-10" BAnchorPoint="0" BAnchorOffset="80" DT_VCENTER="1" DT_CENTER="0" TooltipType="OnCursor" Name="sellWeapons" BGColor="ffffffff" TextColor="ffffffff" TooltipColor="" NormalTextColor="ffffffff" PressedTextColor="ffffffff" FlybyTextColor="ffffffff" PressedFlybyTextColor="ffffffff" DisabledTextColor="ffffffff" Text="" TextId="Weapons" DrawAsCheckbox="1" Tooltip="Automatically sell Armor under the quality threshold" TooltipId="">
                    <Event Name="ButtonCheck" Function="OnCheckboxChange"/>
                    <Event Name="ButtonUncheck" Function="OnCheckboxChange"/>
                </Control>
                <Control Class="Button" Base="HologramSprites:HoloCheckBoxBtn" Font="CRB_InterfaceMedium_B" ButtonType="Check" RadioGroup="" LAnchorPoint="0" LAnchorOffset="10" TAnchorPoint="0" TAnchorOffset="80" RAnchorPoint="1" RAnchorOffset="-10" BAnchorPoint="0" BAnchorOffset="110" DT_VCENTER="1" DT_CENTER="0" TooltipType="OnCursor" Name="sellShields" BGColor="ffffffff" TextColor="ffffffff" TooltipColor="" NormalTextColor="ffffffff" PressedTextColor="ffffffff" FlybyTextColor="ffffffff" PressedFlybyTextColor="ffffffff" DisabledTextColor="ffffffff" Text="" TextId="CBCrafting_Shields" DrawAsCheckbox="1" Tooltip="Automatically sell Shields under the quality threshold" TooltipId="">
                    <Event Name="ButtonCheck" Function="OnCheckboxChange"/>
                    <Event Name="ButtonUncheck" Function="OnCheckboxChange"/>
                </Control>
                <Control Class="Button" Base="HologramSprites:HoloCheckBoxBtn" Font="CRB_InterfaceMedium_B" ButtonType="Check" RadioGroup="" LAnchorPoint="0" LAnchorOffset="10" TAnchorPoint="0" TAnchorOffset="110" RAnchorPoint="1" RAnchorOffset="-10" BAnchorPoint="0" BAnchorOffset="140" DT_VCENTER="1" DT_CENTER="0" TooltipType="OnCursor" Name="sellCostumes" BGColor="ffffffff" TextColor="ffffffff" TooltipColor="" NormalTextColor="ffffffff" PressedTextColor="ffffffff" FlybyTextColor="ffffffff" PressedFlybyTextColor="ffffffff" DisabledTextColor="ffffffff" DrawAsCheckbox="1" Text="Costumes" TextId="" Tooltip="Automatically sell Costumes under the quality threshold" TooltipId="">
                    <Event Name="ButtonCheck" Function="OnCheckboxChange"/>
                    <Event Name="ButtonUncheck" Function="OnCheckboxChange"/>
                </Control>
                <Control Class="Button" Base="HologramSprites:HoloCheckBoxBtn" Font="CRB_InterfaceMedium_B" ButtonType="Check" RadioGroup="" LAnchorPoint="0" LAnchorOffset="10" TAnchorPoint="0" TAnchorOffset="140" RAnchorPoint="1" RAnchorOffset="-10" BAnchorPoint="0" BAnchorOffset="170" DT_VCENTER="1" DT_CENTER="0" TooltipType="OnCursor" Name="sellHousing" BGColor="ffffffff" TextColor="ffffffff" TooltipColor="" NormalTextColor="ffffffff" PressedTextColor="ffffffff" FlybyTextColor="ffffffff" PressedFlybyTextColor="ffffffff" DisabledTextColor="ffffffff" DrawAsCheckbox="1" Text="" TextId="Tutorials_Housing" Tooltip="Automatically sell Costumes under the quality threshold" TooltipId="">
                    <Event Name="ButtonCheck" Function="OnCheckboxChange"/>
                    <Event Name="ButtonUncheck" Function="OnCheckboxChange"/>
                </Control>
            </Control>
            <Control Class="Window" LAnchorPoint="0" LAnchorOffset="16" TAnchorPoint="1" TAnchorOffset="-50" RAnchorPoint="1" RAnchorOffset="-17" BAnchorPoint="1" BAnchorOffset="-10" RelativeToClient="1" Font="Default" Text="" Template="Default" TooltipType="OnCursor" Name="OptionsComboFrame" BGColor="ffffffff" TextColor="ffffffff" TooltipColor="" Sprite="CRB_Basekit:kitBase_HoloBlue_InsetFramed_Small" Picture="0" IgnoreMouse="1">
                <Control Class="Button" Base="CRB_Basekit:kitBtn_Dropdown_TextBaseHolo3" Font="DefaultButton" ButtonType="Check" RadioGroup="" LAnchorPoint="0" LAnchorOffset="0" TAnchorPoint="0" TAnchorOffset="2" RAnchorPoint="1" RAnchorOffset="0" BAnchorPoint="1" BAnchorOffset="-2" DT_VCENTER="1" DT_CENTER="1" BGColor="UI_BtnBGDefault" TextColor="UI_BtnTextDefault" NormalTextColor="UI_BtnTextDefault" PressedTextColor="UI_BtnTextDefault" FlybyTextColor="UI_BtnTextDefault" PressedFlybyTextColor="UI_BtnTextDefault" DisabledTextColor="UI_BtnTextDefault" TooltipType="OnCursor" Name="QualityDropDown" TooltipColor="" Text="___Quality Threshold___" TextId="" Tooltip="" Overlapped="0">
                    <Event Name="ButtonCheck" Function="OnQualityDropdownToggle"/>
                    <Event Name="ButtonUncheck" Function="OnQualityDropdownToggle"/>
                </Control>
            </Control>
        </Control>
        <Control Class="Button" Base="BK3:btnHolo_Close" Font="Thick" ButtonType="PushButton" RadioGroup="" LAnchorPoint="1" LAnchorOffset="-35" TAnchorPoint="0" TAnchorOffset="15" RAnchorPoint="1" RAnchorOffset="-7" BAnchorPoint="0" BAnchorOffset="43" DT_VCENTER="1" DT_CENTER="1" TooltipType="OnCursor" Name="OptionsCloseBtn" BGColor="ffffffff" TextColor="ffffffff" TooltipColor="" NormalTextColor="ffffffff" PressedTextColor="ffffffff" FlybyTextColor="ffffffff" PressedFlybyTextColor="ffffffff" DisabledTextColor="ffffffff" Tooltip="">
            <Event Name="ButtonSignal" Function="OnOptionsCloseClick"/>
        </Control>
    </Form>
    <Form Class="Window" LAnchorPoint="0" LAnchorOffset="107" TAnchorPoint="0" TAnchorOffset="27" RAnchorPoint="0" RAnchorOffset="148" BAnchorPoint="0" BAnchorOffset="65" RelativeToClient="1" Font="Default" Text="" Template="Default" TooltipType="OnCursor" Name="JunkButtonOverlay" Border="0" Picture="1" SwallowMouseClicks="1" Moveable="0" Escapable="0" Overlapped="0" BGColor="ffffffff" TextColor="ffffffff" TooltipColor="" Tooltip="" Sizable="0" IgnoreMouse="1" RightEdgeControlsAnchor="" Sprite="BK3:UI_BK3_Metal_Inset_SharpCorner">
        <Control Class="Button" Base="CRB_BaseBarSprites:btnHUD_InventoryBagFull" Font="Thick" ButtonType="PushButton" RadioGroup="" LAnchorPoint=".5" LAnchorOffset="-23" TAnchorPoint=".5" TAnchorOffset="-18" RAnchorPoint=".5" RAnchorOffset="20" BAnchorPoint=".5" BAnchorOffset="20" DT_VCENTER="1" DT_CENTER="1" TooltipType="OnCursor" Name="JunkButton" BGColor="ffffffff" TextColor="ffffffff" TooltipColor="" NormalTextColor="ffffffff" PressedTextColor="ffffffff" FlybyTextColor="ffffffff" PressedFlybyTextColor="ffffffff" DisabledTextColor="ffffffff" Picture="1" Tooltip="Sell Junk" TooltipId="" NewWindowDepth="0">
            <Event Name="ButtonSignal" Function="OnJunkButtonClick"/>
        </Control>
    </Form>
    <Form Class="Window" LAnchorPoint="1" LAnchorOffset="-16" TAnchorPoint="0" TAnchorOffset="-21" RAnchorPoint="1" RAnchorOffset="155" BAnchorPoint="0" BAnchorOffset="215" RelativeToClient="1" Font="Default" Text="" BGColor="UI_WindowBGDefault" TextColor="UI_WindowTextDefault" Template="Default" TooltipType="OnCursor" Name="QualityMenu" Border="1" Picture="1" SwallowMouseClicks="1" Moveable="0" Escapable="0" Overlapped="0" TooltipColor="" Sprite="BK3:UI_BK3_Holo_Framing_3" NoClip="1" IgnoreMouse="1">
        <Control Class="Window" LAnchorPoint="0" LAnchorOffset="28" TAnchorPoint="0" TAnchorOffset="29" RAnchorPoint="1" RAnchorOffset="-29" BAnchorPoint="1" BAnchorOffset="-28" RelativeToClient="1" Font="Default" Text="" BGColor="UI_WindowBGDefault" TextColor="UI_WindowTextDefault" Template="Default" TooltipType="OnCursor" Name="QualityBtns" TooltipColor="" TopEdgeControlsAnchor="" IgnoreMouse="1" NoClip="1">
            <Control Class="Button" Base="BK3:btnHolo_ListView_Mid" Font="DefaultButton" ButtonType="PushButton" RadioGroup="" LAnchorPoint="0" LAnchorOffset="0" TAnchorPoint="0" TAnchorOffset="0" RAnchorPoint="1" RAnchorOffset="0" BAnchorPoint="0" BAnchorOffset="25" DT_VCENTER="1" DT_CENTER="1" BGColor="UI_BtnBGDefault" TextColor="UI_BtnTextDefault" NormalTextColor="UI_BtnTextDefault" PressedTextColor="UI_BtnTextDefault" FlybyTextColor="UI_BtnTextDefault" PressedFlybyTextColor="UI_BtnTextDefault" DisabledTextColor="UI_BtnTextDefault" TooltipType="OnCursor" Name="Inferior" TooltipColor="">
                <Event Name="ButtonSignal" Function="OnQualityBtnClicked"/>
                <Control Class="Window" LAnchorPoint="0" LAnchorOffset="12" TAnchorPoint="0" TAnchorOffset="0" RAnchorPoint="1" RAnchorOffset="0" BAnchorPoint="1" BAnchorOffset="0" RelativeToClient="1" Font="CRB_InterfaceMedium" Text="" BGColor="UI_WindowBGDefault" TextColor="ItemQuality_Inferior" Template="Default" TooltipType="OnCursor" Name="QualityBtnTxt" TooltipColor="" DT_VCENTER="1" TextId="CRB_Inferior"/>
            </Control>
            <Control Class="Button" Base="BK3:btnHolo_ListView_Mid" Font="DefaultButton" ButtonType="PushButton" RadioGroup="" LAnchorPoint="0" LAnchorOffset="0" TAnchorPoint="0" TAnchorOffset="25" RAnchorPoint="1" RAnchorOffset="0" BAnchorPoint="0" BAnchorOffset="50" DT_VCENTER="1" DT_CENTER="1" BGColor="UI_BtnBGDefault" TextColor="UI_BtnTextDefault" NormalTextColor="UI_BtnTextDefault" PressedTextColor="UI_BtnTextDefault" FlybyTextColor="UI_BtnTextDefault" PressedFlybyTextColor="UI_BtnTextDefault" DisabledTextColor="UI_BtnTextDefault" TooltipType="OnCursor" Name="Average" TooltipColor="">
                <Event Name="ButtonSignal" Function="OnQualityBtnClicked"/>
                <Control Class="Window" LAnchorPoint="0" LAnchorOffset="12" TAnchorPoint="0" TAnchorOffset="0" RAnchorPoint="1" RAnchorOffset="0" BAnchorPoint="1" BAnchorOffset="0" RelativeToClient="1" Font="CRB_InterfaceMedium" Text="" BGColor="UI_WindowBGDefault" TextColor="ItemQuality_Average" Template="Default" TooltipType="OnCursor" Name="QualityBtnTxt" TooltipColor="" DT_VCENTER="1" TextId="CRB_Average"/>
            </Control>
            <Control Class="Button" Base="BK3:btnHolo_ListView_Mid" Font="DefaultButton" ButtonType="PushButton" RadioGroup="" LAnchorPoint="0" LAnchorOffset="0" TAnchorPoint="0" TAnchorOffset="50" RAnchorPoint="1" RAnchorOffset="0" BAnchorPoint="0" BAnchorOffset="75" DT_VCENTER="1" DT_CENTER="1" BGColor="UI_BtnBGDefault" TextColor="UI_BtnTextDefault" NormalTextColor="UI_BtnTextDefault" PressedTextColor="UI_BtnTextDefault" FlybyTextColor="UI_BtnTextDefault" PressedFlybyTextColor="UI_BtnTextDefault" DisabledTextColor="UI_BtnTextDefault" TooltipType="OnCursor" Name="Good" TooltipColor="">
                <Event Name="ButtonSignal" Function="OnQualityBtnClicked"/>
                <Control Class="Window" LAnchorPoint="0" LAnchorOffset="12" TAnchorPoint="0" TAnchorOffset="0" RAnchorPoint="1" RAnchorOffset="0" BAnchorPoint="1" BAnchorOffset="0" RelativeToClient="1" Font="CRB_InterfaceMedium" Text="" BGColor="UI_WindowBGDefault" TextColor="ItemQuality_Good" Template="Default" TooltipType="OnCursor" Name="QualityBtnTxt" TooltipColor="" DT_VCENTER="1" TextId="CRB_Good"/>
            </Control>
            <Control Class="Button" Base="BK3:btnHolo_ListView_Mid" Font="DefaultButton" ButtonType="PushButton" RadioGroup="" LAnchorPoint="0" LAnchorOffset="0" TAnchorPoint="0" TAnchorOffset="75" RAnchorPoint="1" RAnchorOffset="0" BAnchorPoint="0" BAnchorOffset="100" DT_VCENTER="1" DT_CENTER="1" BGColor="UI_BtnBGDefault" TextColor="UI_BtnTextDefault" NormalTextColor="UI_BtnTextDefault" PressedTextColor="UI_BtnTextDefault" FlybyTextColor="UI_BtnTextDefault" PressedFlybyTextColor="UI_BtnTextDefault" DisabledTextColor="UI_BtnTextDefault" TooltipType="OnCursor" Name="Excellent" TooltipColor="">
                <Event Name="ButtonSignal" Function="OnQualityBtnClicked"/>
                <Control Class="Window" LAnchorPoint="0" LAnchorOffset="12" TAnchorPoint="0" TAnchorOffset="0" RAnchorPoint="1" RAnchorOffset="0" BAnchorPoint="1" BAnchorOffset="0" RelativeToClient="1" Font="CRB_InterfaceMedium" Text="" BGColor="UI_WindowBGDefault" TextColor="ItemQuality_Excellent" Template="Default" TooltipType="OnCursor" Name="QualityBtnTxt" TooltipColor="" DT_VCENTER="1" TextId="CRB_Excellent"/>
            </Control>
            <Control Class="Button" Base="BK3:btnHolo_ListView_Mid" Font="DefaultButton" ButtonType="PushButton" RadioGroup="" LAnchorPoint="0" LAnchorOffset="0" TAnchorPoint="0" TAnchorOffset="100" RAnchorPoint="1" RAnchorOffset="0" BAnchorPoint="0" BAnchorOffset="125" DT_VCENTER="1" DT_CENTER="1" BGColor="UI_BtnBGDefault" TextColor="UI_BtnTextDefault" NormalTextColor="UI_BtnTextDefault" PressedTextColor="UI_BtnTextDefault" FlybyTextColor="UI_BtnTextDefault" PressedFlybyTextColor="UI_BtnTextDefault" DisabledTextColor="UI_BtnTextDefault" TooltipType="OnCursor" Name="Superb" TooltipColor="" Text="" TextId="">
                <Event Name="ButtonSignal" Function="OnQualityBtnClicked"/>
                <Control Class="Window" LAnchorPoint="0" LAnchorOffset="12" TAnchorPoint="0" TAnchorOffset="0" RAnchorPoint="1" RAnchorOffset="0" BAnchorPoint="1" BAnchorOffset="0" RelativeToClient="1" Font="CRB_InterfaceMedium" Text="" BGColor="UI_WindowBGDefault" TextColor="ItemQuality_Superb" Template="Default" TooltipType="OnCursor" Name="QualityBtnTxt" TooltipColor="" DT_VCENTER="1" TextId="CRB_Superb"/>
            </Control>
            <Control Class="Button" Base="BK3:btnHolo_ListView_Mid" Font="DefaultButton" ButtonType="PushButton" RadioGroup="" LAnchorPoint="0" LAnchorOffset="0" TAnchorPoint="0" TAnchorOffset="125" RAnchorPoint="1" RAnchorOffset="0" BAnchorPoint="0" BAnchorOffset="150" DT_VCENTER="1" DT_CENTER="1" BGColor="UI_BtnBGDefault" TextColor="UI_BtnTextDefault" NormalTextColor="UI_BtnTextDefault" PressedTextColor="UI_BtnTextDefault" FlybyTextColor="UI_BtnTextDefault" PressedFlybyTextColor="UI_BtnTextDefault" DisabledTextColor="UI_BtnTextDefault" TooltipType="OnCursor" Name="Legendary" TooltipColor="">
                <Event Name="ButtonSignal" Function="OnQualityBtnClicked"/>
                <Control Class="Window" LAnchorPoint="0" LAnchorOffset="12" TAnchorPoint="0" TAnchorOffset="0" RAnchorPoint="1" RAnchorOffset="0" BAnchorPoint="1" BAnchorOffset="0" RelativeToClient="1" Font="CRB_InterfaceMedium" Text="" BGColor="UI_WindowBGDefault" TextColor="ItemQuality_Legendary" Template="Default" TooltipType="OnCursor" Name="QualityBtnTxt" TooltipColor="" DT_VCENTER="1" TextId="CRB_Legendary"/>
            </Control>
            <Control Class="Button" Base="BK3:btnHolo_ListView_Mid" Font="DefaultButton" ButtonType="PushButton" RadioGroup="" LAnchorPoint="0" LAnchorOffset="0" TAnchorPoint="0" TAnchorOffset="150" RAnchorPoint="1" RAnchorOffset="0" BAnchorPoint="0" BAnchorOffset="175" DT_VCENTER="1" DT_CENTER="1" BGColor="UI_BtnBGDefault" TextColor="UI_BtnTextDefault" NormalTextColor="UI_BtnTextDefault" PressedTextColor="UI_BtnTextDefault" FlybyTextColor="UI_BtnTextDefault" PressedFlybyTextColor="UI_BtnTextDefault" DisabledTextColor="UI_BtnTextDefault" TooltipType="OnCursor" Name="Artifact" TooltipColor="">
                <Event Name="ButtonSignal" Function="OnQualityBtnClicked"/>
                <Control Class="Window" LAnchorPoint="0" LAnchorOffset="12" TAnchorPoint="0" TAnchorOffset="0" RAnchorPoint="1" RAnchorOffset="0" BAnchorPoint="1" BAnchorOffset="0" RelativeToClient="1" Font="CRB_InterfaceMedium" Text="" BGColor="UI_WindowBGDefault" TextColor="ItemQuality_Artifact" Template="Default" TooltipType="OnCursor" Name="QualityBtnTxt" TooltipColor="" DT_VCENTER="1" TextId="CRB_Artifact"/>
            </Control>
        </Control>
    </Form>
</Forms>
