<Forms>
    <Form Class="Window" LAnchorPoint=".5" LAnchorOffset="-194" TAnchorPoint=".5" TAnchorOffset="-325" RAnchorPoint=".5" RAnchorOffset="157" BAnchorPoint=".5" BAnchorOffset="220" RelativeToClient="1" Font="Default" Text="" Template="" Name="ItemPreviewForm" Border="0" Picture="0" SwallowMouseClicks="1" Moveable="1" Escapable="1" Overlapped="1" BGColor="white" TextColor="white" TextId="" TooltipColor="" Tooltip="" CloseOnExternalClick="1" Sizable="0">
        <Control Class="Window" LAnchorPoint="0" LAnchorOffset="0" TAnchorPoint="0" TAnchorOffset="0" RAnchorPoint="1" RAnchorOffset="0" BAnchorPoint="1" BAnchorOffset="0" RelativeToClient="1" Font="Default" Text="" Template="Default" TooltipType="OnCursor" Name="BGArt" BGColor="white" TextColor="white" TooltipColor="" Picture="0" IgnoreMouse="1" Sprite="">
            <Control Class="Window" LAnchorPoint="0" LAnchorOffset="-20" TAnchorPoint="0" TAnchorOffset="-20" RAnchorPoint="1" RAnchorOffset="20" BAnchorPoint="1" BAnchorOffset="35" RelativeToClient="1" Font="Default" Text="" Template="Holo_Large" TooltipType="OnCursor" Name="BGArt_HoloBase" BGColor="white" TextColor="white" TooltipColor="" Picture="0" IgnoreMouse="1" Sprite="" Border="1" UseTemplateBG="1" NoClip="1"/>
            <Control Class="Window" LAnchorPoint="0" LAnchorOffset="15" TAnchorPoint="1" TAnchorOffset="-67" RAnchorPoint="1" RAnchorOffset="-17" BAnchorPoint="1" BAnchorOffset="0" RelativeToClient="1" Font="Default" Text="" Template="Holo_Inset_Callout" TooltipType="OnCursor" Name="BGArt_Footer" BGColor="white" TextColor="white" TooltipColor="" Picture="0" IgnoreMouse="1" Sprite="" NewControlDepth="1" Border="1" UseTemplateBG="1"/>
        </Control>
        <Control Class="CostumeWindow" LAnchorPoint="0" LAnchorOffset="9" TAnchorPoint="0" TAnchorOffset="11" RAnchorPoint="1" RAnchorOffset="-9" BAnchorPoint="1" BAnchorOffset="-66" RelativeToClient="1" Font="Default" Sprite="WhiteFill" Text="" Template="Default" Name="PreviewWindow" BGColor="white" TextColor="white" Camera="Paperdoll" Animated="1" NewControlDepth="3" HideInEditor="0" Visible="1" TooltipColor="" IgnoreMouse="1"/>
        <Event Name="WindowClosed" Function="OnWindowClosed"/>
        <Control Class="Button" Base="BK3:btnHolo_Blue_Small" Font="CRB_Button" ButtonType="PushButton" RadioGroup="" LAnchorPoint=".5" LAnchorOffset="-64" TAnchorPoint="1" TAnchorOffset="-47" RAnchorPoint=".5" RAnchorOffset="65" BAnchorPoint="1" BAnchorOffset="6" DT_VCENTER="1" DT_CENTER="1" TooltipType="OnCursor" Name="SheathButton" BGColor="white" TextColor="white" TooltipColor="" NormalTextColor="UI_BtnTextBlueNormal" PressedTextColor="UI_BtnTextBluePressed" FlybyTextColor="UI_BtnTextBlueFlyby" PressedFlybyTextColor="UI_BtnTextBluePressedFlyby" DisabledTextColor="UI_BtnTextBlueDisabled" Text="" TextId="Character_SetSheathed" NewControlDepth="5" DrawAsCheckbox="0" TestAlpha="1" NoClip="1">
            <Event Name="ButtonSignal" Function="OnToggleSheathed"/>
        </Control>
        <Control Class="Button" Base="BK3:btnHolo_Close" Font="Thick" ButtonType="PushButton" RadioGroup="" LAnchorPoint="1" LAnchorOffset="-46" TAnchorPoint="0" TAnchorOffset="3" RAnchorPoint="1" RAnchorOffset="-4" BAnchorPoint="0" BAnchorOffset="47" DT_VCENTER="1" DT_CENTER="1" TooltipType="OnCursor" Name="CloseBtn" BGColor="white" TextColor="white" TooltipColor="" NormalTextColor="white" PressedTextColor="white" FlybyTextColor="white" PressedFlybyTextColor="white" DisabledTextColor="white" NoClip="1" NewControlDepth="6">
            <Event Name="ButtonSignal" Function="OnCloseBtn"/>
        </Control>
        <Control Class="MLWindow" LAnchorPoint="0" LAnchorOffset="21" TAnchorPoint="1" TAnchorOffset="-55" RAnchorPoint="1" RAnchorOffset="-19" BAnchorPoint="1" BAnchorOffset="-30" RelativeToClient="1" Font="CRB_InterfaceSmall" Text="" Template="Default" TooltipType="OnCursor" Name="ItemLabel" BGColor="white" TextColor="UI_TextHoloTitle" TooltipColor="" NewControlDepth="6" DT_BOTTOM="0" DT_CENTER="1" TextId="" AutoScaleText="1" DT_VCENTER="1"/>
        <Control Class="Button" Base="btn_ArrowTurnLeft" Font="Thick" ButtonType="PushButton" RadioGroup="" LAnchorPoint="0.5" LAnchorOffset="-142" TAnchorPoint="1" TAnchorOffset="-94" RAnchorPoint="0.5" RAnchorOffset="-19" BAnchorPoint="1" BAnchorOffset="-66" DT_VCENTER="1" DT_CENTER="1" Name="RotateLeft" BGColor="UI_AlphaPercent70" TextColor="white" WindowSoundTemplate="Custom" NormalTextColor="white" PressedTextColor="white" FlybyTextColor="white" PressedFlybyTextColor="white" DisabledTextColor="white" TooltipColor="" DrawAsCheckbox="1" CheckboxRight="1" Tooltip="" NoClip="1">
            <Event Name="ButtonHoldBegin" Function="OnRotateLeft"/>
            <Event Name="ButtonUp" Function="OnRotateLeftCancel"/>
            <Event Name="ButtonUpCancel" Function="OnRotateLeftCancel"/>
        </Control>
        <Control Class="Button" Base="btn_ArrowTurnRight" Font="Thick" ButtonType="PushButton" RadioGroup="" LAnchorPoint="0.5" LAnchorOffset="17" TAnchorPoint="1" TAnchorOffset="-96" RAnchorPoint="0.5" RAnchorOffset="142" BAnchorPoint="1" BAnchorOffset="-66" DT_VCENTER="1" DT_CENTER="1" Name="RotateRight" BGColor="UI_AlphaPercent70" TextColor="white" WindowSoundTemplate="Custom" NormalTextColor="white" PressedTextColor="white" FlybyTextColor="white" PressedFlybyTextColor="white" DisabledTextColor="white" TooltipColor="" Tooltip="" DrawAsCheckbox="1" NoClip="1">
            <Event Name="ButtonHoldBegin" Function="OnRotateRight"/>
            <Event Name="ButtonUp" Function="OnRotateRightCancel"/>
            <Event Name="ButtonUpCancel" Function="OnRotateRightCancel"/>
        </Control>
    </Form>
</Forms>
