<?xml version="1.0" encoding="UTF-8" standalone="yes" ?>
<Forms>
    <Form Class="Window" LAnchorPoint="0" LAnchorOffset="10" TAnchorPoint="0" TAnchorOffset="10" RAnchorPoint="0" RAnchorOffset="500" BAnchorPoint="0" BAnchorOffset="350" RelativeToClient="1" Font="Default" Text="" Template="Default" Name="ColorPickerForm" Border="0" Picture="1" SwallowMouseClicks="1" Moveable="1" Escapable="1" Overlapped="0" BGColor="c0e0e0e0" TextColor="ffffffff" TextId="" TooltipColor="" Tooltip="" Sprite="CRB_Basekit:kitBase_MetalGrey_ListSmall" NoClip="0" DT_CENTER="0" DT_VCENTER="0">
        <Control Class="Window" LAnchorPoint="0" LAnchorOffset="0" TAnchorPoint="0" TAnchorOffset="5" RAnchorPoint="0" RAnchorOffset="500" BAnchorPoint="0" BAnchorOffset="28" RelativeToClient="1" Font="CRB_InterfaceMedium" Template="Default" Name="Title" BGColor="ffffffff" TextColor="UI_TextMetalGold" DT_VCENTER="1" DT_CENTER="1" NewControlDepth="2" TextId="" Text="Color Picker" TooltipColor="" IgnoreMouse="1" Escapable="0" NewWindowDepth="1"/>
        <Control Class="Button" Base="CRB_UIKitSprites:btn_square_LARGE_Red" Font="CRB_InterfaceMedium" ButtonType="PushButton" RadioGroup="" LAnchorPoint="1" LAnchorOffset="-125" TAnchorPoint="1" TAnchorOffset="-50" RAnchorPoint="1" RAnchorOffset="-25" BAnchorPoint="1" BAnchorOffset="-15" DT_VCENTER="1" DT_CENTER="1" Name="CancelButton" BGColor="ffffffff" TextColor="ffffffff" NewControlDepth="2" WindowSoundTemplate="TogglePhys03" TextId="CRB_Cancel" Text="" TooltipColor="" NormalTextColor="ffffffff" PressedTextColor="ffffffff" FlybyTextColor="ffffffff" PressedFlybyTextColor="ffffffff" DisabledTextColor="ffffffff" NewWindowDepth="1">
            <Event Name="ButtonSignal" Function="OnCancel"/>
        </Control>
        <Control Class="Button" Base="CRB_UIKitSprites:btn_square_LARGE_Green" Font="CRB_InterfaceMedium" ButtonType="PushButton" RadioGroup="" LAnchorPoint="1" LAnchorOffset="-235" TAnchorPoint="1" TAnchorOffset="-50" RAnchorPoint="1" RAnchorOffset="-135" BAnchorPoint="1" BAnchorOffset="-15" DT_VCENTER="1" DT_CENTER="1" Name="OkButton" BGColor="ffffffff" TextColor="ffffffff" NewControlDepth="2" WindowSoundTemplate="TogglePhys02" TextId="CRB_OK" Text="" TooltipColor="" NormalTextColor="ffffffff" PressedTextColor="ffffffff" FlybyTextColor="ffffffff" PressedFlybyTextColor="ffffffff" DisabledTextColor="ffffffff" NewWindowDepth="1">
            <Event Name="ButtonSignal" Function="OnOK"/>
        </Control>
        <Control Class="Window" LAnchorPoint="0" LAnchorOffset="8" TAnchorPoint="0" TAnchorOffset="23" RAnchorPoint="0" RAnchorOffset="240" BAnchorPoint="0" BAnchorOffset="255" RelativeToClient="1" Font="Default" Text="" Template="Default" TooltipType="OnCursor" Name="ColorRingFrame" BGColor="e0ffffff" TextColor="ffffffff" TooltipColor="" Tooltip="" Sprite="" IgnoreMouse="0" NewWindowDepth="1" NoClip="0" Picture="0" TestAlpha="0">
            <Event Name="MouseButtonDown" Function="OnMouseDownColor"/>
            <Event Name="MouseButtonUp" Function="OnMouseUpColor"/>
            <Event Name="MouseMove" Function="OnMouseMoveColor"/>
            <Event Name="MouseExit" Function="OnMouseExitColor"/>
        </Control>
        <Control Class="Window" LAnchorPoint="0" LAnchorOffset="19" TAnchorPoint="0" TAnchorOffset="34" RAnchorPoint="0" RAnchorOffset="229" BAnchorPoint="0" BAnchorOffset="244" RelativeToClient="1" Font="Default" Text="" Template="Default" TooltipType="OnCursor" Name="ColorRing" BGColor="ffffffff" TextColor="ffffffff" TooltipColor="" Tooltip="" Sprite="CRB_ActionBarIconSprites:sprAS_Chnl_Highlight" IgnoreMouse="1" NewWindowDepth="1" NoClip="0" Picture="1" TestAlpha="0"/>
        <Control Class="Window" LAnchorPoint="0" LAnchorOffset="117" TAnchorPoint="0" TAnchorOffset="42" RAnchorPoint="0" RAnchorOffset="133" BAnchorPoint="0" BAnchorOffset="58" RelativeToClient="0" Font="Default" Text="" Template="Default" TooltipType="OnCursor" Name="ColorSelector" BGColor="e0ffffff" TextColor="ffffffff" TooltipColor="" Picture="1" IgnoreMouse="1" NoClip="1" NewWindowDepth="1" Sprite="CRB_PlayerPathSprites:sprPP_ExpTargetIcon" Tooltip="" Visible="1"/>
        <Control Class="Window" LAnchorPoint="0" LAnchorOffset="76" TAnchorPoint="0" TAnchorOffset="88" RAnchorPoint="0" RAnchorOffset="176" BAnchorPoint="0" BAnchorOffset="188" RelativeToClient="1" Font="Default" Text="" Template="Default" TooltipType="OnCursor" Name="ColorGradientFrame" BGColor="ffc0c0c0" TextColor="ffffffff" TooltipColor="" IgnoreMouse="1" NewWindowDepth="1" Picture="1" Sprite="ClientSprites:LineFill" Tooltip=""/>
        <Control Class="Window" LAnchorPoint="0" LAnchorOffset="78" TAnchorPoint="0" TAnchorOffset="90" RAnchorPoint="0" RAnchorOffset="174" BAnchorPoint="0" BAnchorOffset="186" RelativeToClient="1" Font="Default" Text="" Template="Default" TooltipType="OnCursor" Name="ColorGradient" BGColor="ffffffff" TextColor="ffffffff" TooltipColor="" Picture="1" IgnoreMouse="1" NewWindowDepth="1" Sprite="AbilitiesSprites:spr_FrameSelection"/>
        <Control Class="Window" LAnchorPoint="0" LAnchorOffset="78" TAnchorPoint="0" TAnchorOffset="90" RAnchorPoint="0" RAnchorOffset="174" BAnchorPoint="0" BAnchorOffset="186" RelativeToClient="1" Font="Default" Text="" Template="Default" TooltipType="OnCursor" Name="ColorOverlay" BGColor="ffffffff" TextColor="ffffffff" TooltipColor="" Picture="1" IgnoreMouse="1" NewWindowDepth="1" Sprite="HologramSprites:HoloFrame2" Tooltip="">
            <Control Class="Window" LAnchorPoint="0" LAnchorOffset="38" TAnchorPoint="0" TAnchorOffset="38" RAnchorPoint="0" RAnchorOffset="54" BAnchorPoint="0" BAnchorOffset="54" RelativeToClient="1" Font="Default" Text="" Template="Default" TooltipType="OnCursor" Name="ColorSelector" BGColor="e0ffffff" TextColor="ffffffff" TooltipColor="" Picture="1" IgnoreMouse="1" NoClip="1" NewWindowDepth="1" Sprite="CRB_PlayerPathSprites:sprPP_ExpTargetIcon" Tooltip=""/>
        </Control>
        <Control Class="Window" LAnchorPoint="0" LAnchorOffset="34" TAnchorPoint="0" TAnchorOffset="255" RAnchorPoint="0" RAnchorOffset="214" BAnchorPoint="0" BAnchorOffset="269" RelativeToClient="1" Font="Default" Text="" Template="Default" TooltipType="OnCursor" Name="AlphaBackground" BGColor="darkgray" TextColor="ffffffff" TooltipColor="" Sprite="OldMetalSprites:OldMetalControlFrame" Picture="1" IgnoreMouse="1" NewWindowDepth="1" NoClip="0" HideInEditor="0" Tooltip=""/>
        <Control Class="SliderBar" LAnchorPoint="0" LAnchorOffset="23" TAnchorPoint="0" TAnchorOffset="252" RAnchorPoint="0" RAnchorOffset="224" BAnchorPoint="0" BAnchorOffset="270" RelativeToClient="1" Font="Default" Text="" Template="Default" TooltipType="OnCursor" Name="AlphaSlider" BGColor="ffffffff" TextColor="ffffffff" TooltipColor="" LeftCap="" RightCap="" Min="0.000000" Max="100.000000" TickAmount="10.000000" InitialValue="100.000000" Sprite="CRB_UIKitSprites:spr_baseframe" Picture="0" NewWindowDepth="1" Tooltip="" Thumb="CharacterWindowSprites:btn_TitleSelect" InstantMouseReact="1">
            <Event Name="SliderBarChanging" Function="OnAlphaChanging"/>
        </Control>
        <Control Class="Window" LAnchorPoint="0" LAnchorOffset="257" TAnchorPoint="0" TAnchorOffset="60" RAnchorPoint="0" RAnchorOffset="312" BAnchorPoint="0" BAnchorOffset="90" RelativeToClient="1" Font="Default" Text="" Template="Default" TooltipType="OnCursor" Name="RedBox" BGColor="ffff0000" TextColor="ffffffff" TooltipColor="" Sprite="CRB_GroupFrame:sprGroup_HoloInactive" Picture="1" IgnoreMouse="1" NewWindowDepth="1" Tooltip="">
            <Control Class="Window" LAnchorPoint="0" LAnchorOffset="-20" TAnchorPoint="0" TAnchorOffset="0" RAnchorPoint="0" RAnchorOffset="0" BAnchorPoint="0" BAnchorOffset="30" RelativeToClient="1" Font="CRB_InterfaceLarge" Text="R" Template="Default" TooltipType="OnCursor" Name="Caption" BGColor="ffffffff" TextColor="ffffffff" TooltipColor="" DT_VCENTER="1" DT_CENTER="1" TextId="" IgnoreMouse="1" NewWindowDepth="1" NoClip="1"/>
            <Control Class="EditBox" LAnchorPoint="0" LAnchorOffset="10" TAnchorPoint="0" TAnchorOffset="5" RAnchorPoint="1" RAnchorOffset="-10" BAnchorPoint="1" BAnchorOffset="-5" RelativeToClient="1" Font="CRB_InterfaceLarge" Text="123" Template="Default" TooltipType="OnCursor" Name="Editor" BGColor="ffffffff" TextColor="ffffffff" TooltipColor="" DT_VCENTER="1" TextId="" TabStop="1" LoseFocusOnExternalClick="1" NoSelectOnFocus="0" Tooltip="">
                <Event Name="EditBoxChanged" Function="OnColorChanged"/>
            </Control>
        </Control>
        <Control Class="Window" LAnchorPoint="0" LAnchorOffset="257" TAnchorPoint="0" TAnchorOffset="100" RAnchorPoint="0" RAnchorOffset="312" BAnchorPoint="0" BAnchorOffset="130" RelativeToClient="1" Font="Default" Text="" Template="Default" TooltipType="OnCursor" Name="GreenBox" BGColor="ff00ff00" TextColor="ffffffff" TooltipColor="" Sprite="CRB_GroupFrame:sprGroup_HoloInactive" Picture="1" IgnoreMouse="1" NewWindowDepth="1">
            <Control Class="Window" LAnchorPoint="0" LAnchorOffset="-20" TAnchorPoint="0" TAnchorOffset="0" RAnchorPoint="0" RAnchorOffset="0" BAnchorPoint="0" BAnchorOffset="30" RelativeToClient="1" Font="CRB_InterfaceLarge" Text="G" Template="Default" TooltipType="OnCursor" Name="Caption" BGColor="ffffffff" TextColor="ffffffff" TooltipColor="" IgnoreMouse="1" NoClip="1" NewWindowDepth="1" DT_CENTER="1" DT_VCENTER="1" TextId=""/>
            <Control Class="EditBox" LAnchorPoint="0" LAnchorOffset="10" TAnchorPoint="0" TAnchorOffset="5" RAnchorPoint="1" RAnchorOffset="-10" BAnchorPoint="1" BAnchorOffset="-5" RelativeToClient="1" Font="CRB_InterfaceLarge" Text="42" Template="Default" TooltipType="OnCursor" Name="Editor" BGColor="ffffffff" TextColor="ffffffff" TooltipColor="" TextId="" DT_VCENTER="1" TabStop="1" NoSelectOnFocus="0" LoseFocusOnExternalClick="1">
                <Event Name="EditBoxChanged" Function="OnColorChanged"/>
            </Control>
        </Control>
        <Control Class="Window" LAnchorPoint="0" LAnchorOffset="257" TAnchorPoint="0" TAnchorOffset="140" RAnchorPoint="0" RAnchorOffset="312" BAnchorPoint="0" BAnchorOffset="170" RelativeToClient="1" Font="Default" Text="" Template="Default" TooltipType="OnCursor" Name="BlueBox" BGColor="ff0000ff" TextColor="ffffffff" TooltipColor="" Sprite="CRB_GroupFrame:sprGroup_HoloInactive" Picture="1" IgnoreMouse="1" NewWindowDepth="1">
            <Control Class="Window" LAnchorPoint="0" LAnchorOffset="-20" TAnchorPoint="0" TAnchorOffset="0" RAnchorPoint="0" RAnchorOffset="0" BAnchorPoint="0" BAnchorOffset="30" RelativeToClient="1" Font="CRB_InterfaceLarge" Text="B" Template="Default" TooltipType="OnCursor" Name="Caption" BGColor="ffffffff" TextColor="ffffffff" TooltipColor="" TextId="" DT_CENTER="1" DT_VCENTER="1" IgnoreMouse="1" NewWindowDepth="1" NoClip="1"/>
            <Control Class="EditBox" LAnchorPoint="0" LAnchorOffset="10" TAnchorPoint="0" TAnchorOffset="5" RAnchorPoint="1" RAnchorOffset="-10" BAnchorPoint="1" BAnchorOffset="-5" RelativeToClient="1" Font="CRB_InterfaceLarge" Text="37" Template="Default" TooltipType="OnCursor" Name="Editor" BGColor="ffffffff" TextColor="ffffffff" TooltipColor="" DT_VCENTER="1" TextId="" TabStop="1" NoSelectOnFocus="0" LoseFocusOnExternalClick="1">
                <Event Name="EditBoxChanged" Function="OnColorChanged"/>
            </Control>
        </Control>
        <Control Class="Window" LAnchorPoint="0" LAnchorOffset="257" TAnchorPoint="0" TAnchorOffset="180" RAnchorPoint="0" RAnchorOffset="330" BAnchorPoint="0" BAnchorOffset="210" RelativeToClient="1" Font="Default" Text="" Template="Default" TooltipType="OnCursor" Name="HexBox" BGColor="ffc0c0c0" TextColor="ffffffff" TooltipColor="" Sprite="CRB_GroupFrame:sprGroup_HoloInactive" Picture="1" IgnoreMouse="1" NewWindowDepth="1" Tooltip="">
            <Control Class="Window" LAnchorPoint="0" LAnchorOffset="-20" TAnchorPoint="0" TAnchorOffset="0" RAnchorPoint="0" RAnchorOffset="0" BAnchorPoint="0" BAnchorOffset="30" RelativeToClient="1" Font="CRB_InterfaceLarge" Text="" Template="Default" TooltipType="OnCursor" Name="Caption" BGColor="ffffffff" TextColor="ffffffff" TooltipColor="" DT_VCENTER="1" DT_CENTER="1" TextId="CRB__8" IgnoreMouse="1" NewWindowDepth="1" NoClip="1"/>
            <Control Class="EditBox" LAnchorPoint="0" LAnchorOffset="10" TAnchorPoint="0" TAnchorOffset="5" RAnchorPoint="1" RAnchorOffset="-7" BAnchorPoint="1" BAnchorOffset="-5" RelativeToClient="1" Font="CRB_InterfaceLarge" Text="123456" Template="Default" TooltipType="OnCursor" Name="Editor" BGColor="ffffffff" TextColor="ffffffff" TooltipColor="" DT_VCENTER="1" TextId="" TabStop="1" NoSelectOnFocus="0" LoseFocusOnExternalClick="1">
                <Event Name="EditBoxChanged" Function="OnHexChanged"/>
            </Control>
        </Control>
        <Control Class="Window" LAnchorPoint="0" LAnchorOffset="257" TAnchorPoint="0" TAnchorOffset="246" RAnchorPoint="0" RAnchorOffset="312" BAnchorPoint="0" BAnchorOffset="276" RelativeToClient="1" Font="Default" Text="" Template="Default" TooltipType="OnCursor" Name="AlphaBox" BGColor="ffc0c0c0" TextColor="ffffffff" TooltipColor="" Sprite="CRB_GroupFrame:sprGroup_HoloInactive" Picture="1" IgnoreMouse="1" NewWindowDepth="1" Tooltip="">
            <Control Class="Window" LAnchorPoint="0" LAnchorOffset="-20" TAnchorPoint="0" TAnchorOffset="0" RAnchorPoint="0" RAnchorOffset="0" BAnchorPoint="0" BAnchorOffset="30" RelativeToClient="1" Font="CRB_InterfaceLarge" Text="A" Template="Default" TooltipType="OnCursor" Name="Caption" BGColor="ffffffff" TextColor="ffffffff" TooltipColor="" DT_VCENTER="1" DT_CENTER="1" TextId="" IgnoreMouse="1" NewWindowDepth="1" NoClip="1"/>
            <Control Class="EditBox" LAnchorPoint="0" LAnchorOffset="10" TAnchorPoint="0" TAnchorOffset="5" RAnchorPoint="1" RAnchorOffset="-10" BAnchorPoint="1" BAnchorOffset="-5" RelativeToClient="1" Font="CRB_InterfaceLarge" Text="0.5" Template="Default" TooltipType="OnCursor" Name="Editor" BGColor="ffffffff" TextColor="ffffffff" TooltipColor="" DT_VCENTER="1" TextId="" TabStop="1" NoSelectOnFocus="0" LoseFocusOnExternalClick="1">
                <Event Name="EditBoxChanged" Function="OnAlphaChanged"/>
            </Control>
        </Control>
        <Control Class="Window" LAnchorPoint="0" LAnchorOffset="354" TAnchorPoint="0" TAnchorOffset="34" RAnchorPoint="0" RAnchorOffset="466" BAnchorPoint="0" BAnchorOffset="146" RelativeToClient="1" Font="Default" Text="" Template="Default" TooltipType="OnCursor" Name="Checkerboard" BGColor="ffffffff" TextColor="ffffffff" TooltipColor="" Sprite="AbilitiesSprites:spr_FrameSelection" Picture="1" IgnoreMouse="1" NewWindowDepth="1"/>
        <Control Class="Window" LAnchorPoint="0" LAnchorOffset="400" TAnchorPoint="0" TAnchorOffset="40" RAnchorPoint="0" RAnchorOffset="460" BAnchorPoint="0" BAnchorOffset="60" RelativeToClient="1" Font="Default" Text="" Template="Default" TooltipType="OnCursor" Name="OldColorTop" BGColor="8000ff00" TextColor="ffffffff" TooltipColor="" IgnoreMouse="1" NewWindowDepth="1" Sprite="ClientSprites:Selection" Picture="1"/>
        <Control Class="Window" LAnchorPoint="0" LAnchorOffset="440" TAnchorPoint="0" TAnchorOffset="60" RAnchorPoint="0" RAnchorOffset="460" BAnchorPoint="0" BAnchorOffset="100" RelativeToClient="1" Font="Default" Text="" Template="Default" TooltipType="OnCursor" Name="OldColorBottom" BGColor="8000ff00" TextColor="ffffffff" TooltipColor="" IgnoreMouse="1" NewWindowDepth="1" Sprite="ClientSprites:Selection" Picture="1"/>
        <Control Class="Window" LAnchorPoint="0" LAnchorOffset="360" TAnchorPoint="0" TAnchorOffset="60" RAnchorPoint="0" RAnchorOffset="440" BAnchorPoint="0" BAnchorOffset="140" RelativeToClient="1" Font="Default" Text="" Template="Default" TooltipType="OnCursor" Name="NewColor" BGColor="c0ff0000" TextColor="ffffffff" TooltipColor="" IgnoreMouse="1" NewWindowDepth="1" Picture="1" Sprite="ClientSprites:Selection" Tooltip=""/>
        <Control Class="Window" LAnchorPoint="0" LAnchorOffset="370" TAnchorPoint="0" TAnchorOffset="214" RAnchorPoint="0" RAnchorOffset="430" BAnchorPoint="0" BAnchorOffset="274" RelativeToClient="1" Font="Default" Text="" Template="Default" TooltipType="OnCursor" Name="CopyColor" BGColor="cyan" TextColor="ffffffff" TooltipColor="" IgnoreMouse="1" NewWindowDepth="1" Picture="1" Sprite="ClientSprites:Selection" Tooltip=""/>
        <Control Class="Button" Base="CRB_GroupFrame:sprGroup_HoloInactive" Font="CRB_InterfaceMedium" ButtonType="PushButton" RadioGroup="" LAnchorPoint="0" LAnchorOffset="370" TAnchorPoint="0" TAnchorOffset="150" RAnchorPoint="0" RAnchorOffset="430" BAnchorPoint="0" BAnchorOffset="174" DT_VCENTER="1" DT_CENTER="1" TooltipType="OnCursor" Name="CopyButton" BGColor="ffffffff" TextColor="ffffffff" TooltipColor="" NormalTextColor="ffffffff" PressedTextColor="ffffffff" FlybyTextColor="ffffffff" PressedFlybyTextColor="ffffffff" DisabledTextColor="ffffffff" Text="" TextId="CRB_Copy" Sprite="" Picture="1">
            <Event Name="ButtonSignal" Function="OnCopyButton"/>
        </Control>
        <Control Class="Button" Base="CRB_GroupFrame:sprGroup_HoloInactive" Font="CRB_InterfaceMedium" ButtonType="PushButton" RadioGroup="" LAnchorPoint="0" LAnchorOffset="370" TAnchorPoint="0" TAnchorOffset="186" RAnchorPoint="0" RAnchorOffset="430" BAnchorPoint="0" BAnchorOffset="210" DT_VCENTER="1" DT_CENTER="1" TooltipType="OnCursor" Name="PasteButton" BGColor="ffffffff" TextColor="ffffffff" TooltipColor="" NormalTextColor="ffffffff" PressedTextColor="ffffffff" FlybyTextColor="ffffffff" PressedFlybyTextColor="ffffffff" DisabledTextColor="ffffffff" Text="Paste" TextId="" Tooltip="">
            <Event Name="ButtonSignal" Function="OnPasteButton"/>
        </Control>
        <Control Class="Window" LAnchorPoint="0" LAnchorOffset="16" TAnchorPoint="1" TAnchorOffset="-50" RAnchorPoint="0" RAnchorOffset="250" BAnchorPoint="1" BAnchorOffset="-15" RelativeToClient="1" Font="CRB_InterfaceSmall_I" Text="Control key enables snap-to-color." Template="Default" TooltipType="OnCursor" Name="Hint" BGColor="ffffffff" TextColor="UI_TextMetalGold" TooltipColor="" DT_VCENTER="1" TextId="" DT_CENTER="1"/>
    </Form>
</Forms>
