<?xml version="1.0" encoding="UTF-8" standalone="yes" ?>
<Sprites>
    <Sprite Name="sprColorRing" Cycle="1">
        <Frame Texture="ColorPicker\Sprites\color_ring.tga" x0="0" x1="0" x2="0" x3="0" x4="0" x5="210" y0="0" y1="0" y2="0" y3="0" y4="0" y5="210" Stretchy="1" HotspotX="210" HotspotY="4" Duration="1.000" StartColor="white" EndColor="white" />
    </Sprite>
    <Sprite Name="sprColorOverlay" Cycle="1">
        <Frame Texture="ColorPicker\Sprites\color_overlay.tga" x0="0" x1="0" x2="0" x3="0" x4="0" x5="96" y0="0" y1="0" y2="0" y3="0" y4="0" y5="96" Stretchy="1" HotspotX="96" HotspotY="4" Duration="1.000" StartColor="white" EndColor="white" />
    </Sprite>
    <Sprite Name="sprColorGradient" Cycle="1">
        <Frame Texture="ColorPicker\Sprites\color_gradient.tga" x0="0" x1="0" x2="0" x3="0" x4="0" x5="96" y0="0" y1="0" y2="0" y3="0" y4="0" y5="96" Stretchy="1" HotspotX="96" HotspotY="4" Duration="1.000" StartColor="white" EndColor="white" />
    </Sprite>
    <Sprite Name="sprCheckerboard" Cycle="1">
        <Frame Texture="ColorPicker\Sprites\metal_grate.tga" x0="0" x1="0" x2="0" x3="0" x4="0" x5="112" y0="0" y1="0" y2="0" y3="0" y4="0" y5="112" Stretchy="1" HotspotX="112" HotspotY="4" Duration="1.000" StartColor="white" EndColor="white" />
    </Sprite>
</Sprites>
