<?xml version="1.0" encoding="UTF-8"?>
<Forms>
    <Form Class="Window" LAnchorPoint="0.5" LAnchorOffset="-190" TAnchorPoint="0.5" TAnchorOffset="-350" RAnchorPoint="0.5" RAnchorOffset="208" BAnchorPoint="0.5" BAnchorOffset="225" RelativeToClient="1" Font="Default" Text="" Template="Default" TooltipType="OnCursor" Name="ImprovedSalvageForm" Border="0" Picture="0" SwallowMouseClicks="1" Moveable="1" Escapable="1" Overlapped="1" BGColor="white" TextColor="white" TooltipColor="" Sizable="1" Tooltip="">
        <Control Class="Window" LAnchorPoint="0" LAnchorOffset="-6" TAnchorPoint="0" TAnchorOffset="-6" RAnchorPoint="1" RAnchorOffset="8" BAnchorPoint="1" BAnchorOffset="6" RelativeToClient="1" Font="Default" Text="" Template="Default" Name="BGFrame" BGColor="white" TextColor="white" Picture="1" IgnoreMouse="1" Sprite="BK3:UI_BK3_Holo_Framing_2" NewControlDepth="2" NewWindowDepth="0" NoClip="1" TooltipColor="" HideInEditor="0">
            <Control Class="Button" Base="BK3:btnHolo_Close" Font="Thick" ButtonType="PushButton" RadioGroup="" LAnchorPoint="1" LAnchorOffset="-73" TAnchorPoint="0" TAnchorOffset="30" RAnchorPoint="1" RAnchorOffset="-31" BAnchorPoint="0" BAnchorOffset="74" DT_VCENTER="1" DT_CENTER="1" Name="CloseBtn" BGColor="white" TextColor="white" NormalTextColor="white" PressedTextColor="white" FlybyTextColor="white" PressedFlybyTextColor="white" DisabledTextColor="white" RelativeToClient="1" Overlapped="1" NewWindowDepth="1" TooltipColor="">
                <Event Name="ButtonSignal" Function="OnCloseBtn"/>
            </Control>
            <Control Class="Window" LAnchorPoint="1" LAnchorOffset="-54" TAnchorPoint="0" TAnchorOffset="4" RAnchorPoint="1" RAnchorOffset="-2" BAnchorPoint="0" BAnchorOffset="160" RelativeToClient="1" Font="Default" Text="" Template="Default" Name="BGOptionsHolder" BGColor="white" TextColor="white" Picture="1" IgnoreMouse="1" Sprite="CRB_Basekit:kitAccent_Corner_Exile_Lower" HideInEditor="1" Visible="0" TooltipColor="">
                <Control Class="Button" Base="CRB_Basekit:kitBtn_Metal_Options" Font="Thick" ButtonType="Check" RadioGroup="" LAnchorPoint="0" LAnchorOffset="22" TAnchorPoint="0" TAnchorOffset="36" RAnchorPoint="0" RAnchorOffset="54" BAnchorPoint="0" BAnchorOffset="68" DT_VCENTER="1" DT_CENTER="1" Name="OptionsBtn" BGColor="white" TextColor="white" NormalTextColor="white" PressedTextColor="white" FlybyTextColor="white" PressedFlybyTextColor="white" DisabledTextColor="white" NoClip="1" RelativeToClient="1" TooltipColor="">
                    <Event Name="ButtonCheck" Function="OnOptionsMenuToggle"/>
                    <Event Name="ButtonUncheck" Function="OnOptionsMenuToggle"/>
                </Control>
                <Control Class="Window" LAnchorPoint="0" LAnchorOffset="16" TAnchorPoint="0" TAnchorOffset="30" RAnchorPoint="0" RAnchorOffset="60" BAnchorPoint="0" BAnchorOffset="74" RelativeToClient="1" Font="Default" Text="" Template="Default" Name="OptionsBtnFlash" BGColor="UI_AlphaPercent80" TextColor="white" Picture="1" IgnoreMouse="1" Sprite="" NewWindowDepth="1" NoClip="1" TooltipColor=""/>
            </Control>
            <Control Class="BagWindow" LAnchorPoint="0.5" LAnchorOffset="-1" TAnchorPoint="0.5" TAnchorOffset="-1" RAnchorPoint="0.5" RAnchorOffset="1" BAnchorPoint="0.5" BAnchorOffset="1" RelativeToClient="0" Sprite="CRB_UIKitSprites:spr_baseframe" SquareSize="50" BoxesPerRow="5" Template="CRB_Normal" TooltipType="OnCursor" Border="0" NoClip="1" SwallowMouseClicks="1" UseTemplateBG="1" VScroll="0" IgnoreTooltipDelay="1" NewQuestOverlaySprite="ClientSprites:sprItem_NewQuest" Name="HiddenBagWindow" BGColor="white" TextColor="white" TooltipColor="" Visible="0" HideInEditor="1"/>
        </Control>
        <Control Class="Window" LAnchorPoint="0" LAnchorOffset="40" TAnchorPoint="0" TAnchorOffset="66" RAnchorPoint="1" RAnchorOffset="-40" BAnchorPoint="1" BAnchorOffset="-104" RelativeToClient="1" Font="Default" Text="" Template="Holo_ScrollListSmall" TooltipType="OnCursor" Name="MainScroll" BGColor="white" TextColor="white" TooltipColor="" VScroll="1" IgnoreMouse="1" UseTemplateBG="1" Border="1" Picture="0" NewControlDepth="3">
            <Control Class="Window" LAnchorPoint="0" LAnchorOffset="0" TAnchorPoint="0" TAnchorOffset="-16" RAnchorPoint="1" RAnchorOffset="0" BAnchorPoint="0" BAnchorOffset="132" RelativeToClient="1" Font="Default" Text="" Template="Default" TooltipType="OnCursor" Name="ItemDisplayWindow" BGColor="white" TextColor="white" TooltipColor=""/>
        </Control>
        <Control Class="Window" LAnchorPoint="0" LAnchorOffset="25" TAnchorPoint="0" TAnchorOffset="30" RAnchorPoint="1" RAnchorOffset="-25" BAnchorPoint="0" BAnchorOffset="63" RelativeToClient="1" Font="CRB_HeaderMedium" Text="" Template="Default" TooltipType="OnCursor" Name="TitleForm" BGColor="black" TextColor="UI_WindowTitleYellow" TooltipColor="" TextId="CRB_Salvage" DT_VCENTER="1" DT_CENTER="1"/>
        <Control Class="Button" Base="BK3:btnHolo_Blue_Med" Font="CRB_Button" ButtonType="PushButton" RadioGroup="" LAnchorPoint="0" LAnchorOffset="256" TAnchorPoint="1" TAnchorOffset="-102" RAnchorPoint="0.5" RAnchorOffset="167" BAnchorPoint="1" BAnchorOffset="-30" DT_VCENTER="1" DT_CENTER="1" TooltipType="OnCursor" Name="SkipBtn" BGColor="white" TextColor="white" TooltipColor="" NormalTextColor="UI_BtnTextBlueNormal" PressedTextColor="UI_BtnTextBluePressed" FlybyTextColor="UI_BtnTextBlueFlyby" PressedFlybyTextColor="UI_BtnTextBluePressedFlyby" DisabledTextColor="UI_BtnTextBlueDisabled" Text="" TextId="CRB_Next" TestAlpha="1">
            <Event Name="ButtonSignal" Function="OnSalvageNext"/>
        </Control>
        <Control Class="ActionConfirmButton" Base="BK3:btnHolo_Blue_Med" Font="CRB_Button" ButtonType="PushButton" RadioGroup="" LAnchorPoint="0.5" LAnchorOffset="-81" TAnchorPoint="1" TAnchorOffset="-103" RAnchorPoint="1" RAnchorOffset="-130" BAnchorPoint="1" BAnchorOffset="-31" DT_VCENTER="1" DT_CENTER="1" Name="SalvageBtn" BGColor="green" TextColor="UI_BtnTextGreenNormal" NormalTextColor="UI_BtnTextGreenNormal" PressedTextColor="UI_BtnTextGreenPressed" FlybyTextColor="UI_BtnTextGreenFlyby" PressedFlybyTextColor="UI_BtnTextGreenPressedFlyby" WindowSoundTemplate="PushbuttonDigi02" TextId="GVT_Salvage" DisabledTextColor="UI_BtnTextHoloDisabled" Text="" TooltipColor="" TestAlpha="1">
            <Event Name="SalvageItemRequested" Function="OnSalvageCurr"/>
        </Control>
    </Form>
</Forms>
