<?xml version="1.0" encoding="UTF-8"?>
<Sprites>
    <Sprite Name="SAO_Shield" Cycle="1">
        <Frame Texture="BijiPlates\sao.tga" x0="0" x1="0" x2="0" x3="0" x4="0" x5="200" y0="0" y1="0" y2="0" y3="0" y4="0" y5="10" Stretchy="1" HotspotX="0" HotspotY="0" Duration="1.000" StartColor="ffffffff" EndColor="ffffffff"/>
    </Sprite>
    <Sprite Name="SAO_Health" Cycle="1">
        <Frame Texture="BijiPlates\sao.tga" x0="0" x1="0" x2="0" x3="0" x4="0" x5="200" y0="10" y1="10" y2="10" y3="10" y4="10" y5="30" Stretchy="1" HotspotX="0" HotspotY="0" Duration="1.000" StartColor="ffffffff" EndColor="ffffffff"/>
    </Sprite>
    <Sprite Name="SAO_Health_Border" Cycle="1">
        <Frame Texture="BijiPlates\sao.tga" x0="0" x1="0" x2="0" x3="0" x4="0" x5="200" y0="40" y1="40" y2="40" y3="40" y4="40" y5="60" Stretchy="1" HotspotX="0" HotspotY="0" Duration="1.000" StartColor="ffffffff" EndColor="ffffffff"/>
    </Sprite>
    <Sprite Name="SAO_Health_Border_Thick" Cycle="1">
        <Frame Texture="BijiPlates\sao.tga" x0="0" x1="0" x2="0" x3="0" x4="0" x5="200" y0="70" y1="70" y2="70" y3="70" y4="70" y5="90" Stretchy="1" HotspotX="0" HotspotY="0" Duration="1.000" StartColor="ffffffff" EndColor="ffffffff"/>
    </Sprite>
    <Sprite Name="Flat_Border" Cycle="1">
        <Frame Texture="BijiPlates\sao.tga" x0="0" x1="0" x2="0" x3="2" x4="8" x5="10" y0="100" y1="100" y2="100" y3="102" y4="108" y5="110" Stretchy="1" HotspotX="0" HotspotY="0" Duration="1.000" StartColor="ffffffff" EndColor="ffffffff"/>
    </Sprite>
    <Sprite Name="Flat_Border_Thick" Cycle="1">
        <Frame Texture="BijiPlates\sao.tga" x0="20" x1="20" x2="20" x3="23" x4="27" x5="30" y0="100" y1="100" y2="100" y3="103" y4="107" y5="110" Stretchy="1" HotspotX="0" HotspotY="0" Duration="1.000" StartColor="ffffffff" EndColor="ffffffff"/>
    </Sprite>
    <Sprite Name="BijiGrad_1" Cycle="1">
        <Frame Texture="BijiPlates\sao.tga" x0="0" x1="1" x2="9" x3="10" x4="10" x5="10" y0="140" y1="141" y2="159" y3="160" y4="160" y5="160" Stretchy="1" HotspotX="0" HotspotY="0" Duration="1.000" StartColor="ffffffff" EndColor="ffffffff"/>
    </Sprite>
    <Sprite Name="BijiGrad_2" Cycle="1">
        <Frame Texture="BijiPlates\sao.tga" x0="10" x1="11" x2="19" x3="20" x4="20" x5="20" y0="140" y1="141" y2="159" y3="160" y4="160" y5="160" Stretchy="1" HotspotX="0" HotspotY="0" Duration="1.000" StartColor="ffffffff" EndColor="ffffffff"/>
    </Sprite>
    <Sprite Name="BijiGrad_3" Cycle="1">
        <Frame Texture="BijiPlates\sao.tga" x0="20" x1="21" x2="29" x3="30" x4="30" x5="30" y0="140" y1="141" y2="159" y3="160" y4="160" y5="160" Stretchy="1" HotspotX="0" HotspotY="0" Duration="1.000" StartColor="ffffffff" EndColor="ffffffff"/>
    </Sprite>
    <Sprite Name="BijiGrad_4" Cycle="1">
        <Frame Texture="BijiPlates\sao.tga" x0="30" x1="31" x2="39" x3="40" x4="40" x5="40" y0="140" y1="141" y2="159" y3="160" y4="160" y5="160" Stretchy="1" HotspotX="0" HotspotY="0" Duration="1.000" StartColor="ffffffff" EndColor="ffffffff"/>
    </Sprite>
    <Sprite Name="Flat_Health" Cycle="1">
        <Frame Texture="BijiPlates\sao.tga" x0="50" x1="52" x2="52" x3="52" x4="98" x5="100" y0="120" y1="122" y2="138" y3="138" y4="138" y5="140" Stretchy="1" HotspotX="0" HotspotY="0" Duration="1.000" StartColor="white" EndColor="white"/>
    </Sprite>
    <Sprite Name="Flat_Shield" Cycle="1">
        <Frame Texture="BijiPlates\sao.tga" x0="50" x1="50" x2="50" x3="52" x4="98" x5="100" y0="120" y1="122" y2="122" y3="122" y4="138" y5="138" Stretchy="1" HotspotX="0" HotspotY="0" Duration="1.000" StartColor="white" EndColor="white"/>
    </Sprite>
    <Sprite Name="NewSprite" Cycle="1">
        <Frame Texture="&lt; No Texture Selected &gt;" x0="0" x1="0" x2="0" x3="0" x4="0" x5="0" y0="0" y1="0" y2="0" y3="0" y4="0" y5="0" HotspotX="0" HotspotY="0" Duration="1.000" StartColor="ffffffff" EndColor="ffffffff"/>
    </Sprite>
    <Sprite Name="SAO_Health_Stretchy" Cycle="1">
        <Frame Texture="BijiPlates\sao.tga" x0="0" x1="2" x2="100" x3="100" x4="200" x5="200" y0="10" y1="12" y2="20" y3="22" y4="28" y5="30" Stretchy="1" HotspotX="0" HotspotY="0" Duration="1.000" StartColor="white" EndColor="white"/>
    </Sprite>
    <Sprite Name="SAO_Health_Streachy2" Cycle="1">
        <Frame Texture="BijiPlates\sao.tga" x0="0" x1="2" x2="101" x3="101" x4="200" x5="200" y0="10" y1="10" y2="10" y3="30" y4="30" y5="30" Stretchy="1" HotspotX="0" HotspotY="0" Duration="1.000" StartColor="ffffffff" EndColor="ffffffff"/>
    </Sprite>
    <Sprite Name="BijiGrad_5" Cycle="1">
        <Frame Texture="BijiPlates\sao.tga" x0="0" x1="0" x2="10" x3="10" x4="10" x5="10" y0="120" y1="120" y2="140" y3="140" y4="140" y5="140" Stretchy="1" HotspotX="0" HotspotY="0" Duration="1.000" StartColor="ffffffff" EndColor="ffffffff"/>
    </Sprite>
    <Sprite Name="BijiGrad_6" Cycle="1">
        <Frame Texture="BijiPlates\sao.tga" x0="10" x1="10" x2="20" x3="20" x4="20" x5="20" y0="120" y1="120" y2="140" y3="140" y4="140" y5="140" Stretchy="1" HotspotX="0" HotspotY="0" Duration="1.000" StartColor="ffffffff" EndColor="ffffffff"/>
    </Sprite>
    <Sprite Name="BijiGrad_7" Cycle="1">
        <Frame Texture="BijiPlates\sao.tga" x0="20" x1="20" x2="30" x3="30" x4="30" x5="30" y0="120" y1="120" y2="140" y3="140" y4="140" y5="140" Stretchy="1" HotspotX="0" HotspotY="0" Duration="1.000" StartColor="ffffffff" EndColor="ffffffff"/>
    </Sprite>
    <Sprite Name="BijiGrad_8" Cycle="1">
        <Frame Texture="BijiPlates\sao.tga" x0="30" x1="30" x2="40" x3="40" x4="40" x5="40" y0="120" y1="120" y2="140" y3="140" y4="140" y5="140" Stretchy="1" HotspotX="0" HotspotY="0" Duration="1.000" StartColor="ffffffff" EndColor="ffffffff"/>
    </Sprite>
    <Sprite Name="BijiGrad_1s" Cycle="1">
        <Frame Texture="BijiPlates\sao.tga" x0="0" x1="1" x2="9" x3="10" x4="10" x5="10" y0="140" y1="141" y2="159" y3="159" y4="159" y5="159" Stretchy="1" HotspotX="0" HotspotY="0" Duration="1.000" StartColor="ffffffff" EndColor="ffffffff"/>
    </Sprite>
    <Sprite Name="BijiGrad_2s" Cycle="1">
        <Frame Texture="BijiPlates\sao.tga" x0="10" x1="11" x2="19" x3="20" x4="20" x5="20" y0="140" y1="141" y2="159" y3="159" y4="159" y5="159" Stretchy="1" HotspotX="0" HotspotY="0" Duration="1.000" StartColor="ffffffff" EndColor="ffffffff"/>
    </Sprite>
    <Sprite Name="BijiGrad_3s" Cycle="1">
        <Frame Texture="BijiPlates\sao.tga" x0="20" x1="21" x2="29" x3="30" x4="30" x5="30" y0="140" y1="141" y2="159" y3="159" y4="159" y5="159" Stretchy="1" HotspotX="0" HotspotY="0" Duration="1.000" StartColor="ffffffff" EndColor="ffffffff"/>
    </Sprite>
    <Sprite Name="BijiGrad_4s" Cycle="1">
        <Frame Texture="BijiPlates\sao.tga" x0="30" x1="31" x2="39" x3="40" x4="40" x5="40" y0="140" y1="141" y2="159" y3="159" y4="159" y5="159" Stretchy="1" HotspotX="0" HotspotY="0" Duration="1.000" StartColor="ffffffff" EndColor="ffffffff"/>
    </Sprite>
    <Sprite Name="BijiGrad_9" Cycle="1">
        <Frame Texture="BijiPlates\sao.tga" x0="0" x1="1" x2="9" x3="10" x4="10" x5="10" y0="160" y1="161" y2="179" y3="180" y4="180" y5="180" Stretchy="1" HotspotX="0" HotspotY="0" Duration="1.000" StartColor="white" EndColor="white"/>
    </Sprite>
    <Sprite Name="BijiGrad_9s" Cycle="1">
        <Frame Texture="BijiPlates\sao.tga" x0="0" x1="1" x2="9" x3="10" x4="10" x5="10" y0="160" y1="161" y2="179" y3="179" y4="179" y5="179" Stretchy="1" HotspotX="0" HotspotY="0" Duration="1.000" StartColor="white" EndColor="white"/>
    </Sprite>
    <Sprite Name="BijiGrad_10" Cycle="1">
        <Frame Texture="BijiPlates\sao.tga" x0="10" x1="11" x2="19" x3="20" x4="20" x5="20" y0="160" y1="161" y2="179" y3="180" y4="180" y5="180" Stretchy="1" HotspotX="0" HotspotY="0" Duration="1.000" StartColor="white" EndColor="white"/>
    </Sprite>
    <Sprite Name="BijiGrad_10s" Cycle="1">
        <Frame Texture="BijiPlates\sao.tga" x0="10" x1="11" x2="19" x3="20" x4="20" x5="20" y0="160" y1="161" y2="179" y3="179" y4="179" y5="179" Stretchy="1" HotspotX="0" HotspotY="0" Duration="1.000" StartColor="white" EndColor="white"/>
    </Sprite>
    <Sprite Name="BijiGrad_11" Cycle="1">
        <Frame Texture="BijiPlates\sao.tga" x0="20" x1="21" x2="29" x3="30" x4="30" x5="30" y0="160" y1="161" y2="179" y3="180" y4="180" y5="180" Stretchy="1" HotspotX="0" HotspotY="0" Duration="1.000" StartColor="white" EndColor="white"/>
    </Sprite>
    <Sprite Name="BijiGrad_11s" Cycle="1">
        <Frame Texture="BijiPlates\sao.tga" x0="20" x1="21" x2="29" x3="30" x4="30" x5="30" y0="160" y1="161" y2="179" y3="179" y4="179" y5="179" Stretchy="1" HotspotX="0" HotspotY="0" Duration="1.000" StartColor="white" EndColor="white"/>
    </Sprite>
    <Sprite Name="BijiGrad_12" Cycle="1">
        <Frame Texture="BijiPlates\sao.tga" x0="30" x1="31" x2="39" x3="40" x4="40" x5="40" y0="160" y1="161" y2="179" y3="180" y4="180" y5="180" Stretchy="1" HotspotX="0" HotspotY="0" Duration="1.000" StartColor="white" EndColor="white"/>
    </Sprite>
    <Sprite Name="BijiGrad_12s" Cycle="1">
        <Frame Texture="BijiPlates\sao.tga" x0="30" x1="31" x2="39" x3="40" x4="40" x5="40" y0="160" y1="161" y2="179" y3="179" y4="179" y5="179" Stretchy="1" HotspotX="0" HotspotY="0" Duration="1.000" StartColor="white" EndColor="white"/>
    </Sprite>
</Sprites>
