<?xml version="1.0" encoding="UTF-8" standalone="yes" ?>
<Forms>
    <Form Class="Window" LAnchorPoint="0" LAnchorOffset="115" TAnchorPoint="0" TAnchorOffset="148" RAnchorPoint="0" RAnchorOffset="838" BAnchorPoint="0" BAnchorOffset="550" RelativeToClient="1" Font="Default" Text="" Template="Holo_ScrollListSmall" Name="SpaceStashCoreForm" Border="0" Picture="0" SwallowMouseClicks="1" Moveable="1" Escapable="1" Overlapped="0" BGColor="ffffffff" TextColor="ffffffff" TextId="" NoClip="0" TabStop="0" CloseOnExternalClick="0" DT_CENTER="1" TooltipColor="" UseTemplateBG="0" TestAlpha="0" NotRelative="0" UseParentOpacity="0" AutoFade="0" AutoFadeBG="0" VScrollLeftSide="0" IgnoreMouse="1" MaintainAspectRatio="0" NewWindowDepth="0" Tooltip="" TooltipId="" DoNotBlockTooltip="0" DT_VCENTER="1">
        <Event Name="WindowClosed" Function="OnClose"/>
        <Control Class="Window" LAnchorPoint="0" LAnchorOffset="0" TAnchorPoint="0" TAnchorOffset="47" RAnchorPoint="1" RAnchorOffset="0" BAnchorPoint="1" BAnchorOffset="0" RelativeToClient="1" Font="Default" Text="" BGColor="UI_WindowBGDefault" TextColor="UI_WindowTextDefault" Template="Default" TooltipType="OnCursor" Name="Content" TooltipColor="">
            <Control Class="Window" LAnchorPoint="0" LAnchorOffset="0" TAnchorPoint="0" TAnchorOffset="0" RAnchorPoint="0" RAnchorOffset="192" BAnchorPoint="1" BAnchorOffset="0" RelativeToClient="1" Font="Default" Text="" BGColor="UI_WindowBGDefault" TextColor="UI_WindowTextDefault" Template="OldMetalControl" TooltipType="OnCursor" Name="ModuleList" TooltipColor="">
                <Control Class="Button" Base="CRB_Basekit:kitBtn_List_HoloArrow" Font="DefaultButton" ButtonType="Check" RadioGroup="ModulesRadioGroup" LAnchorPoint="0" LAnchorOffset="0" TAnchorPoint="0" TAnchorOffset="0" RAnchorPoint="1" RAnchorOffset="0" BAnchorPoint="0" BAnchorOffset="32" DT_VCENTER="1" DT_CENTER="1" BGColor="UI_BtnBGDefault" TextColor="UI_BtnTextDefault" NormalTextColor="UI_BtnTextDefault" PressedTextColor="UI_BtnTextDefault" FlybyTextColor="UI_BtnTextDefault" PressedFlybyTextColor="UI_BtnTextDefault" DisabledTextColor="UI_BtnTextDefault" TooltipType="OnCursor" Name="SSCOptionsButton" TooltipColor="" Text="___SSCOptions___" TextId="" RelativeToClient="1" GlobalRadioGroup="" RadioDisallowNonSelection="1" IfHoldNoSignal="0">
                    <Event Name="ButtonCheck" Function="SpaceStashCoreButtonCheck"/>
                    <Event Name="ButtonUncheck" Function="SpaceStashCoreButtonUncheck"/>
                </Control>
                <Control Class="Button" Base="CRB_Basekit:kitBtn_List_HoloArrow" Font="DefaultButton" ButtonType="Check" RadioGroup="ModulesRadioGroup" LAnchorPoint="0" LAnchorOffset="0" TAnchorPoint="0" TAnchorOffset="32" RAnchorPoint="1" RAnchorOffset="0" BAnchorPoint="0" BAnchorOffset="64" DT_VCENTER="1" DT_CENTER="1" BGColor="UI_BtnBGDefault" TextColor="UI_BtnTextDefault" NormalTextColor="UI_BtnTextDefault" PressedTextColor="UI_BtnTextDefault" FlybyTextColor="UI_BtnTextDefault" PressedFlybyTextColor="UI_BtnTextDefault" DisabledTextColor="UI_BtnTextDefault" TooltipType="OnCursor" Name="SSIOptionsButton" TooltipColor="" Text="___SSIOptions___" TextId="" GlobalRadioGroup="" RadioDisallowNonSelection="1">
                    <Event Name="ButtonCheck" Function="SpaceStashInventoryButtonCheck"/>
                    <Event Name="ButtonUncheck" Function="SpaceStashInventoryButtonUncheck"/>
                </Control>
                <Control Class="Button" Base="CRB_Basekit:kitBtn_List_HoloArrow" Font="DefaultButton" ButtonType="Check" RadioGroup="ModulesRadioGroup" LAnchorPoint="0" LAnchorOffset="0" TAnchorPoint="0" TAnchorOffset="64" RAnchorPoint="1" RAnchorOffset="0" BAnchorPoint="0" BAnchorOffset="96" DT_VCENTER="1" DT_CENTER="1" BGColor="UI_BtnBGDefault" TextColor="UI_BtnTextDefault" NormalTextColor="UI_BtnTextDefault" PressedTextColor="UI_BtnTextDefault" FlybyTextColor="UI_BtnTextDefault" PressedFlybyTextColor="UI_BtnTextDefault" DisabledTextColor="UI_BtnTextDefault" TooltipType="OnCursor" Name="SSBOptionsButton" TooltipColor="" GlobalRadioGroup="" Text="___SSBOptions___" TextId="" RadioDisallowNonSelection="1">
                    <Event Name="ButtonCheck" Function="SpaceStashBankButtonCheck"/>
                    <Event Name="ButtonUncheck" Function="SpaceStashBankButtonUncheck"/>
                </Control>
            </Control>
            <Control Class="Window" LAnchorPoint="0" LAnchorOffset="192" TAnchorPoint="0" TAnchorOffset="-8" RAnchorPoint="0" RAnchorOffset="201" BAnchorPoint="1" BAnchorOffset="13" RelativeToClient="1" Font="Default" Text="" BGColor="UI_WindowBGDefault" TextColor="UI_WindowTextDefault" Template="Default" TooltipType="OnCursor" Name="Separator" TooltipColor="" Moveable="0" IgnoreMouse="1" Sizable="0" Picture="1" Sprite="BK3:UI_BK3_Metal_Inset_DividerStripe" Border="0" UseTemplateBG="0" NoClip="0" Overlapped="0" Visible="1" NewWindowDepth="1"/>
            <Control Class="Window" LAnchorPoint="0" LAnchorOffset="200" TAnchorPoint="0" TAnchorOffset="0" RAnchorPoint="1" RAnchorOffset="0" BAnchorPoint="1" BAnchorOffset="0" RelativeToClient="1" Font="Default" Text="" BGColor="UI_WindowBGDefault" TextColor="UI_WindowTextDefault" Template="Holo_Background_Datachron" TooltipType="OnCursor" Name="TargetFrame" TooltipColor="" IgnoreMouse="1" UseTemplateBG="0" Border="0" VScroll="1" Tooltip=""/>
        </Control>
        <Control Class="Window" LAnchorPoint="0" LAnchorOffset="-20" TAnchorPoint="0" TAnchorOffset="-18" RAnchorPoint="1" RAnchorOffset="20" BAnchorPoint="1" BAnchorOffset="90" RelativeToClient="1" Font="Default" Text="" BGColor="UI_WindowBGDefault" TextColor="UI_WindowTextDefault" Template="CRB_NormalFramedThick_StandardHdrFtr" TooltipType="OnCursor" Name="Background" TooltipColor="" Picture="0" IgnoreMouse="1" Border="0" UseTemplateBG="0" TextId="" Overlapped="1" TestAlpha="0" VScrollLeftSide="0" NoClip="1"/>
        <Control Class="Window" LAnchorPoint="0" LAnchorOffset="0" TAnchorPoint="0" TAnchorOffset="0" RAnchorPoint="1" RAnchorOffset="0" BAnchorPoint="0" BAnchorOffset="30" RelativeToClient="1" Font="CRB_HeaderHuge" Text="___SSOptions___" BGColor="UI_WindowBGDefault" TextColor="UI_WindowTextDefault" Template="Default" TooltipType="OnCursor" Name="Title" TooltipColor="" TextId="" DT_VCENTER="1" DT_CENTER="1"/>
        <Control Class="Button" Base="AbilitiesSprites:btn_Close" Font="DefaultButton" ButtonType="PushButton" RadioGroup="" LAnchorPoint="1" LAnchorOffset="-16" TAnchorPoint="0" TAnchorOffset="-4" RAnchorPoint="1" RAnchorOffset="16" BAnchorPoint="0" BAnchorOffset="28" DT_VCENTER="1" DT_CENTER="1" BGColor="UI_BtnBGDefault" TextColor="UI_BtnTextDefault" NormalTextColor="UI_BtnTextDefault" PressedTextColor="UI_BtnTextDefault" FlybyTextColor="UI_BtnTextDefault" PressedFlybyTextColor="UI_BtnTextDefault" DisabledTextColor="UI_BtnTextDefault" TooltipType="OnCursor" Name="SSCTopCloseButton" TooltipColor="" NoClip="1" Overlapped="1" NewWindowDepth="1">
            <Event Name="ButtonSignal" Function="OnClose"/>
            <Event Name="ButtonSignal" Function="OnSellWhitelistChange"/>
        </Control>
        <Control Class="Button" Base="CRB_Basekit:kitBtn_Metal_MediumRed" Font="CRB_InterfaceLarge" ButtonType="PushButton" RadioGroup="" LAnchorPoint="1" LAnchorOffset="-168" TAnchorPoint="1" TAnchorOffset="14" RAnchorPoint="1" RAnchorOffset="-24" BAnchorPoint="1" BAnchorOffset="64" DT_VCENTER="1" DT_CENTER="1" BGColor="UI_BtnBGDefault" TextColor="UI_BtnTextDefault" NormalTextColor="UI_BtnTextDefault" PressedTextColor="UI_BtnTextDefault" FlybyTextColor="UI_BtnTextDefault" PressedFlybyTextColor="UI_BtnTextDefault" DisabledTextColor="UI_BtnTextDefault" TooltipType="OnCursor" Name="SSCCloseButton" TooltipColor="" NoClip="1" UseTemplateBG="0" NewWindowDepth="1" Text="___SSCClose___" TextId="">
            <Event Name="ButtonSignal" Function="OnClose"/>
            <Event Name="ButtonSignal" Function="OnSellWhitelistChange"/>
        </Control>
        <Event Name="WindowClosed" Function="OnSellWhitelistChange"/>
    </Form>
    <Form Class="Window" LAnchorPoint="0" LAnchorOffset="4" TAnchorPoint="0" TAnchorOffset="3" RAnchorPoint="1" RAnchorOffset="-17" BAnchorPoint="0" BAnchorOffset="691" RelativeToClient="0" Font="Default" Text="" BGColor="UI_WindowBGDefault" TextColor="UI_WindowTextDefault" Template="Default" TooltipType="OnCursor" Name="SSCOptionsFrame" Border="0" Picture="0" SwallowMouseClicks="1" Moveable="0" Escapable="0" Overlapped="0" TooltipColor="" Tooltip="" Visible="0" NotRelative="1" DT_WORDBREAK="1">
        <Control Class="Window" LAnchorPoint="0" LAnchorOffset="0" TAnchorPoint="0" TAnchorOffset="0" RAnchorPoint="1" RAnchorOffset="0" BAnchorPoint="0" BAnchorOffset="166" RelativeToClient="1" Font="Default" Text="" BGColor="UI_WindowBGDefault" TextColor="UI_WindowTextDefault" Template="Holo_Inset_Callout" TooltipType="OnCursor" Name="Group1" TooltipColor="" Border="1" IgnoreMouse="1" UseTemplateBG="1" Picture="0">
            <Control Class="Window" LAnchorPoint="0" LAnchorOffset="0" TAnchorPoint="0" TAnchorOffset="-4" RAnchorPoint="1" RAnchorOffset="-0" BAnchorPoint="0" BAnchorOffset="16" RelativeToClient="1" Font="CRB_ButtonHeader" Text="___SSCDISPLAYGROUP___" BGColor="UI_WindowBGDefault" TextColor="UI_WindowTextDefault" Template="Default" TooltipType="OnCursor" Name="Title" TooltipColor="" TextId="" DT_VCENTER="0" DT_CENTER="1" IgnoreMouse="1" NoClip="0"/>
            <Control Class="Window" LAnchorPoint="0" LAnchorOffset="6" TAnchorPoint="0" TAnchorOffset="20" RAnchorPoint="1" RAnchorOffset="0" BAnchorPoint="0" BAnchorOffset="38" RelativeToClient="1" Font="Default" Text="" BGColor="UI_WindowBGDefault" TextColor="UI_WindowTextDefault" Template="Default" TooltipType="OnCursor" Name="Option1Frame" TooltipColor="">
                <Control Class="Window" LAnchorPoint="0" LAnchorOffset="24" TAnchorPoint="0" TAnchorOffset="0" RAnchorPoint="1" RAnchorOffset="0" BAnchorPoint="1" BAnchorOffset="0" RelativeToClient="1" Font="Default" Text="___SSCDISPLAYGVENDOR___" BGColor="UI_WindowBGDefault" TextColor="UI_WindowTextDefault" Template="Default" TooltipType="OnCursor" Name="Text" TooltipColor="" TextId=""/>
                <Control Class="Button" Base="BK3:btnHolo_Check" Font="DefaultButton" ButtonType="Check" RadioGroup="" LAnchorPoint="0" LAnchorOffset="0" TAnchorPoint="0" TAnchorOffset="0" RAnchorPoint="0" RAnchorOffset="18" BAnchorPoint="1" BAnchorOffset="0" DT_VCENTER="1" DT_CENTER="1" BGColor="UI_BtnBGDefault" TextColor="UI_BtnTextDefault" NormalTextColor="UI_BtnTextDefault" PressedTextColor="UI_BtnTextDefault" FlybyTextColor="UI_BtnTextDefault" PressedFlybyTextColor="UI_BtnTextDefault" DisabledTextColor="UI_BtnTextDefault" TooltipType="OnCursor" Name="SSCAutoVendor" TooltipColor="" Text="" RelativeToClient="1">
                    <Event Name="ButtonCheck" Function="OnInventoyAtVendorChanged"/>
                    <Event Name="ButtonUncheck" Function="OnInventoyAtVendorChanged"/>
                </Control>
            </Control>
            <Control Class="Window" LAnchorPoint="0" LAnchorOffset="6" TAnchorPoint="0" TAnchorOffset="38" RAnchorPoint="1" RAnchorOffset="0" BAnchorPoint="0" BAnchorOffset="56" RelativeToClient="1" Font="Default" Text="" BGColor="UI_WindowBGDefault" TextColor="UI_WindowTextDefault" Template="Default" TooltipType="OnCursor" Name="Option2Frame" TooltipColor="">
                <Control Class="Window" LAnchorPoint="0" LAnchorOffset="24" TAnchorPoint="0" TAnchorOffset="0" RAnchorPoint="1" RAnchorOffset="0" BAnchorPoint="1" BAnchorOffset="0" RelativeToClient="1" Font="Default" Text="___SSCDISPLAYGBANK___" BGColor="UI_WindowBGDefault" TextColor="UI_WindowTextDefault" Template="Default" TooltipType="OnCursor" Name="Text" TooltipColor="" TextId=""/>
                <Control Class="Button" Base="BK3:btnHolo_Check" Font="DefaultButton" ButtonType="Check" RadioGroup="" LAnchorPoint="0" LAnchorOffset="0" TAnchorPoint="0" TAnchorOffset="0" RAnchorPoint="0" RAnchorOffset="18" BAnchorPoint="1" BAnchorOffset="0" DT_VCENTER="1" DT_CENTER="1" BGColor="UI_BtnBGDefault" TextColor="UI_BtnTextDefault" NormalTextColor="UI_BtnTextDefault" PressedTextColor="UI_BtnTextDefault" FlybyTextColor="UI_BtnTextDefault" PressedFlybyTextColor="UI_BtnTextDefault" DisabledTextColor="UI_BtnTextDefault" TooltipType="OnCursor" Name="SSCAutoBank" TooltipColor="">
                    <Event Name="ButtonCheck" Function="OnInventoyAtBankChanged"/>
                    <Event Name="ButtonUncheck" Function="OnInventoyAtBankChanged"/>
                </Control>
            </Control>
            <Control Class="Window" LAnchorPoint="0" LAnchorOffset="6" TAnchorPoint="0" TAnchorOffset="56" RAnchorPoint="1" RAnchorOffset="0" BAnchorPoint="0" BAnchorOffset="74" RelativeToClient="1" Font="Default" Text="" BGColor="UI_WindowBGDefault" TextColor="UI_WindowTextDefault" Template="Default" TooltipType="OnCursor" Name="Option3Frame" TooltipColor="">
                <Control Class="Window" LAnchorPoint="0" LAnchorOffset="24" TAnchorPoint="0" TAnchorOffset="0" RAnchorPoint="1" RAnchorOffset="0" BAnchorPoint="1" BAnchorOffset="0" RelativeToClient="1" Font="Default" Text="___SSCDISPLAYGAUCTION___" BGColor="UI_WindowBGDefault" TextColor="UI_WindowTextDefault" Template="Default" TooltipType="OnCursor" Name="Text" TooltipColor="" TextId=""/>
                <Control Class="Button" Base="BK3:btnHolo_Check" Font="DefaultButton" ButtonType="Check" RadioGroup="" LAnchorPoint="0" LAnchorOffset="0" TAnchorPoint="0" TAnchorOffset="0" RAnchorPoint="0" RAnchorOffset="18" BAnchorPoint="1" BAnchorOffset="0" DT_VCENTER="1" DT_CENTER="1" BGColor="UI_BtnBGDefault" TextColor="UI_BtnTextDefault" NormalTextColor="UI_BtnTextDefault" PressedTextColor="UI_BtnTextDefault" FlybyTextColor="UI_BtnTextDefault" PressedFlybyTextColor="UI_BtnTextDefault" DisabledTextColor="UI_BtnTextDefault" TooltipType="OnCursor" Name="SSCAutoAH" TooltipColor="">
                    <Event Name="ButtonCheck" Function="OnInventoyAtAHChanged"/>
                    <Event Name="ButtonUncheck" Function="OnInventoyAtAHChanged"/>
                </Control>
            </Control>
            <Control Class="Window" LAnchorPoint="0" LAnchorOffset="6" TAnchorPoint="0" TAnchorOffset="74" RAnchorPoint="1" RAnchorOffset="0" BAnchorPoint="0" BAnchorOffset="92" RelativeToClient="1" Font="Default" Text="" BGColor="UI_WindowBGDefault" TextColor="UI_WindowTextDefault" Template="Default" TooltipType="OnCursor" Name="Option4Frame" TooltipColor="">
                <Control Class="Window" LAnchorPoint="0" LAnchorOffset="24" TAnchorPoint="0" TAnchorOffset="0" RAnchorPoint="1" RAnchorOffset="0" BAnchorPoint="1" BAnchorOffset="0" RelativeToClient="1" Font="Default" Text="___SSCDISPLAYGEXCHANGE___" BGColor="UI_WindowBGDefault" TextColor="UI_WindowTextDefault" Template="Default" TooltipType="OnCursor" Name="Text" TooltipColor="" TextId=""/>
                <Control Class="Button" Base="BK3:btnHolo_Check" Font="DefaultButton" ButtonType="Check" RadioGroup="" LAnchorPoint="0" LAnchorOffset="0" TAnchorPoint="0" TAnchorOffset="0" RAnchorPoint="0" RAnchorOffset="18" BAnchorPoint="1" BAnchorOffset="0" DT_VCENTER="1" DT_CENTER="1" BGColor="UI_BtnBGDefault" TextColor="UI_BtnTextDefault" NormalTextColor="UI_BtnTextDefault" PressedTextColor="UI_BtnTextDefault" FlybyTextColor="UI_BtnTextDefault" PressedFlybyTextColor="UI_BtnTextDefault" DisabledTextColor="UI_BtnTextDefault" TooltipType="OnCursor" Name="SSCAutoCE" TooltipColor="" Text="">
                    <Event Name="ButtonCheck" Function="OnInventoyAtCEChanged"/>
                    <Event Name="ButtonUncheck" Function="OnInventoyAtCEChanged"/>
                </Control>
            </Control>
            <Control Class="Window" LAnchorPoint="0" LAnchorOffset="6" TAnchorPoint="0" TAnchorOffset="92" RAnchorPoint="1" RAnchorOffset="0" BAnchorPoint="0" BAnchorOffset="110" RelativeToClient="1" Font="Default" Text="" BGColor="UI_WindowBGDefault" TextColor="UI_WindowTextDefault" Template="Default" TooltipType="OnCursor" Name="Option5Frame" TooltipColor="" Tooltip="">
                <Control Class="Window" LAnchorPoint="0" LAnchorOffset="24" TAnchorPoint="0" TAnchorOffset="0" RAnchorPoint="1" RAnchorOffset="0" BAnchorPoint="1" BAnchorOffset="0" RelativeToClient="1" Font="Default" Text="___SSCDISPLAYGMAILBOX___" BGColor="UI_WindowBGDefault" TextColor="UI_WindowTextDefault" Template="Default" TooltipType="OnCursor" Name="Text" TooltipColor="" TextId=""/>
                <Control Class="Button" Base="BK3:btnHolo_Check" Font="DefaultButton" ButtonType="Check" RadioGroup="" LAnchorPoint="0" LAnchorOffset="0" TAnchorPoint="0" TAnchorOffset="0" RAnchorPoint="0" RAnchorOffset="18" BAnchorPoint="1" BAnchorOffset="0" DT_VCENTER="1" DT_CENTER="1" BGColor="UI_BtnBGDefault" TextColor="UI_BtnTextDefault" NormalTextColor="UI_BtnTextDefault" PressedTextColor="UI_BtnTextDefault" FlybyTextColor="UI_BtnTextDefault" PressedFlybyTextColor="UI_BtnTextDefault" DisabledTextColor="UI_BtnTextDefault" TooltipType="OnCursor" Name="SSCAutoMailbox" TooltipColor="" Text="">
                    <Event Name="ButtonCheck" Function="OnInventoyAtMailboxChanged"/>
                    <Event Name="ButtonUncheck" Function="OnInventoyAtMailboxChanged"/>
                </Control>
            </Control>
            <Control Class="Window" LAnchorPoint="0" LAnchorOffset="6" TAnchorPoint="0" TAnchorOffset="110" RAnchorPoint="1" RAnchorOffset="0" BAnchorPoint="0" BAnchorOffset="128" RelativeToClient="1" Font="Default" Text="" BGColor="UI_WindowBGDefault" TextColor="UI_WindowTextDefault" Template="Default" TooltipType="OnCursor" Name="Option6Frame" TooltipColor="">
                <Control Class="Window" LAnchorPoint="0" LAnchorOffset="24" TAnchorPoint="0" TAnchorOffset="0" RAnchorPoint="1" RAnchorOffset="0" BAnchorPoint="1" BAnchorOffset="0" RelativeToClient="1" Font="Default" Text="___SSCDISPLAYGRUNE___" BGColor="UI_WindowBGDefault" TextColor="UI_WindowTextDefault" Template="Default" TooltipType="OnCursor" Name="Text" TooltipColor="" TextId=""/>
                <Control Class="Button" Base="BK3:btnHolo_Check" Font="DefaultButton" ButtonType="Check" RadioGroup="" LAnchorPoint="0" LAnchorOffset="0" TAnchorPoint="0" TAnchorOffset="0" RAnchorPoint="0" RAnchorOffset="18" BAnchorPoint="1" BAnchorOffset="0" DT_VCENTER="1" DT_CENTER="1" BGColor="UI_BtnBGDefault" TextColor="UI_BtnTextDefault" NormalTextColor="UI_BtnTextDefault" PressedTextColor="UI_BtnTextDefault" FlybyTextColor="UI_BtnTextDefault" PressedFlybyTextColor="UI_BtnTextDefault" DisabledTextColor="UI_BtnTextDefault" TooltipType="OnCursor" Name="SSCAutoES" TooltipColor="" Text="">
                    <Event Name="ButtonCheck" Function="OnInventoyAtESChanged"/>
                    <Event Name="ButtonUncheck" Function="OnInventoyAtESChanged"/>
                </Control>
            </Control>
            <Control Class="Window" LAnchorPoint="0" LAnchorOffset="6" TAnchorPoint="0" TAnchorOffset="128" RAnchorPoint="1" RAnchorOffset="0" BAnchorPoint="0" BAnchorOffset="146" RelativeToClient="1" Font="Default" Text="" BGColor="UI_WindowBGDefault" TextColor="UI_WindowTextDefault" Template="Default" TooltipType="OnCursor" Name="Option7Frame" TooltipColor="" IgnoreMouse="1" NoClip="1">
                <Control Class="Window" LAnchorPoint="0" LAnchorOffset="24" TAnchorPoint="0" TAnchorOffset="0" RAnchorPoint="1" RAnchorOffset="0" BAnchorPoint="1" BAnchorOffset="0" RelativeToClient="1" Font="Default" Text="___SSCDISPLAYGCRAFTING___" BGColor="UI_WindowBGDefault" TextColor="UI_WindowTextDefault" Template="Default" TooltipType="OnCursor" Name="Text" TooltipColor="" TextId="" IgnoreMouse="1" NoClip="1"/>
                <Control Class="Button" Base="BK3:btnHolo_Check" Font="DefaultButton" ButtonType="Check" RadioGroup="" LAnchorPoint="0" LAnchorOffset="0" TAnchorPoint="0" TAnchorOffset="0" RAnchorPoint="0" RAnchorOffset="18" BAnchorPoint="1" BAnchorOffset="0" DT_VCENTER="1" DT_CENTER="1" BGColor="UI_BtnBGDefault" TextColor="UI_BtnTextDefault" NormalTextColor="UI_BtnTextDefault" PressedTextColor="UI_BtnTextDefault" FlybyTextColor="UI_BtnTextDefault" PressedFlybyTextColor="UI_BtnTextDefault" DisabledTextColor="UI_BtnTextDefault" TooltipType="OnCursor" Name="SSCAutoCS" TooltipColor="" Text="">
                    <Event Name="ButtonCheck" Function="OnInventoyAtCraftingStationChanged"/>
                    <Event Name="ButtonUncheck" Function="OnInventoyAtCraftingStationChanged"/>
                </Control>
            </Control>
        </Control>
        <Control Class="Window" LAnchorPoint="0" LAnchorOffset="0" TAnchorPoint="0" TAnchorOffset="170" RAnchorPoint="1" RAnchorOffset="0" BAnchorPoint="0" BAnchorOffset="682" RelativeToClient="1" Font="Default" Text="" BGColor="UI_WindowBGDefault" TextColor="UI_WindowTextDefault" Template="Holo_Inset_Callout" TooltipType="OnCursor" Name="Group3" TooltipColor="" Border="1" IgnoreMouse="1" UseTemplateBG="1" Overlapped="0" DoNotBlockTooltip="0" BlockOutIfDisabled="1" TestAlpha="0" HideInEditor="0">
            <Control Class="Window" LAnchorPoint="0" LAnchorOffset="0" TAnchorPoint="0" TAnchorOffset="-4" RAnchorPoint="1" RAnchorOffset="0" BAnchorPoint="0" BAnchorOffset="16" RelativeToClient="1" Font="CRB_ButtonHeader" Text="___SSCVENDORGROUP___" BGColor="UI_WindowBGDefault" TextColor="UI_WindowTextDefault" Template="Default" TooltipType="OnCursor" Name="Title" TooltipColor="" TextId="" DT_CENTER="1" DT_VCENTER="0" Tooltip=""/>
            <Control Class="Window" LAnchorPoint="0" LAnchorOffset="6" TAnchorPoint="0" TAnchorOffset="20" RAnchorPoint="1" RAnchorOffset="0" BAnchorPoint="0" BAnchorOffset="38" RelativeToClient="1" Font="Default" Text="" BGColor="UI_WindowBGDefault" TextColor="UI_WindowTextDefault" Template="Default" TooltipType="OnCursor" Name="Option1Frame" TooltipColor="">
                <Control Class="Window" LAnchorPoint="0" LAnchorOffset="24" TAnchorPoint="0" TAnchorOffset="0" RAnchorPoint="1" RAnchorOffset="0" BAnchorPoint="1" BAnchorOffset="0" RelativeToClient="1" Font="Default" Text="___SSCVENDORGREPAIR___" BGColor="UI_WindowBGDefault" TextColor="UI_WindowTextDefault" Template="Default" TooltipType="OnCursor" Name="Text" TooltipColor="" TextId=""/>
                <Control Class="Button" Base="BK3:btnHolo_Check" Font="DefaultButton" ButtonType="Check" RadioGroup="" LAnchorPoint="0" LAnchorOffset="0" TAnchorPoint="0" TAnchorOffset="0" RAnchorPoint="0" RAnchorOffset="18" BAnchorPoint="1" BAnchorOffset="0" DT_VCENTER="1" DT_CENTER="1" BGColor="UI_BtnBGDefault" TextColor="UI_BtnTextDefault" NormalTextColor="UI_BtnTextDefault" PressedTextColor="UI_BtnTextDefault" FlybyTextColor="UI_BtnTextDefault" PressedFlybyTextColor="UI_BtnTextDefault" DisabledTextColor="UI_BtnTextDefault" TooltipType="OnCursor" Name="SSCAutoRepair" TooltipColor="" Text="">
                    <Event Name="ButtonCheck" Function="OnAutoRepairChange"/>
                    <Event Name="ButtonUncheck" Function="OnAutoRepairChange"/>
                </Control>
            </Control>
            <Control Class="Window" LAnchorPoint="0" LAnchorOffset="6" TAnchorPoint="0" TAnchorOffset="38" RAnchorPoint="1" RAnchorOffset="0" BAnchorPoint="0" BAnchorOffset="56" RelativeToClient="1" Font="Default" Text="" BGColor="UI_WindowBGDefault" TextColor="UI_WindowTextDefault" Template="Default" TooltipType="OnCursor" Name="Option2Frame" TooltipColor="">
                <Control Class="Window" LAnchorPoint="0" LAnchorOffset="24" TAnchorPoint="0" TAnchorOffset="0" RAnchorPoint="1" RAnchorOffset="0" BAnchorPoint="1" BAnchorOffset="0" RelativeToClient="1" Font="Default" Text="___SSCVENDORGSELL___" BGColor="UI_WindowBGDefault" TextColor="UI_WindowTextDefault" Template="Default" TooltipType="OnCursor" Name="Text" TooltipColor="" TextId=""/>
                <Control Class="Button" Base="BK3:btnHolo_Check" Font="DefaultButton" ButtonType="Check" RadioGroup="" LAnchorPoint="0" LAnchorOffset="0" TAnchorPoint="0" TAnchorOffset="0" RAnchorPoint="0" RAnchorOffset="18" BAnchorPoint="1" BAnchorOffset="0" DT_VCENTER="1" DT_CENTER="1" BGColor="UI_BtnBGDefault" TextColor="UI_BtnTextDefault" NormalTextColor="UI_BtnTextDefault" PressedTextColor="UI_BtnTextDefault" FlybyTextColor="UI_BtnTextDefault" PressedFlybyTextColor="UI_BtnTextDefault" DisabledTextColor="UI_BtnTextDefault" TooltipType="OnCursor" Name="SSCAutoSell" TooltipColor="" Text="">
                    <Event Name="ButtonCheck" Function="OnAutoSellChange"/>
                    <Event Name="ButtonUncheck" Function="OnAutoSellChange"/>
                </Control>
            </Control>
            <Control Class="Window" LAnchorPoint="0" LAnchorOffset="6" TAnchorPoint="0" TAnchorOffset="112" RAnchorPoint="1" RAnchorOffset="0" BAnchorPoint="0" BAnchorOffset="130" RelativeToClient="1" Font="Default" Text="" BGColor="UI_WindowBGDefault" TextColor="UI_WindowTextDefault" Template="Default" TooltipType="OnCursor" Name="Option3Frame" TooltipColor="">
                <Control Class="Window" LAnchorPoint="0" LAnchorOffset="24" TAnchorPoint="0" TAnchorOffset="0" RAnchorPoint="1" RAnchorOffset="0" BAnchorPoint="1" BAnchorOffset="0" RelativeToClient="1" Font="Default" Text="___SSCSELLSALVAGABLE___" BGColor="UI_WindowBGDefault" TextColor="UI_WindowTextDefault" Template="Default" TooltipType="OnCursor" Name="Text" TooltipColor="" TextId=""/>
                <Control Class="Button" Base="BK3:btnHolo_Check" Font="DefaultButton" ButtonType="Check" RadioGroup="" LAnchorPoint="0" LAnchorOffset="0" TAnchorPoint="0" TAnchorOffset="0" RAnchorPoint="0" RAnchorOffset="18" BAnchorPoint="1" BAnchorOffset="0" DT_VCENTER="1" DT_CENTER="1" BGColor="UI_BtnBGDefault" TextColor="UI_BtnTextDefault" NormalTextColor="UI_BtnTextDefault" PressedTextColor="UI_BtnTextDefault" FlybyTextColor="UI_BtnTextDefault" PressedFlybyTextColor="UI_BtnTextDefault" DisabledTextColor="UI_BtnTextDefault" TooltipType="OnCursor" Name="SSCSellSavagable" TooltipColor="">
                    <Event Name="ButtonCheck" Function="OnSellSalvagableChange"/>
                    <Event Name="ButtonUncheck" Function="OnSellSalvagableChange"/>
                </Control>
            </Control>
            <Control Class="Window" LAnchorPoint="0" LAnchorOffset="6" TAnchorPoint="0" TAnchorOffset="56" RAnchorPoint="1" RAnchorOffset="0" BAnchorPoint="0" BAnchorOffset="112" RelativeToClient="1" Font="Default" Text="" BGColor="UI_WindowBGDefault" TextColor="UI_WindowTextDefault" Template="Default" TooltipType="OnCursor" Name="Option4Frame" TooltipColor="">
                <Control Class="Window" LAnchorPoint="0" LAnchorOffset="0" TAnchorPoint="0" TAnchorOffset="0" RAnchorPoint="1" RAnchorOffset="0" BAnchorPoint="0" BAnchorOffset="18" RelativeToClient="1" Font="Default" Text="___SSCVENDORGSELLQUALITY___" BGColor="UI_WindowBGDefault" TextColor="UI_WindowTextDefault" Template="Default" TooltipType="OnCursor" Name="Text" TooltipColor="" TextId=""/>
                <Control Class="Button" Base="CRB_Basekit:kitBtn_Dropdown_TextBaseHybrid" Font="DefaultButton" ButtonType="Check" RadioGroup="" LAnchorPoint="0" LAnchorOffset="0" TAnchorPoint="0" TAnchorOffset="18" RAnchorPoint="1" RAnchorOffset="0" BAnchorPoint="0" BAnchorOffset="56" DT_VCENTER="1" DT_CENTER="1" BGColor="UI_BtnBGDefault" TextColor="UI_BtnTextDefault" NormalTextColor="UI_BtnTextDefault" PressedTextColor="UI_BtnTextDefault" FlybyTextColor="UI_BtnTextDefault" PressedFlybyTextColor="UI_BtnTextDefault" DisabledTextColor="UI_BtnTextDefault" TooltipType="OnCursor" Name="SellQualityChooserButton" TooltipColor="" Text="" HideInEditor="0">
                    <Control Class="Window" LAnchorPoint="1" LAnchorOffset="3" TAnchorPoint="0" TAnchorOffset="-135" RAnchorPoint="1" RAnchorOffset="286" BAnchorPoint="0" BAnchorOffset="175" RelativeToClient="0" Font="Default" Text="" BGColor="UI_WindowBGDefault" TextColor="UI_WindowTextDefault" Template="" TooltipType="OnCursor" Name="ChoiceContainer" TooltipColor="" IgnoreMouse="1" NoClip="1" CloseOnExternalClick="1" Border="0" UseTemplateBG="0" NewWindowDepth="1" Sprite="BK3:sprHolo_Alert_Flyout" Picture="1" HideInEditor="1" Visible="0" SwallowMouseClicks="1" Overlapped="1" NotRelative="1">
                        <Pixie LAnchorPoint="0" LAnchorOffset="43" TAnchorPoint="0" TAnchorOffset="48" RAnchorPoint="1" RAnchorOffset="-43" BAnchorPoint="1" BAnchorOffset="-50" Sprite="BK3:UI_BK3_Holo_InsetFlyout" BGColor="white" TextColor="black" Rotation="0" Font="Default"/>
                        <Control Class="Button" Base="BK3:btnHolo_ListView_Top" Font="CRB_Button" ButtonType="Check" RadioGroup="SSCGR1OPT3" LAnchorPoint="0" LAnchorOffset="42" TAnchorPoint="0" TAnchorOffset="49" RAnchorPoint="1" RAnchorOffset="-44" BAnchorPoint="0" BAnchorOffset="81" DT_VCENTER="1" DT_CENTER="1" BGColor="UI_BtnBGDefault" TextColor="ItemQuality_Inferior" NormalTextColor="UI_BtnTextDefault" PressedTextColor="UI_BtnTextDefault" FlybyTextColor="UI_BtnTextDefault" PressedFlybyTextColor="UI_BtnTextDefault" DisabledTextColor="UI_BtnTextDefault" TooltipType="OnCursor" Name="Choice1" TooltipColor="" GlobalRadioGroup="" UseWindowTextColor="1" RelativeToClient="1" NoClip="1" DrawAsCheckbox="0" RadioDisallowNonSelection="1" Text="___Inferior___" TextId="" Overlapped="1" SwallowMouseClicks="1" IgnoreMouse="0" IgnoreTooltipDelay="0" NewWindowDepth="1">
                            <Event Name="ButtonCheck" Function="OnAutoSellQualitySelected"/>
                        </Control>
                        <Control Class="Button" Base="BK3:btnHolo_ListView_Mid" Font="CRB_Button" ButtonType="Check" RadioGroup="SSCGR1OPT3" LAnchorPoint="0" LAnchorOffset="42" TAnchorPoint="0" TAnchorOffset="79" RAnchorPoint="1" RAnchorOffset="-44" BAnchorPoint="0" BAnchorOffset="111" DT_VCENTER="1" DT_CENTER="1" BGColor="UI_BtnBGDefault" TextColor="ItemQuality_Average" NormalTextColor="UI_BtnTextDefault" PressedTextColor="UI_BtnTextDefault" FlybyTextColor="UI_BtnTextDefault" PressedFlybyTextColor="UI_BtnTextDefault" DisabledTextColor="UI_BtnTextDefault" TooltipType="OnCursor" Name="Choice2" TooltipColor="" Text="___Average___" TextId="" RelativeToClient="1" NoClip="1" GlobalRadioGroup="" RadioDisallowNonSelection="1" NewWindowDepth="1" UseWindowTextColor="1">
                            <Event Name="ButtonCheck" Function="OnAutoSellQualitySelected"/>
                        </Control>
                        <Control Class="Button" Base="BK3:btnHolo_ListView_Mid" Font="CRB_Button" ButtonType="Check" RadioGroup="SSCGR1OPT3" LAnchorPoint="0" LAnchorOffset="42" TAnchorPoint="0" TAnchorOffset="109" RAnchorPoint="1" RAnchorOffset="-44" BAnchorPoint="0" BAnchorOffset="141" DT_VCENTER="1" DT_CENTER="1" BGColor="UI_BtnBGDefault" TextColor="ItemQuality_Good" NormalTextColor="UI_BtnTextDefault" PressedTextColor="UI_BtnTextDefault" FlybyTextColor="UI_BtnTextDefault" PressedFlybyTextColor="UI_BtnTextDefault" DisabledTextColor="UI_BtnTextDefault" TooltipType="OnCursor" Name="Choice3" TooltipColor="" Text="___Good___" TextId="" RadioDisallowNonSelection="1" RelativeToClient="1" NoClip="1" GlobalRadioGroup="" NewWindowDepth="1" UseWindowTextColor="1">
                            <Event Name="ButtonCheck" Function="OnAutoSellQualitySelected"/>
                        </Control>
                        <Control Class="Button" Base="BK3:btnHolo_ListView_Mid" Font="CRB_Button" ButtonType="Check" RadioGroup="SSCGR1OPT3" LAnchorPoint="0" LAnchorOffset="42" TAnchorPoint="0" TAnchorOffset="139" RAnchorPoint="1" RAnchorOffset="-44" BAnchorPoint="0" BAnchorOffset="171" DT_VCENTER="1" DT_CENTER="1" BGColor="UI_BtnBGDefault" TextColor="ItemQuality_Excellent" NormalTextColor="UI_BtnTextDefault" PressedTextColor="UI_BtnTextDefault" FlybyTextColor="UI_BtnTextDefault" PressedFlybyTextColor="UI_BtnTextDefault" DisabledTextColor="UI_BtnTextDefault" TooltipType="OnCursor" Name="Choice4" TooltipColor="" Text="___Excellent___" TextId="" RadioDisallowNonSelection="1" RelativeToClient="1" NoClip="1" GlobalRadioGroup="" NewWindowDepth="1" UseWindowTextColor="1">
                            <Event Name="ButtonCheck" Function="OnAutoSellQualitySelected"/>
                        </Control>
                        <Control Class="Button" Base="BK3:btnHolo_ListView_Mid" Font="CRB_Button" ButtonType="Check" RadioGroup="SSCGR1OPT3" LAnchorPoint="0" LAnchorOffset="42" TAnchorPoint="0" TAnchorOffset="169" RAnchorPoint="1" RAnchorOffset="-44" BAnchorPoint="0" BAnchorOffset="201" DT_VCENTER="1" DT_CENTER="1" BGColor="UI_BtnBGDefault" TextColor="ItemQuality_Superb" NormalTextColor="UI_BtnTextDefault" PressedTextColor="UI_BtnTextDefault" FlybyTextColor="UI_BtnTextDefault" PressedFlybyTextColor="UI_BtnTextDefault" DisabledTextColor="UI_BtnTextDefault" TooltipType="OnCursor" Name="Choice5" TooltipColor="" Text="___Superb___" TextId="" RadioDisallowNonSelection="1" RelativeToClient="1" NoClip="1" GlobalRadioGroup="" NewWindowDepth="1" UseWindowTextColor="1">
                            <Event Name="ButtonCheck" Function="OnAutoSellQualitySelected"/>
                        </Control>
                        <Control Class="Button" Base="BK3:btnHolo_ListView_Mid" Font="CRB_Button" ButtonType="Check" RadioGroup="SSCGR1OPT3" LAnchorPoint="0" LAnchorOffset="42" TAnchorPoint="0" TAnchorOffset="199" RAnchorPoint="1" RAnchorOffset="-44" BAnchorPoint="0" BAnchorOffset="231" DT_VCENTER="1" DT_CENTER="1" BGColor="UI_BtnBGDefault" TextColor="ItemQuality_Legendary" NormalTextColor="UI_BtnTextDefault" PressedTextColor="UI_BtnTextDefault" FlybyTextColor="UI_BtnTextDefault" PressedFlybyTextColor="UI_BtnTextDefault" DisabledTextColor="UI_BtnTextDefault" TooltipType="OnCursor" Name="Choice6" TooltipColor="" Text="___Legendary___" TextId="" RelativeToClient="1" NoClip="1" RadioDisallowNonSelection="1" GlobalRadioGroup="" NewWindowDepth="1" UseWindowTextColor="1">
                            <Event Name="ButtonCheck" Function="OnAutoSellQualitySelected"/>
                        </Control>
                        <Control Class="Button" Base="BK3:btnHolo_ListView_Btm" Font="CRB_Button" ButtonType="Check" RadioGroup="SSCGR1OPT3" LAnchorPoint="0" LAnchorOffset="42" TAnchorPoint="0" TAnchorOffset="229" RAnchorPoint="1" RAnchorOffset="-42" BAnchorPoint="0" BAnchorOffset="261" DT_VCENTER="1" DT_CENTER="1" BGColor="UI_BtnBGDefault" TextColor="ItemQuality_Artifact" NormalTextColor="UI_BtnTextDefault" PressedTextColor="UI_BtnTextDefault" FlybyTextColor="UI_BtnTextDefault" PressedFlybyTextColor="UI_BtnTextDefault" DisabledTextColor="UI_BtnTextDefault" TooltipType="OnCursor" Name="Choice7" TooltipColor="" Text="___Artifact___" TextId="" DrawAsCheckbox="0" RadioDisallowNonSelection="1" RelativeToClient="1" NoClip="1" GlobalRadioGroup="" IgnoreTooltipDelay="0" NewWindowDepth="1" UseWindowTextColor="1">
                            <Event Name="ButtonCheck" Function="OnAutoSellQualitySelected"/>
                        </Control>
                        <Event Name="WindowClosed" Function="OnSellQualityChooserContainerClose"/>
                    </Control>
                    <Event Name="ButtonCheck" Function="OnSellQualityChooserToggle"/>
                    <Event Name="ButtonUncheck" Function="OnSellQualityChooserToggle"/>
                </Control>
            </Control>
            <Control Class="Window" LAnchorPoint="0" LAnchorOffset="6" TAnchorPoint="0" TAnchorOffset="238" RAnchorPoint="1" RAnchorOffset="0" BAnchorPoint="0" BAnchorOffset="366" RelativeToClient="1" Font="Default" Text="" BGColor="UI_WindowBGDefault" TextColor="UI_WindowTextDefault" Template="Default" TooltipType="OnCursor" Name="Option5Frame" TooltipColor="" Visible="1" HideInEditor="0" IgnoreMouse="1" NewWindowDepth="0">
                <Control Class="Window" LAnchorPoint="0" LAnchorOffset="0" TAnchorPoint="0" TAnchorOffset="0" RAnchorPoint="1" RAnchorOffset="0" BAnchorPoint="0" BAnchorOffset="18" RelativeToClient="1" Font="Default" Text="___SSCGR2OPT5___" BGColor="UI_WindowBGDefault" TextColor="UI_WindowTextDefault" Template="Default" TooltipType="OnCursor" Name="Text" TooltipColor="" TextId="" IgnoreMouse="1" Overlapped="1" Visible="1"/>
                <Control Class="EditBox" LAnchorPoint="0" LAnchorOffset="0" TAnchorPoint="0" TAnchorOffset="18" RAnchorPoint="1" RAnchorOffset="0" BAnchorPoint="1" BAnchorOffset="0" RelativeToClient="1" Font="Default" Text="" BGColor="UI_WindowBGDefault" TextColor="UI_WindowTextDefault" Template="Holo_InputBox" TooltipType="OnCursor" Name="SellWhitelist" TooltipColor="" Border="1" UseTemplateBG="1" VScroll="1" MultiLine="1" ReadOnly="0" TextId="" Overlapped="0" BlockOutIfDisabled="1" LoseFocusOnExternalClick="1" KeepStringList="0" DT_WORDBREAK="0">
                    <Event Name="EditBoxReturn" Function="OnSellWhitelistChange"/>
                </Control>
            </Control>
            <Control Class="Window" LAnchorPoint="0" LAnchorOffset="6" TAnchorPoint="0" TAnchorOffset="366" RAnchorPoint="1" RAnchorOffset="0" BAnchorPoint="0" BAnchorOffset="494" RelativeToClient="1" Font="Default" Text="" BGColor="UI_WindowBGDefault" TextColor="UI_WindowTextDefault" Template="Default" TooltipType="OnCursor" Name="Option6Frame" TooltipColor="" Visible="1">
                <Control Class="Window" LAnchorPoint="0" LAnchorOffset="0" TAnchorPoint="0" TAnchorOffset="0" RAnchorPoint="1" RAnchorOffset="0" BAnchorPoint="0" BAnchorOffset="18" RelativeToClient="1" Font="Default" Text="___SSCGR2OPT6___" BGColor="UI_WindowBGDefault" TextColor="UI_WindowTextDefault" Template="Default" TooltipType="OnCursor" Name="Text" TooltipColor="" TextId=""/>
                <Control Class="EditBox" LAnchorPoint="0" LAnchorOffset="0" TAnchorPoint="0" TAnchorOffset="18" RAnchorPoint="1" RAnchorOffset="0" BAnchorPoint="1" BAnchorOffset="0" RelativeToClient="1" Font="Default" Text="" BGColor="UI_WindowBGDefault" TextColor="UI_WindowTextDefault" Template="Holo_InputBox" TooltipType="OnCursor" Name="SellBlacklist" TooltipColor="" Border="1" UseTemplateBG="1" MultiLine="1" ReadOnly="0" Overlapped="0" VScroll="1" LoseFocusOnExternalClick="1" KeepStringList="0" DT_WORDBREAK="1">
                    <Event Name="EditBoxChanged" Function="OnSellBlacklistChange"/>
                </Control>
            </Control>
            <Control Class="Window" LAnchorPoint="0" LAnchorOffset="6" TAnchorPoint="0" TAnchorOffset="130" RAnchorPoint="1" RAnchorOffset="0" BAnchorPoint="0" BAnchorOffset="148" RelativeToClient="1" Font="Default" Text="" BGColor="UI_WindowBGDefault" TextColor="UI_WindowTextDefault" Template="Default" TooltipType="OnCursor" Name="Option3Frame1" TooltipColor="">
                <Control Class="Window" LAnchorPoint="0" LAnchorOffset="24" TAnchorPoint="0" TAnchorOffset="0" RAnchorPoint="1" RAnchorOffset="0" BAnchorPoint="1" BAnchorOffset="0" RelativeToClient="1" Font="Default" Text="___SSCSELLCONSUMABLES___" BGColor="UI_WindowBGDefault" TextColor="UI_WindowTextDefault" Template="Default" TooltipType="OnCursor" Name="Text" TooltipColor="" TextId=""/>
                <Control Class="Button" Base="BK3:btnHolo_Check" Font="DefaultButton" ButtonType="Check" RadioGroup="" LAnchorPoint="0" LAnchorOffset="0" TAnchorPoint="0" TAnchorOffset="0" RAnchorPoint="0" RAnchorOffset="18" BAnchorPoint="1" BAnchorOffset="0" DT_VCENTER="1" DT_CENTER="1" BGColor="UI_BtnBGDefault" TextColor="UI_BtnTextDefault" NormalTextColor="UI_BtnTextDefault" PressedTextColor="UI_BtnTextDefault" FlybyTextColor="UI_BtnTextDefault" PressedFlybyTextColor="UI_BtnTextDefault" DisabledTextColor="UI_BtnTextDefault" TooltipType="OnCursor" Name="SSCSellConsumables" TooltipColor="" Text="">
                    <Event Name="ButtonCheck" Function="OnSellConsumablesChange"/>
                    <Event Name="ButtonUncheck" Function="OnSellConsumablesChange"/>
                </Control>
            </Control>
            <Control Class="Window" LAnchorPoint="0" LAnchorOffset="6" TAnchorPoint="0" TAnchorOffset="148" RAnchorPoint="1" RAnchorOffset="0" BAnchorPoint="0" BAnchorOffset="166" RelativeToClient="1" Font="Default" Text="" BGColor="UI_WindowBGDefault" TextColor="UI_WindowTextDefault" Template="Default" TooltipType="OnCursor" Name="Option3Frame2" TooltipColor="">
                <Control Class="Window" LAnchorPoint="0" LAnchorOffset="24" TAnchorPoint="0" TAnchorOffset="0" RAnchorPoint="1" RAnchorOffset="0" BAnchorPoint="1" BAnchorOffset="0" RelativeToClient="1" Font="Default" Text="___SSCSELLCRAFTING___" BGColor="UI_WindowBGDefault" TextColor="UI_WindowTextDefault" Template="Default" TooltipType="OnCursor" Name="Text" TooltipColor="" TextId=""/>
                <Control Class="Button" Base="BK3:btnHolo_Check" Font="DefaultButton" ButtonType="Check" RadioGroup="" LAnchorPoint="0" LAnchorOffset="0" TAnchorPoint="0" TAnchorOffset="0" RAnchorPoint="0" RAnchorOffset="18" BAnchorPoint="1" BAnchorOffset="0" DT_VCENTER="1" DT_CENTER="1" BGColor="UI_BtnBGDefault" TextColor="UI_BtnTextDefault" NormalTextColor="UI_BtnTextDefault" PressedTextColor="UI_BtnTextDefault" FlybyTextColor="UI_BtnTextDefault" PressedFlybyTextColor="UI_BtnTextDefault" DisabledTextColor="UI_BtnTextDefault" TooltipType="OnCursor" Name="SSCSellCrafting" TooltipColor="" Text="">
                    <Event Name="ButtonCheck" Function="OnSellCraftingChange"/>
                    <Event Name="ButtonUncheck" Function="OnSellCraftingChange"/>
                </Control>
            </Control>
            <Control Class="Window" LAnchorPoint="0" LAnchorOffset="6" TAnchorPoint="0" TAnchorOffset="166" RAnchorPoint="1" RAnchorOffset="0" BAnchorPoint="0" BAnchorOffset="182" RelativeToClient="1" Font="Default" Text="" BGColor="UI_WindowBGDefault" TextColor="UI_WindowTextDefault" Template="Default" TooltipType="OnCursor" Name="Option3Frame3" TooltipColor="">
                <Control Class="Window" LAnchorPoint="0" LAnchorOffset="24" TAnchorPoint="0" TAnchorOffset="0" RAnchorPoint="1" RAnchorOffset="0" BAnchorPoint="1" BAnchorOffset="0" RelativeToClient="1" Font="Default" Text="___SSCSELLAMP___" BGColor="UI_WindowBGDefault" TextColor="UI_WindowTextDefault" Template="Default" TooltipType="OnCursor" Name="Text" TooltipColor="" TextId=""/>
                <Control Class="Button" Base="BK3:btnHolo_Check" Font="DefaultButton" ButtonType="Check" RadioGroup="" LAnchorPoint="0" LAnchorOffset="0" TAnchorPoint="0" TAnchorOffset="0" RAnchorPoint="0" RAnchorOffset="18" BAnchorPoint="1" BAnchorOffset="0" DT_VCENTER="1" DT_CENTER="1" BGColor="UI_BtnBGDefault" TextColor="UI_BtnTextDefault" NormalTextColor="UI_BtnTextDefault" PressedTextColor="UI_BtnTextDefault" FlybyTextColor="UI_BtnTextDefault" PressedFlybyTextColor="UI_BtnTextDefault" DisabledTextColor="UI_BtnTextDefault" TooltipType="OnCursor" Name="SSCSellAMP" TooltipColor="" Text="">
                    <Event Name="ButtonCheck" Function="OnSellAMPChange"/>
                    <Event Name="ButtonUncheck" Function="OnSellAMPChange"/>
                </Control>
            </Control>
            <Control Class="Window" LAnchorPoint="0" LAnchorOffset="6" TAnchorPoint="0" TAnchorOffset="182" RAnchorPoint="1" RAnchorOffset="0" BAnchorPoint="0" BAnchorOffset="198" RelativeToClient="1" Font="Default" Text="" BGColor="UI_WindowBGDefault" TextColor="UI_WindowTextDefault" Template="Default" TooltipType="OnCursor" Name="Option3Frame4" TooltipColor="">
                <Control Class="Window" LAnchorPoint="0" LAnchorOffset="24" TAnchorPoint="0" TAnchorOffset="0" RAnchorPoint="1" RAnchorOffset="0" BAnchorPoint="1" BAnchorOffset="0" RelativeToClient="1" Font="Default" Text="___SSCSELLHOUSING___" BGColor="UI_WindowBGDefault" TextColor="UI_WindowTextDefault" Template="Default" TooltipType="OnCursor" Name="Text" TooltipColor="" TextId=""/>
                <Control Class="Button" Base="BK3:btnHolo_Check" Font="DefaultButton" ButtonType="Check" RadioGroup="" LAnchorPoint="0" LAnchorOffset="0" TAnchorPoint="0" TAnchorOffset="0" RAnchorPoint="0" RAnchorOffset="18" BAnchorPoint="1" BAnchorOffset="0" DT_VCENTER="1" DT_CENTER="1" BGColor="UI_BtnBGDefault" TextColor="UI_BtnTextDefault" NormalTextColor="UI_BtnTextDefault" PressedTextColor="UI_BtnTextDefault" FlybyTextColor="UI_BtnTextDefault" PressedFlybyTextColor="UI_BtnTextDefault" DisabledTextColor="UI_BtnTextDefault" TooltipType="OnCursor" Name="SSCSellHousing" TooltipColor="" Text="">
                    <Event Name="ButtonCheck" Function="OnSellHousingChange"/>
                    <Event Name="ButtonUncheck" Function="OnSellHousingChange"/>
                </Control>
            </Control>
            <Control Class="Window" LAnchorPoint="0" LAnchorOffset="6" TAnchorPoint="0" TAnchorOffset="198" RAnchorPoint="1" RAnchorOffset="0" BAnchorPoint="0" BAnchorOffset="216" RelativeToClient="1" Font="Default" Text="" BGColor="UI_WindowBGDefault" TextColor="UI_WindowTextDefault" Template="Default" TooltipType="OnCursor" Name="Option3Frame5" TooltipColor="">
                <Control Class="Window" LAnchorPoint="0" LAnchorOffset="24" TAnchorPoint="0" TAnchorOffset="0" RAnchorPoint="1" RAnchorOffset="0" BAnchorPoint="1" BAnchorOffset="0" RelativeToClient="1" Font="Default" Text="___SSCSELLCOSTUMES___" BGColor="UI_WindowBGDefault" TextColor="UI_WindowTextDefault" Template="Default" TooltipType="OnCursor" Name="Text" TooltipColor="" TextId=""/>
                <Control Class="Button" Base="BK3:btnHolo_Check" Font="DefaultButton" ButtonType="Check" RadioGroup="" LAnchorPoint="0" LAnchorOffset="0" TAnchorPoint="0" TAnchorOffset="0" RAnchorPoint="0" RAnchorOffset="18" BAnchorPoint="1" BAnchorOffset="0" DT_VCENTER="1" DT_CENTER="1" BGColor="UI_BtnBGDefault" TextColor="UI_BtnTextDefault" NormalTextColor="UI_BtnTextDefault" PressedTextColor="UI_BtnTextDefault" FlybyTextColor="UI_BtnTextDefault" PressedFlybyTextColor="UI_BtnTextDefault" DisabledTextColor="UI_BtnTextDefault" TooltipType="OnCursor" Name="SSCSellCostumes" TooltipColor="" Text="">
                    <Event Name="ButtonCheck" Function="OnSellCostumesChange"/>
                    <Event Name="ButtonUncheck" Function="OnSellCostumesChange"/>
                </Control>
            </Control>
            <Control Class="Window" LAnchorPoint="0" LAnchorOffset="6" TAnchorPoint="0" TAnchorOffset="216" RAnchorPoint="1" RAnchorOffset="0" BAnchorPoint="0" BAnchorOffset="232" RelativeToClient="1" Font="Default" Text="" BGColor="UI_WindowBGDefault" TextColor="UI_WindowTextDefault" Template="Default" TooltipType="OnCursor" Name="Option3Frame6" TooltipColor="">
                <Control Class="Window" LAnchorPoint="0" LAnchorOffset="24" TAnchorPoint="0" TAnchorOffset="0" RAnchorPoint="1" RAnchorOffset="0" BAnchorPoint="1" BAnchorOffset="0" RelativeToClient="1" Font="Default" Text="___SSCSELLSCHEMATICS___" BGColor="UI_WindowBGDefault" TextColor="UI_WindowTextDefault" Template="Default" TooltipType="OnCursor" Name="Text" TooltipColor="" TextId=""/>
                <Control Class="Button" Base="BK3:btnHolo_Check" Font="DefaultButton" ButtonType="Check" RadioGroup="" LAnchorPoint="0" LAnchorOffset="0" TAnchorPoint="0" TAnchorOffset="0" RAnchorPoint="0" RAnchorOffset="18" BAnchorPoint="1" BAnchorOffset="0" DT_VCENTER="1" DT_CENTER="1" BGColor="UI_BtnBGDefault" TextColor="UI_BtnTextDefault" NormalTextColor="UI_BtnTextDefault" PressedTextColor="UI_BtnTextDefault" FlybyTextColor="UI_BtnTextDefault" PressedFlybyTextColor="UI_BtnTextDefault" DisabledTextColor="UI_BtnTextDefault" TooltipType="OnCursor" Name="SSCSellSchematics" TooltipColor="" Text="">
                    <Event Name="ButtonCheck" Function="OnSellSchematicsChange"/>
                    <Event Name="ButtonUncheck" Function="OnSellSchematicsChange"/>
                </Control>
            </Control>
        </Control>
    </Form>
    <Form Class="Window" LAnchorPoint="0" LAnchorOffset="4" TAnchorPoint="0" TAnchorOffset="3" RAnchorPoint="1" RAnchorOffset="-4" BAnchorPoint="0" BAnchorOffset="349" RelativeToClient="1" Font="Default" Text="" BGColor="UI_WindowBGDefault" TextColor="UI_WindowTextDefault" Template="Holo_Scrolllist_Options" TooltipType="OnCursor" Name="SSIOptionsFrame" Border="0" Picture="0" SwallowMouseClicks="1" Moveable="0" Escapable="0" Overlapped="0" TooltipColor="" Visible="0" Tooltip="">
        <Control Class="Window" LAnchorPoint="0" LAnchorOffset="0" TAnchorPoint="0" TAnchorOffset="0" RAnchorPoint="1" RAnchorOffset="0" BAnchorPoint="0" BAnchorOffset="112" RelativeToClient="1" Font="Default" Text="" BGColor="UI_WindowBGDefault" TextColor="UI_WindowTextDefault" Template="Holo_Inset_Callout" TooltipType="OnCursor" Name="Group1" TooltipColor="" Border="1" IgnoreMouse="1" UseTemplateBG="1">
            <Control Class="Window" LAnchorPoint="0" LAnchorOffset="0" TAnchorPoint="0" TAnchorOffset="-3" RAnchorPoint="1" RAnchorOffset="0" BAnchorPoint="0" BAnchorOffset="16" RelativeToClient="1" Font="CRB_ButtonHeader" Text="___SSIGROUP1___" BGColor="UI_WindowBGDefault" TextColor="UI_WindowTextDefault" Template="Default" TooltipType="OnCursor" Name="Title" TooltipColor="" TextId="" DT_CENTER="1" DT_VCENTER="0"/>
            <Control Class="Window" LAnchorPoint="0" LAnchorOffset="6" TAnchorPoint="0" TAnchorOffset="20" RAnchorPoint="1" RAnchorOffset="0" BAnchorPoint="0" BAnchorOffset="38" RelativeToClient="1" Font="Default" Text="" BGColor="UI_WindowBGDefault" TextColor="UI_WindowTextDefault" Template="Default" TooltipType="OnCursor" Name="Option1Frame" TooltipColor="">
                <Control Class="Window" LAnchorPoint="0" LAnchorOffset="24" TAnchorPoint="0" TAnchorOffset="0" RAnchorPoint="1" RAnchorOffset="0" BAnchorPoint="1" BAnchorOffset="0" RelativeToClient="1" Font="Default" Text="___SSIGR1OPT1___" BGColor="UI_WindowBGDefault" TextColor="UI_WindowTextDefault" Template="Default" TooltipType="OnCursor" Name="Text" TooltipColor="" TextId=""/>
                <Control Class="Button" Base="BK3:btnHolo_Radio_Big" Font="DefaultButton" ButtonType="Check" RadioGroup="" LAnchorPoint="0" LAnchorOffset="0" TAnchorPoint="0" TAnchorOffset="2" RAnchorPoint="0" RAnchorOffset="18" BAnchorPoint="1" BAnchorOffset="0" DT_VCENTER="1" DT_CENTER="1" BGColor="UI_BtnBGDefault" TextColor="UI_BtnTextDefault" NormalTextColor="UI_BtnTextDefault" PressedTextColor="UI_BtnTextDefault" FlybyTextColor="UI_BtnTextDefault" PressedFlybyTextColor="UI_BtnTextDefault" DisabledTextColor="UI_BtnTextDefault" TooltipType="OnCursor" Name="ElderGemsButton" TooltipColor="" RadioDisallowNonSelection="1" RelativeToClient="1" Text="" TextId="" GlobalRadioGroup="CurrenciesRG" UseWindowTextColor="0" RadioAlwaysSignal="0" Tooltip="">
                    <Event Name="ButtonCheck" Function="OnCurrencySelectionChange"/>
                </Control>
            </Control>
            <Control Class="Window" LAnchorPoint="0" LAnchorOffset="6" TAnchorPoint="0" TAnchorOffset="38" RAnchorPoint="4" RAnchorOffset="0" BAnchorPoint="0" BAnchorOffset="56" RelativeToClient="1" Font="Default" Text="" BGColor="UI_WindowBGDefault" TextColor="UI_WindowTextDefault" Template="Default" TooltipType="OnCursor" Name="Option2Frame" TooltipColor="">
                <Control Class="Window" LAnchorPoint="0" LAnchorOffset="24" TAnchorPoint="0" TAnchorOffset="0" RAnchorPoint="1" RAnchorOffset="0" BAnchorPoint="1" BAnchorOffset="0" RelativeToClient="1" Font="Default" Text="___SSIGR1OPT2___" BGColor="UI_WindowBGDefault" TextColor="UI_WindowTextDefault" Template="Default" TooltipType="OnCursor" Name="Text" TooltipColor="" TextId=""/>
                <Control Class="Button" Base="BK3:btnHolo_Radio_Big" Font="DefaultButton" ButtonType="Check" RadioGroup="" LAnchorPoint="0" LAnchorOffset="0" TAnchorPoint="0" TAnchorOffset="2" RAnchorPoint="0" RAnchorOffset="18" BAnchorPoint="1" BAnchorOffset="0" DT_VCENTER="1" DT_CENTER="1" BGColor="UI_BtnBGDefault" TextColor="UI_BtnTextDefault" NormalTextColor="UI_BtnTextDefault" PressedTextColor="UI_BtnTextDefault" FlybyTextColor="UI_BtnTextDefault" PressedFlybyTextColor="UI_BtnTextDefault" DisabledTextColor="UI_BtnTextDefault" TooltipType="OnCursor" Name="PrestigeButton" TooltipColor="" RadioDisallowNonSelection="1" RelativeToClient="1" Text="" TextId="" GlobalRadioGroup="CurrenciesRG" RadioAlwaysSignal="0">
                    <Event Name="ButtonCheck" Function="OnCurrencySelectionChange"/>
                </Control>
            </Control>
            <Control Class="Window" LAnchorPoint="0" LAnchorOffset="6" TAnchorPoint="0" TAnchorOffset="56" RAnchorPoint="1" RAnchorOffset="0" BAnchorPoint="0" BAnchorOffset="74" RelativeToClient="1" Font="Default" Text="" BGColor="UI_WindowBGDefault" TextColor="UI_WindowTextDefault" Template="Default" TooltipType="OnCursor" Name="Option3Frame" TooltipColor="">
                <Control Class="Window" LAnchorPoint="0" LAnchorOffset="24" TAnchorPoint="0" TAnchorOffset="0" RAnchorPoint="1" RAnchorOffset="0" BAnchorPoint="1" BAnchorOffset="0" RelativeToClient="1" Font="Default" Text="___SSIGR1OPT3___" BGColor="UI_WindowBGDefault" TextColor="UI_WindowTextDefault" Template="Default" TooltipType="OnCursor" Name="Text" TooltipColor="" TextId=""/>
                <Control Class="Button" Base="BK3:btnHolo_Radio_Big" Font="DefaultButton" ButtonType="Check" RadioGroup="" LAnchorPoint="0" LAnchorOffset="0" TAnchorPoint="0" TAnchorOffset="2" RAnchorPoint="0" RAnchorOffset="18" BAnchorPoint="1" BAnchorOffset="0" DT_VCENTER="1" DT_CENTER="1" BGColor="UI_BtnBGDefault" TextColor="UI_BtnTextDefault" NormalTextColor="UI_BtnTextDefault" PressedTextColor="UI_BtnTextDefault" FlybyTextColor="UI_BtnTextDefault" PressedFlybyTextColor="UI_BtnTextDefault" DisabledTextColor="UI_BtnTextDefault" TooltipType="OnCursor" Name="RenownButton" TooltipColor="" RadioDisallowNonSelection="1" RelativeToClient="1" Text="" TextId="" GlobalRadioGroup="CurrenciesRG" RadioAlwaysSignal="0">
                    <Event Name="ButtonCheck" Function="OnCurrencySelectionChange"/>
                </Control>
            </Control>
            <Control Class="Window" LAnchorPoint="0" LAnchorOffset="6" TAnchorPoint="0" TAnchorOffset="74" RAnchorPoint="1" RAnchorOffset="0" BAnchorPoint="0" BAnchorOffset="92" RelativeToClient="1" Font="Default" Text="" BGColor="UI_WindowBGDefault" TextColor="UI_WindowTextDefault" Template="Default" TooltipType="OnCursor" Name="Option4Frame" TooltipColor="">
                <Control Class="Window" LAnchorPoint="0" LAnchorOffset="24" TAnchorPoint="0" TAnchorOffset="0" RAnchorPoint="1" RAnchorOffset="0" BAnchorPoint="1" BAnchorOffset="0" RelativeToClient="1" Font="Default" Text="___SSIGR1OPT4___" BGColor="UI_WindowBGDefault" TextColor="UI_WindowTextDefault" Template="Default" TooltipType="OnCursor" Name="Text" TooltipColor="" TextId=""/>
                <Control Class="Button" Base="BK3:btnHolo_Radio_Big" Font="DefaultButton" ButtonType="Check" RadioGroup="" LAnchorPoint="0" LAnchorOffset="0" TAnchorPoint="0" TAnchorOffset="2" RAnchorPoint="0" RAnchorOffset="18" BAnchorPoint="1" BAnchorOffset="0" DT_VCENTER="1" DT_CENTER="1" BGColor="UI_BtnBGDefault" TextColor="UI_BtnTextDefault" NormalTextColor="UI_BtnTextDefault" PressedTextColor="UI_BtnTextDefault" FlybyTextColor="UI_BtnTextDefault" PressedFlybyTextColor="UI_BtnTextDefault" DisabledTextColor="UI_BtnTextDefault" TooltipType="OnCursor" Name="CraftingVouchersButton" TooltipColor="" Text="" RadioDisallowNonSelection="1" RelativeToClient="1" TextId="" GlobalRadioGroup="CurrenciesRG" RadioAlwaysSignal="0">
                    <Event Name="ButtonCheck" Function="OnCurrencySelectionChange"/>
                </Control>
            </Control>
        </Control>
        <Control Class="Window" LAnchorPoint="0" LAnchorOffset="0" TAnchorPoint="0" TAnchorOffset="116" RAnchorPoint="1" RAnchorOffset="0" BAnchorPoint="0" BAnchorOffset="241" RelativeToClient="1" Font="Default" Text="" BGColor="UI_WindowBGDefault" TextColor="UI_WindowTextDefault" Template="Holo_Inset_Callout" TooltipType="OnCursor" Name="Group2" TooltipColor="" Picture="0" IgnoreMouse="1" Border="1" UseTemplateBG="1">
            <Control Class="Window" LAnchorPoint="0" LAnchorOffset="0" TAnchorPoint="0" TAnchorOffset="-3" RAnchorPoint="1" RAnchorOffset="0" BAnchorPoint="0" BAnchorOffset="16" RelativeToClient="1" Font="CRB_ButtonHeader" Text="___SSIGROUP2___" BGColor="UI_WindowBGDefault" TextColor="UI_WindowTextDefault" Template="Default" TooltipType="OnCursor" Name="Title" TooltipColor="" TextId="" DT_CENTER="1"/>
            <Control Class="Window" LAnchorPoint="0" LAnchorOffset="6" TAnchorPoint="0" TAnchorOffset="20" RAnchorPoint="1" RAnchorOffset="0" BAnchorPoint="0" BAnchorOffset="62" RelativeToClient="1" Font="Default" Text="" BGColor="UI_WindowBGDefault" TextColor="UI_WindowTextDefault" Template="Default" TooltipType="OnCursor" Name="Option1Frame" TooltipColor="" IgnoreMouse="1" NoClip="0" TextId="">
                <Control Class="Window" LAnchorPoint="0" LAnchorOffset="0" TAnchorPoint="0" TAnchorOffset="0" RAnchorPoint="1" RAnchorOffset="0" BAnchorPoint="0" BAnchorOffset="18" RelativeToClient="1" Font="Default" Text="___SSIGR2OPT1___" BGColor="UI_WindowBGDefault" TextColor="UI_WindowTextDefault" Template="Default" TooltipType="OnCursor" Name="Text" TooltipColor="" TextId=""/>
                <Control Class="SliderBar" LAnchorPoint="0" LAnchorOffset="32" TAnchorPoint="0" TAnchorOffset="14" RAnchorPoint="1" RAnchorOffset="0" BAnchorPoint="0" BAnchorOffset="46" RelativeToClient="1" Font="Default" Text="" BGColor="UI_WindowBGDefault" TextColor="UI_WindowTextDefault" Template="Holo_Scrolllist_Options" TooltipType="OnCursor" Name="SSIIconsSizeSlider" TooltipColor="" DiscreteTicks="1" UseButtons="1" Min="20.000000" Max="128.000000" TickAmount="1.000000" InitialValue="36.000000" NoClip="0" Border="0" Picture="0">
                    <Event Name="SliderBarChanged" Function="OnInventoryIconsSizeChanged"/>
                </Control>
                <Control Class="Window" LAnchorPoint="0" LAnchorOffset="30" TAnchorPoint="0" TAnchorOffset="18" RAnchorPoint="1" RAnchorOffset="3" BAnchorPoint="0" BAnchorOffset="44" RelativeToClient="1" Font="Default" Text="" BGColor="UI_WindowBGDefault" TextColor="UI_WindowTextDefault" Template="Default" TooltipType="OnCursor" Name="SliderBG" TooltipColor="" Sprite="BK3:UI_BK3_Holo_InsetSlider" Picture="1" IgnoreMouse="1"/>
                <Control Class="Window" LAnchorPoint="0" LAnchorOffset="0" TAnchorPoint="0" TAnchorOffset="18" RAnchorPoint="0" RAnchorOffset="32" BAnchorPoint="1" BAnchorOffset="0" RelativeToClient="1" Font="CRB_Pixel" Text="" BGColor="UI_WindowBGDefault" TextColor="UI_WindowTextDefault" Template="Default" TooltipType="OnCursor" Name="SSIIconsSizeText" TooltipColor="" DT_CENTER="1" DT_VCENTER="1" TextId=""/>
            </Control>
            <Control Class="Window" LAnchorPoint="0" LAnchorOffset="6" TAnchorPoint="0" TAnchorOffset="62" RAnchorPoint="1" RAnchorOffset="0" BAnchorPoint="0" BAnchorOffset="104" RelativeToClient="1" Font="Default" Text="" BGColor="UI_WindowBGDefault" TextColor="UI_WindowTextDefault" Template="Default" TooltipType="OnCursor" Name="Option2Frame" TooltipColor="">
                <Control Class="Window" LAnchorPoint="0" LAnchorOffset="0" TAnchorPoint="0" TAnchorOffset="0" RAnchorPoint="1" RAnchorOffset="0" BAnchorPoint="0" BAnchorOffset="18" RelativeToClient="1" Font="Default" Text="___SSIGR2OPT2___" BGColor="UI_WindowBGDefault" TextColor="UI_WindowTextDefault" Template="Default" TooltipType="OnCursor" Name="Text" TooltipColor="" TextId=""/>
                <Control Class="SliderBar" LAnchorPoint="0" LAnchorOffset="32" TAnchorPoint="0" TAnchorOffset="14" RAnchorPoint="1" RAnchorOffset="0" BAnchorPoint="0" BAnchorOffset="46" RelativeToClient="1" Font="Default" Text="" BGColor="UI_WindowBGDefault" TextColor="UI_WindowTextDefault" Template="Holo_Scrolllist_Options" TooltipType="OnCursor" Name="SSIRowsSizeSlider" TooltipColor="" DiscreteTicks="1" UseButtons="1" DrawTicks="0" InstantMouseReact="0" Min="6.000000" Max="24.000000" TickAmount="1.000000" InitialValue="10.000000">
                    <Event Name="SliderBarChanged" Function="OnInventoryRowsSizeChanged"/>
                </Control>
                <Control Class="Window" LAnchorPoint="0" LAnchorOffset="30" TAnchorPoint="0" TAnchorOffset="18" RAnchorPoint="1" RAnchorOffset="3" BAnchorPoint="0" BAnchorOffset="44" RelativeToClient="1" Font="Default" Text="" BGColor="UI_WindowBGDefault" TextColor="UI_WindowTextDefault" Template="Default" TooltipType="OnCursor" Name="SliderBG" TooltipColor="" Sprite="BK3:UI_BK3_Holo_InsetSlider" Picture="1" IgnoreMouse="1"/>
                <Control Class="Window" LAnchorPoint="0" LAnchorOffset="0" TAnchorPoint="0" TAnchorOffset="18" RAnchorPoint="0" RAnchorOffset="32" BAnchorPoint="1" BAnchorOffset="0" RelativeToClient="1" Font="CRB_Pixel" Text="" BGColor="UI_WindowBGDefault" TextColor="UI_WindowTextDefault" Template="Default" TooltipType="OnCursor" Name="SSIRowsSizeText" TooltipColor="" DT_CENTER="1" DT_VCENTER="1"/>
            </Control>
        </Control>
        <Control Class="Window" LAnchorPoint="0" LAnchorOffset="0" TAnchorPoint="0" TAnchorOffset="245" RAnchorPoint="1" RAnchorOffset="0" BAnchorPoint="0" BAnchorOffset="341" RelativeToClient="1" Font="Default" Text="" BGColor="UI_WindowBGDefault" TextColor="UI_WindowTextDefault" Template="Holo_Inset_Callout" TooltipType="OnCursor" Name="Group3" TooltipColor="" Border="1" IgnoreMouse="1" UseTemplateBG="1" Overlapped="0" DoNotBlockTooltip="0" BlockOutIfDisabled="1" TestAlpha="0" HideInEditor="0">
            <Control Class="Window" LAnchorPoint="0" LAnchorOffset="0" TAnchorPoint="0" TAnchorOffset="-4" RAnchorPoint="1" RAnchorOffset="0" BAnchorPoint="0" BAnchorOffset="16" RelativeToClient="1" Font="CRB_ButtonHeader" Text="___SSISORTGROUP___" BGColor="UI_WindowBGDefault" TextColor="UI_WindowTextDefault" Template="Default" TooltipType="OnCursor" Name="Title" TooltipColor="" TextId="" DT_CENTER="1" DT_VCENTER="0" Tooltip=""/>
            <Control Class="Window" LAnchorPoint="0" LAnchorOffset="6" TAnchorPoint="0" TAnchorOffset="20" RAnchorPoint="1" RAnchorOffset="0" BAnchorPoint="0" BAnchorOffset="76" RelativeToClient="1" Font="Default" Text="" BGColor="UI_WindowBGDefault" TextColor="UI_WindowTextDefault" Template="Default" TooltipType="OnCursor" Name="Option1Frame" TooltipColor="">
                <Control Class="Window" LAnchorPoint="0" LAnchorOffset="0" TAnchorPoint="0" TAnchorOffset="0" RAnchorPoint="1" RAnchorOffset="0" BAnchorPoint="0" BAnchorOffset="18" RelativeToClient="1" Font="Default" Text="___SSISORTINVENTORY___" BGColor="UI_WindowBGDefault" TextColor="UI_WindowTextDefault" Template="Default" TooltipType="OnCursor" Name="Text" TooltipColor="" TextId=""/>
                <Control Class="Button" Base="CRB_Basekit:kitBtn_Dropdown_TextBaseHybrid" Font="DefaultButton" ButtonType="Check" RadioGroup="" LAnchorPoint="0" LAnchorOffset="0" TAnchorPoint="0" TAnchorOffset="18" RAnchorPoint="1" RAnchorOffset="0" BAnchorPoint="0" BAnchorOffset="56" DT_VCENTER="1" DT_CENTER="1" BGColor="UI_BtnBGDefault" TextColor="UI_BtnTextDefault" NormalTextColor="UI_BtnTextDefault" PressedTextColor="UI_BtnTextDefault" FlybyTextColor="UI_BtnTextDefault" PressedFlybyTextColor="UI_BtnTextDefault" DisabledTextColor="UI_BtnTextDefault" TooltipType="OnCursor" Name="SSISortChooserButton" TooltipColor="" Text="" HideInEditor="0">
                    <Control Class="Window" LAnchorPoint="1" LAnchorOffset="1" TAnchorPoint="0" TAnchorOffset="-94" RAnchorPoint="1" RAnchorOffset="287" BAnchorPoint="0" BAnchorOffset="128" RelativeToClient="0" Font="Default" Text="" BGColor="UI_WindowBGDefault" TextColor="UI_WindowTextDefault" Template="" TooltipType="OnCursor" Name="ChoiceContainer" TooltipColor="" IgnoreMouse="1" NoClip="1" CloseOnExternalClick="1" Border="0" UseTemplateBG="0" NewWindowDepth="1" Sprite="BK3:sprHolo_Alert_Flyout" Picture="1" HideInEditor="1" Visible="0" SwallowMouseClicks="1" Overlapped="1" NotRelative="1">
                        <Pixie LAnchorPoint="0" LAnchorOffset="43" TAnchorPoint="0" TAnchorOffset="48" RAnchorPoint="1" RAnchorOffset="-43" BAnchorPoint="1" BAnchorOffset="-50" Sprite="BK3:UI_BK3_Holo_InsetFlyout" BGColor="white" TextColor="black" Rotation="0" Font="Default"/>
                        <Control Class="Button" Base="BK3:btnHolo_ListView_Top" Font="CRB_Button" ButtonType="Check" RadioGroup="SSCGR1OPT3" LAnchorPoint="0" LAnchorOffset="44" TAnchorPoint="0" TAnchorOffset="49" RAnchorPoint="1" RAnchorOffset="-44" BAnchorPoint="0" BAnchorOffset="81" DT_VCENTER="1" DT_CENTER="1" BGColor="UI_BtnBGDefault" TextColor="white" NormalTextColor="UI_BtnTextDefault" PressedTextColor="UI_BtnTextDefault" FlybyTextColor="UI_BtnTextDefault" PressedFlybyTextColor="UI_BtnTextDefault" DisabledTextColor="UI_BtnTextDefault" TooltipType="OnCursor" Name="Choice1" TooltipColor="" GlobalRadioGroup="" UseWindowTextColor="1" RelativeToClient="1" NoClip="1" DrawAsCheckbox="0" RadioDisallowNonSelection="1" Text="___Off___" TextId="" Overlapped="1" SwallowMouseClicks="1" IgnoreMouse="0" IgnoreTooltipDelay="0" NewWindowDepth="1">
                            <Event Name="ButtonCheck" Function="OnInventorySortSelected"/>
                        </Control>
                        <Control Class="Button" Base="BK3:btnHolo_ListView_Mid" Font="CRB_Button" ButtonType="Check" RadioGroup="SSCGR1OPT3" LAnchorPoint="0" LAnchorOffset="44" TAnchorPoint="0" TAnchorOffset="79" RAnchorPoint="1" RAnchorOffset="-44" BAnchorPoint="0" BAnchorOffset="111" DT_VCENTER="1" DT_CENTER="1" BGColor="UI_BtnBGDefault" TextColor="white" NormalTextColor="UI_BtnTextDefault" PressedTextColor="UI_BtnTextDefault" FlybyTextColor="UI_BtnTextDefault" PressedFlybyTextColor="UI_BtnTextDefault" DisabledTextColor="UI_BtnTextDefault" TooltipType="OnCursor" Name="Choice2" TooltipColor="" Text="___Alphabetical___" TextId="" RelativeToClient="1" NoClip="1" GlobalRadioGroup="" RadioDisallowNonSelection="1" NewWindowDepth="1" UseWindowTextColor="1">
                            <Event Name="ButtonCheck" Function="OnInventorySortSelected"/>
                        </Control>
                        <Control Class="Button" Base="BK3:btnHolo_ListView_Mid" Font="CRB_Button" ButtonType="Check" RadioGroup="SSCGR1OPT3" LAnchorPoint="0" LAnchorOffset="44" TAnchorPoint="0" TAnchorOffset="109" RAnchorPoint="1" RAnchorOffset="-44" BAnchorPoint="0" BAnchorOffset="141" DT_VCENTER="1" DT_CENTER="1" BGColor="UI_BtnBGDefault" TextColor="white" NormalTextColor="UI_BtnTextDefault" PressedTextColor="UI_BtnTextDefault" FlybyTextColor="UI_BtnTextDefault" PressedFlybyTextColor="UI_BtnTextDefault" DisabledTextColor="UI_BtnTextDefault" TooltipType="OnCursor" Name="Choice3" TooltipColor="" Text="___Quality___" TextId="" RadioDisallowNonSelection="1" RelativeToClient="1" NoClip="1" GlobalRadioGroup="" NewWindowDepth="1" UseWindowTextColor="1">
                            <Event Name="ButtonCheck" Function="OnInventorySortSelected"/>
                        </Control>
                        <Control Class="Button" Base="BK3:btnHolo_ListView_Btm" Font="CRB_Button" ButtonType="Check" RadioGroup="SSCGR1OPT3" LAnchorPoint="0" LAnchorOffset="44" TAnchorPoint="0" TAnchorOffset="139" RAnchorPoint="1" RAnchorOffset="-44" BAnchorPoint="0" BAnchorOffset="171" DT_VCENTER="1" DT_CENTER="1" BGColor="UI_BtnBGDefault" TextColor="white" NormalTextColor="UI_BtnTextDefault" PressedTextColor="UI_BtnTextDefault" FlybyTextColor="UI_BtnTextDefault" PressedFlybyTextColor="UI_BtnTextDefault" DisabledTextColor="UI_BtnTextDefault" TooltipType="OnCursor" Name="Choice4" TooltipColor="" Text="___Category___" TextId="" RadioDisallowNonSelection="1" RelativeToClient="1" NoClip="1" GlobalRadioGroup="" NewWindowDepth="1" UseWindowTextColor="1">
                            <Event Name="ButtonCheck" Function="OnInventorySortSelected"/>
                        </Control>
                        <Event Name="WindowClosed" Function="OnInventorySortChooserContainerClose"/>
                    </Control>
                    <Event Name="ButtonCheck" Function="OnInventorySortToggle"/>
                    <Event Name="ButtonUncheck" Function="OnInventorySortToggle"/>
                </Control>
            </Control>
        </Control>
    </Form>
    <Form Class="Window" LAnchorPoint="0" LAnchorOffset="4" TAnchorPoint="0" TAnchorOffset="3" RAnchorPoint="1" RAnchorOffset="-4" BAnchorPoint="0" BAnchorOffset="128" RelativeToClient="1" Font="Default" Text="" BGColor="UI_WindowBGDefault" TextColor="UI_WindowTextDefault" Template="Holo_Scrolllist_Options" TooltipType="OnCursor" Name="SSBOptionsFrame" Border="0" Picture="0" SwallowMouseClicks="1" Moveable="0" Escapable="0" Overlapped="0" TooltipColor="" Visible="0" Tooltip="">
        <Control Class="Window" LAnchorPoint="0" LAnchorOffset="0" TAnchorPoint="0" TAnchorOffset="0" RAnchorPoint="1" RAnchorOffset="0" BAnchorPoint="0" BAnchorOffset="122" RelativeToClient="1" Font="Default" Text="" BGColor="UI_WindowBGDefault" TextColor="UI_WindowTextDefault" Template="Holo_Inset_Callout" TooltipType="OnCursor" Name="Group1" TooltipColor="" Picture="0" IgnoreMouse="1" Border="1" UseTemplateBG="1">
            <Control Class="Window" LAnchorPoint="0" LAnchorOffset="0" TAnchorPoint="0" TAnchorOffset="-3" RAnchorPoint="1" RAnchorOffset="0" BAnchorPoint="0" BAnchorOffset="16" RelativeToClient="1" Font="CRB_ButtonHeader" Text="___SSBGROUP1___" BGColor="UI_WindowBGDefault" TextColor="UI_WindowTextDefault" Template="Default" TooltipType="OnCursor" Name="Title" TooltipColor="" TextId="" DT_CENTER="1"/>
            <Control Class="Window" LAnchorPoint="0" LAnchorOffset="6" TAnchorPoint="0" TAnchorOffset="20" RAnchorPoint="1" RAnchorOffset="0" BAnchorPoint="0" BAnchorOffset="62" RelativeToClient="1" Font="Default" Text="" BGColor="UI_WindowBGDefault" TextColor="UI_WindowTextDefault" Template="Default" TooltipType="OnCursor" Name="Option1Frame" TooltipColor="" IgnoreMouse="1" NoClip="0">
                <Control Class="Window" LAnchorPoint="0" LAnchorOffset="0" TAnchorPoint="0" TAnchorOffset="0" RAnchorPoint="1" RAnchorOffset="0" BAnchorPoint="0" BAnchorOffset="18" RelativeToClient="1" Font="Default" Text="___SSBGR1OPT1___" BGColor="UI_WindowBGDefault" TextColor="UI_WindowTextDefault" Template="Default" TooltipType="OnCursor" Name="Text" TooltipColor="" TextId=""/>
                <Control Class="SliderBar" LAnchorPoint="0" LAnchorOffset="32" TAnchorPoint="0" TAnchorOffset="14" RAnchorPoint="1" RAnchorOffset="0" BAnchorPoint="0" BAnchorOffset="46" RelativeToClient="1" Font="Default" Text="" BGColor="UI_WindowBGDefault" TextColor="UI_WindowTextDefault" Template="Holo_Scrolllist_Options" TooltipType="OnCursor" Name="SSBIconsSizeSlider" TooltipColor="" DiscreteTicks="1" UseButtons="1" Min="20.000000" Max="128.000000" TickAmount="1.000000" InitialValue="36.000000" NoClip="0" Border="0" Picture="0">
                    <Event Name="SliderBarChanged" Function="OnBankIconsSizeChanged"/>
                </Control>
                <Control Class="Window" LAnchorPoint="0" LAnchorOffset="30" TAnchorPoint="0" TAnchorOffset="18" RAnchorPoint="1" RAnchorOffset="3" BAnchorPoint="0" BAnchorOffset="46" RelativeToClient="1" Font="Default" Text="" BGColor="UI_WindowBGDefault" TextColor="UI_WindowTextDefault" Template="Default" TooltipType="OnCursor" Name="SliderBG" TooltipColor="" Sprite="BK3:UI_BK3_Holo_InsetSlider" Picture="1" IgnoreMouse="1"/>
                <Control Class="Window" LAnchorPoint="0" LAnchorOffset="0" TAnchorPoint="0" TAnchorOffset="18" RAnchorPoint="0" RAnchorOffset="32" BAnchorPoint="1" BAnchorOffset="0" RelativeToClient="1" Font="CRB_Pixel" Text="" BGColor="UI_WindowBGDefault" TextColor="UI_WindowTextDefault" Template="Default" TooltipType="OnCursor" Name="SSBIconsSizeText" TooltipColor=""/>
            </Control>
            <Control Class="Window" LAnchorPoint="0" LAnchorOffset="6" TAnchorPoint="0" TAnchorOffset="62" RAnchorPoint="1" RAnchorOffset="0" BAnchorPoint="0" BAnchorOffset="104" RelativeToClient="1" Font="Default" Text="" BGColor="UI_WindowBGDefault" TextColor="UI_WindowTextDefault" Template="Default" TooltipType="OnCursor" Name="Option2Frame" TooltipColor="">
                <Control Class="Window" LAnchorPoint="0" LAnchorOffset="0" TAnchorPoint="0" TAnchorOffset="0" RAnchorPoint="1" RAnchorOffset="0" BAnchorPoint="0" BAnchorOffset="18" RelativeToClient="1" Font="Default" Text="___SSBGR1OPT2___" BGColor="UI_WindowBGDefault" TextColor="UI_WindowTextDefault" Template="Default" TooltipType="OnCursor" Name="Text" TooltipColor="" TextId=""/>
                <Control Class="SliderBar" LAnchorPoint="0" LAnchorOffset="32" TAnchorPoint="0" TAnchorOffset="14" RAnchorPoint="1" RAnchorOffset="0" BAnchorPoint="0" BAnchorOffset="46" RelativeToClient="1" Font="Default" Text="" BGColor="UI_WindowBGDefault" TextColor="UI_WindowTextDefault" Template="Holo_Scrolllist_Options" TooltipType="OnCursor" Name="SSBRowsSizeSlider" TooltipColor="" DiscreteTicks="1" UseButtons="1" DrawTicks="0" InstantMouseReact="0" Min="6.000000" Max="24.000000" TickAmount="1.000000" InitialValue="10.000000">
                    <Event Name="SliderBarChanged" Function="OnBankRowsSizeChanged"/>
                </Control>
                <Control Class="Window" LAnchorPoint="0" LAnchorOffset="30" TAnchorPoint="0" TAnchorOffset="18" RAnchorPoint="1" RAnchorOffset="3" BAnchorPoint="0" BAnchorOffset="46" RelativeToClient="1" Font="Default" Text="" BGColor="UI_WindowBGDefault" TextColor="UI_WindowTextDefault" Template="Default" TooltipType="OnCursor" Name="SliderBG" TooltipColor="" Sprite="BK3:UI_BK3_Holo_InsetSlider" Picture="1" IgnoreMouse="1"/>
                <Control Class="Window" LAnchorPoint="0" LAnchorOffset="0" TAnchorPoint="0" TAnchorOffset="18" RAnchorPoint="0" RAnchorOffset="32" BAnchorPoint="1" BAnchorOffset="0" RelativeToClient="1" Font="CRB_Pixel" Text="" BGColor="UI_WindowBGDefault" TextColor="UI_WindowTextDefault" Template="Default" TooltipType="OnCursor" Name="SSBRowsSizeText" TooltipColor=""/>
            </Control>
        </Control>
    </Form>
</Forms>
