<?xml version="1.0" encoding="UTF-8" standalone="yes" ?>
<Forms>
    <Form Class="Window" LAnchorPoint="0.5" LAnchorOffset="-370" TAnchorPoint="1" TAnchorOffset="-234" RAnchorPoint="0.5" RAnchorOffset="-10" BAnchorPoint="1" BAnchorOffset="-204" RelativeToClient="1" Font="Thick" Text="" Template="Default" TooltipType="OnCursor" Name="ContainerNew1" Border="0" Picture="0" SwallowMouseClicks="1" Moveable="0" Escapable="0" Overlapped="1" BGColor="ffffffff" TextColor="ffffffff" TooltipColor="" Sprite="" Tooltip="" Sizable="0" HideInEditor="0" IgnoreMouse="0" Visible="1" VScrollLeftSide="0" TestAlpha="0" NewWindowDepth="0" UseRadialClipping="0" TextId="">
        <Pixie LAnchorPoint="1" LAnchorOffset="-2" TAnchorPoint="0" TAnchorOffset="0" RAnchorPoint="1" RAnchorOffset="0" BAnchorPoint="1" BAnchorOffset="0" Sprite="WhiteFill" BGColor="aa000000" TextColor="black" Rotation="0" Font="Default" Text=""/>
        <Pixie LAnchorPoint="0" LAnchorOffset="0" TAnchorPoint="0" TAnchorOffset="0" RAnchorPoint="0" RAnchorOffset="2" BAnchorPoint="1" BAnchorOffset="0" Sprite="WhiteFill" BGColor="aa000000" TextColor="black" Rotation="0" Font="Default"/>
        <Pixie LAnchorPoint="0" LAnchorOffset="0" TAnchorPoint="0" TAnchorOffset="0" RAnchorPoint="1" RAnchorOffset="0" BAnchorPoint="0" BAnchorOffset="2" Sprite="WhiteFill" BGColor="aa000000" TextColor="black" Rotation="0" Font="Default"/>
        <Pixie LAnchorPoint="0" LAnchorOffset="0" TAnchorPoint="1" TAnchorOffset="-2" RAnchorPoint="1" RAnchorOffset="0" BAnchorPoint="1" BAnchorOffset="0" Sprite="WhiteFill" BGColor="aa000000" TextColor="black" Rotation="0" Font="Default"/>
        <Control Class="Window" LAnchorPoint="0" LAnchorOffset="2" TAnchorPoint="0" TAnchorOffset="2" RAnchorPoint="1" RAnchorOffset="-2" BAnchorPoint="1" BAnchorOffset="-2" RelativeToClient="1" Font="CRB_Interface14_BBO" Text="" Template="Default" TooltipType="OnCursor" Name="EditorCover" Border="0" Picture="1" SwallowMouseClicks="1" Moveable="0" Escapable="0" Overlapped="0" BGColor="aaffff99" TextColor="ffffffff" TooltipColor="" Tooltip="" TestAlpha="0" Sprite="PlayerPathContent_TEMP:spr_PathListItemBlueProgressFill" TextId="" Sizable="0" HideInEditor="1" IgnoreMouse="1" NoClip="1" NeverBringToFront="0" BlockOutIfDisabled="0" Visible="0" NewWindowDepth="1" DT_CENTER="1" DT_VCENTER="1" DT_SINGLELINE="1">
            <Control Class="Window" LAnchorPoint="0" LAnchorOffset="0" TAnchorPoint="0" TAnchorOffset="0" RAnchorPoint="1" RAnchorOffset="0" BAnchorPoint="1" BAnchorOffset="0" RelativeToClient="1" Font="CRB_Interface16_BBO" Text="Resource Frame" Template="Default" TooltipType="OnCursor" Name="EditorText" BGColor="ffffffff" TextColor="ffffffff" TooltipColor="" TextId="" DT_VCENTER="1" DT_CENTER="1"/>
            <Control Class="Window" LAnchorPoint="1" LAnchorOffset="-22" TAnchorPoint="0" TAnchorOffset="2" RAnchorPoint="1" RAnchorOffset="-2" BAnchorPoint="0" BAnchorOffset="22" RelativeToClient="1" Font="Default" Text="" BGColor="ddffffff" TextColor="UI_WindowTextDefault" Template="Default" TooltipType="OnCursor" Name="Reset" TooltipColor="" Sprite="ClientSprites:Icon_TradeskillTalent_Microchip_Return_Chance_Attribute_Chip" Picture="1" IgnoreMouse="1" Tooltip="" TooltipId="Launcher_RemoveSettings" Visible="0">
                <Event Name="MouseButtonDown" Function="OnSettingsBtn"/>
            </Control>
            <Control Class="Window" LAnchorPoint="1" LAnchorOffset="-42" TAnchorPoint="0" TAnchorOffset="2" RAnchorPoint="1" RAnchorOffset="-22" BAnchorPoint="0" BAnchorOffset="22" RelativeToClient="1" Font="Default" Text="" BGColor="ff000000" TextColor="UI_WindowTextDefault" Template="Default" TooltipType="OnCursor" Name="Lock" TooltipColor="" Sprite="WhiteFill" Picture="1" IgnoreMouse="1" Tooltip="" TooltipId="Launcher_RemoveSettings" Visible="0">
                <Event Name="MouseButtonDown" Function="OnSettingsBtn"/>
                <Control Class="Window" LAnchorPoint="0" LAnchorOffset="-5" TAnchorPoint="0" TAnchorOffset="-5" RAnchorPoint="1" RAnchorOffset="5" BAnchorPoint="1" BAnchorOffset="5" RelativeToClient="1" Font="Default" Text="" BGColor="UI_WindowBGDefault" TextColor="UI_WindowTextDefault" Template="Default" TooltipType="OnCursor" Name="Sprite" TooltipColor="" Sprite="CRB_AMPs:spr_AMPs_LockStretch_Grey" Picture="1" IgnoreMouse="1"/>
            </Control>
        </Control>
        <Event Name="MouseButtonDown" Function="MouseDownTest"/>
        <Event Name="WindowMove" Function="WindowMove"/>
        <Control Class="Window" LAnchorPoint="0" LAnchorOffset="0" TAnchorPoint="0" TAnchorOffset="0" RAnchorPoint="1" RAnchorOffset="0" BAnchorPoint="1" BAnchorOffset="0" RelativeToClient="1" Font="Default" Text="" Template="Default" TooltipType="OnCursor" Name="CustomizeBorder" BGColor="22ffff00" TextColor="ffffffff" TooltipColor="" TextId="" DT_VCENTER="1" DT_CENTER="1" IgnoreMouse="1" NewWindowDepth="1" Sprite="" Picture="0" Visible="0" HideInEditor="0">
            <Pixie LAnchorPoint="0" LAnchorOffset="0" TAnchorPoint="0" TAnchorOffset="0" RAnchorPoint="1" RAnchorOffset="0" BAnchorPoint="0" BAnchorOffset="1" Sprite="WhiteFill" BGColor="55ffff00" TextColor="black" Rotation="0" Font="Default" Text=""/>
            <Pixie LAnchorPoint="0" LAnchorOffset="0" TAnchorPoint="0" TAnchorOffset="0" RAnchorPoint="0" RAnchorOffset="1" BAnchorPoint="1" BAnchorOffset="0" Sprite="WhiteFill" BGColor="55ffff00" TextColor="black" Rotation="0" Font="Default"/>
            <Pixie LAnchorPoint="0" LAnchorOffset="0" TAnchorPoint="1" TAnchorOffset="-1" RAnchorPoint="1" RAnchorOffset="0" BAnchorPoint="1" BAnchorOffset="0" Sprite="WhiteFill" BGColor="55ffff00" TextColor="black" Rotation="0" Font="Default"/>
            <Pixie LAnchorPoint="1" LAnchorOffset="-1" TAnchorPoint="0" TAnchorOffset="0" RAnchorPoint="1" RAnchorOffset="0" BAnchorPoint="1" BAnchorOffset="0" Sprite="WhiteFill" BGColor="55ffff00" TextColor="black" Rotation="0" Font="Default"/>
        </Control>
        <Control Class="Window" LAnchorPoint="0" LAnchorOffset="0" TAnchorPoint="0" TAnchorOffset="0" RAnchorPoint="1" RAnchorOffset="0" BAnchorPoint="1" BAnchorOffset="0" RelativeToClient="1" Font="Default" Text="" BGColor="UI_WindowBGDefault" TextColor="UI_WindowTextDefault" Template="Default" TooltipType="OnCursor" Name="Content" TooltipColor="">
            <Control Class="Window" LAnchorPoint="0" LAnchorOffset="2" TAnchorPoint="0" TAnchorOffset="2" RAnchorPoint="1" RAnchorOffset="-2" BAnchorPoint="1" BAnchorOffset="-2" RelativeToClient="1" Font="Default" Text="" Template="Default" TooltipType="OnCursor" Name="Bars" BGColor="77000000" TextColor="ffffffff" TooltipColor="" Sprite="WhiteFill" Visible="1" HideInEditor="0" Picture="1" IgnoreMouse="1" Tooltip=""/>
        </Control>
    </Form>
    <Form Class="Window" LAnchorPoint="0" LAnchorOffset="0" TAnchorPoint="0" TAnchorOffset="0" RAnchorPoint="1" RAnchorOffset="0" BAnchorPoint="1" BAnchorOffset="0" RelativeToClient="1" Font="Default" Text="" Template="Default" TooltipType="OnCursor" Name="MedicCore" Border="0" Picture="1" SwallowMouseClicks="1" Moveable="0" Escapable="0" Overlapped="0" BGColor="ffffffff" TextColor="ffffffff" TooltipColor="" IgnoreMouse="1" Tooltip="">
        <Control Class="ProgressBar" Text="" LAnchorPoint="0" LAnchorOffset="0" TAnchorPoint="0" TAnchorOffset="0" RAnchorPoint="1" RAnchorOffset="0" BAnchorPoint="1" BAnchorOffset="0" AutoSetText="0" UseValues="1" RelativeToClient="1" SetTextToProgress="0" DT_CENTER="1" DT_VCENTER="1" ProgressEmpty="" ProgressFull="AbilitiesSprites:spr_StatGreenVertProg" TooltipType="OnCursor" Name="PowerSurge" BGColor="ffffffff" TextColor="ffffffff" TooltipColor="" BarColor="" ProgressFill="AbilitiesSprites:spr_StatOrangeVertProg" Visible="1" HideInEditor="0" IgnoreMouse="1"/>
        <Control Class="Window" LAnchorPoint="0" LAnchorOffset="0" TAnchorPoint="0" TAnchorOffset="0" RAnchorPoint="1" RAnchorOffset="0" BAnchorPoint="1" BAnchorOffset="0" RelativeToClient="1" Font="Default" Text="" Template="Default" TooltipType="OnCursor" Name="MedicCoreEmpty" BGColor="ffffffff" TextColor="ffffffff" TooltipColor="" Sprite="AbilitiesSprites:spr_StatRedVertProg" Picture="1" IgnoreMouse="1" Tooltip=""/>
    </Form>
    <Form Class="Window" LAnchorPoint="0" LAnchorOffset="0" TAnchorPoint="0" TAnchorOffset="0" RAnchorPoint="1" RAnchorOffset="0" BAnchorPoint="1" BAnchorOffset="0" RelativeToClient="1" Font="Default" Text="" Template="Default" TooltipType="OnCursor" Name="Medic" Border="0" Picture="0" SwallowMouseClicks="1" Moveable="0" Escapable="0" Overlapped="0" BGColor="ffffffff" TextColor="ffffffff" TooltipColor="" Tooltip="" TestAlpha="0" Sprite="" TextId="" Sizable="0" HideInEditor="0" IgnoreMouse="0" NeverBringToFront="0" TooltipId="" Visible="0">
        <Control Class="Window" LAnchorPoint="0" LAnchorOffset="0" TAnchorPoint="0" TAnchorOffset="0" RAnchorPoint="0.25" RAnchorOffset="-1" BAnchorPoint="1" BAnchorOffset="0" RelativeToClient="1" Font="Default" Text="" Template="Default" TooltipType="OnCursor" Name="CoreContainer1" BGColor="ffffffff" TextColor="ffffffff" TooltipColor="" Picture="1" IgnoreMouse="1" Sprite="AbilitiesSprites:spr_StatRedVertProg" HideInEditor="0"/>
        <Control Class="Window" LAnchorPoint="0.25" LAnchorOffset="1" TAnchorPoint="0" TAnchorOffset="0" RAnchorPoint="0.5" RAnchorOffset="-1" BAnchorPoint="1" BAnchorOffset="0" RelativeToClient="1" Font="Default" Text="" Template="Default" TooltipType="OnCursor" Name="CoreContainer2" BGColor="ffffffff" TextColor="ffffffff" TooltipColor="" Sprite="AbilitiesSprites:spr_StatRedVertProg" Picture="1" IgnoreMouse="1"/>
        <Control Class="Window" LAnchorPoint="0.5" LAnchorOffset="1" TAnchorPoint="0" TAnchorOffset="0" RAnchorPoint="0.75" RAnchorOffset="-1" BAnchorPoint="1" BAnchorOffset="0" RelativeToClient="1" Font="Default" Text="" Template="Default" TooltipType="OnCursor" Name="CoreContainer3" BGColor="ffffffff" TextColor="ffffffff" TooltipColor="" Sprite="AbilitiesSprites:spr_StatRedVertProg" Picture="1" IgnoreMouse="1"/>
        <Control Class="Window" LAnchorPoint="0.75" LAnchorOffset="1" TAnchorPoint="0" TAnchorOffset="0" RAnchorPoint="1" RAnchorOffset="0" BAnchorPoint="1" BAnchorOffset="0" RelativeToClient="1" Font="Default" Text="" Template="Default" TooltipType="OnCursor" Name="CoreContainer4" BGColor="ffffffff" TextColor="ffffffff" TooltipColor="" Sprite="AbilitiesSprites:spr_StatRedVertProg" Picture="1" IgnoreMouse="1"/>
        <Pixie LAnchorPoint="0.25" LAnchorOffset="-1" TAnchorPoint="0" TAnchorOffset="0" RAnchorPoint="0.25" RAnchorOffset="1" BAnchorPoint="1" BAnchorOffset="0" Sprite="WhiteFill" BGColor="aa000000" TextColor="black" Rotation="0" Font="Default" Text=""/>
        <Pixie LAnchorPoint="0.5" LAnchorOffset="-1" TAnchorPoint="0" TAnchorOffset="0" RAnchorPoint="0.5" RAnchorOffset="1" BAnchorPoint="1" BAnchorOffset="0" Sprite="WhiteFill" BGColor="aa000000" TextColor="black" Rotation="0" Font="Default"/>
        <Pixie LAnchorPoint="0.75" LAnchorOffset="-1" TAnchorPoint="0" TAnchorOffset="0" RAnchorPoint="0.75" RAnchorOffset="1" BAnchorPoint="1" BAnchorOffset="0" Sprite="WhiteFill" BGColor="aa000000" TextColor="black" Rotation="0" Font="Default"/>
    </Form>
    <Form Class="Window" LAnchorPoint="0" LAnchorOffset="0" TAnchorPoint="0" TAnchorOffset="0" RAnchorPoint="1" RAnchorOffset="0" BAnchorPoint="1" BAnchorOffset="0" RelativeToClient="1" Font="Default" Text="" Template="Default" TooltipType="OnCursor" Name="Esper" BGColor="ffffffff" TextColor="ffffffff" TooltipColor="" HideInEditor="0" Visible="0">
        <Control Class="Window" LAnchorPoint="0" LAnchorOffset="0" TAnchorPoint="0" TAnchorOffset="0" RAnchorPoint="0.2" RAnchorOffset="-1" BAnchorPoint="1" BAnchorOffset="0" RelativeToClient="1" Font="Default" Text="" Template="Default" TooltipType="OnCursor" Name="EsperCzontainer1" BGColor="ffffffff" TextColor="ffffffff" TooltipColor="" Sprite="WhiteFill" Sizable="0" IgnoreMouse="1" Picture="1"/>
        <Control Class="Window" LAnchorPoint="0.2" LAnchorOffset="1" TAnchorPoint="0" TAnchorOffset="0" RAnchorPoint="0.4" RAnchorOffset="-1" BAnchorPoint="1" BAnchorOffset="0" RelativeToClient="1" Font="Default" Text="" Template="Default" TooltipType="OnCursor" Name="EsperCzontainer2" BGColor="ffffffff" TextColor="ffffffff" TooltipColor="" Sprite="WhiteFill" Picture="1" IgnoreMouse="1"/>
        <Control Class="Window" LAnchorPoint="0.4" LAnchorOffset="1" TAnchorPoint="0" TAnchorOffset="0" RAnchorPoint="0.6" RAnchorOffset="-1" BAnchorPoint="1" BAnchorOffset="0" RelativeToClient="1" Font="Default" Text="" Template="Default" TooltipType="OnCursor" Name="EsperCzontainer3" BGColor="ffffffff" TextColor="ffffffff" TooltipColor="" Sprite="WhiteFill" Picture="1" IgnoreMouse="1"/>
        <Control Class="Window" LAnchorPoint="0.6" LAnchorOffset="1" TAnchorPoint="0" TAnchorOffset="0" RAnchorPoint="0.8" RAnchorOffset="-1" BAnchorPoint="1" BAnchorOffset="0" RelativeToClient="1" Font="Default" Text="" Template="Default" TooltipType="OnCursor" Name="EsperCzontainer4" BGColor="ffffffff" TextColor="ffffffff" TooltipColor="" Sprite="WhiteFill" Picture="1" IgnoreMouse="1"/>
        <Control Class="Window" LAnchorPoint="0.8" LAnchorOffset="1" TAnchorPoint="0" TAnchorOffset="0" RAnchorPoint="1" RAnchorOffset="0" BAnchorPoint="1" BAnchorOffset="0" RelativeToClient="1" Font="Default" Text="" Template="Default" TooltipType="OnCursor" Name="EsperCzontainer5" BGColor="ffffffff" TextColor="ffffffff" TooltipColor="" Sprite="WhiteFill" Picture="1" IgnoreMouse="1"/>
    </Form>
    <Form Class="Window" LAnchorPoint="0" LAnchorOffset="0" TAnchorPoint="0" TAnchorOffset="0" RAnchorPoint="1" RAnchorOffset="0" BAnchorPoint="1" BAnchorOffset="0" RelativeToClient="1" Font="Default" Text="" Template="Default" TooltipType="OnCursor" Name="Esper2" BGColor="ffffffff" TextColor="ffffffff" TooltipColor="" HideInEditor="0" Visible="0" Tooltip="" IgnoreMouse="0" Overlapped="1">
        <Control Class="ProgressBar" Text="" LAnchorPoint="0" LAnchorOffset="0" TAnchorPoint="0" TAnchorOffset="0" RAnchorPoint="1" RAnchorOffset="0" BAnchorPoint="1" BAnchorOffset="0" AutoSetText="0" UseValues="1" RelativeToClient="1" SetTextToProgress="0" DT_CENTER="1" DT_VCENTER="1" ProgressEmpty="" ProgressFull="WhiteFill" TooltipType="OnCursor" Name="EsperManaBar" BGColor="ffffffff" TextColor="ffffffff" TooltipColor="" BarColor="ffff44ff" NotRelative="0" IgnoreMouse="1">
            <Control Class="Window" LAnchorPoint=".1" LAnchorOffset="-15" TAnchorPoint="0.5" TAnchorOffset="-14" RAnchorPoint="0.1" RAnchorOffset="15" BAnchorPoint="0.5" BAnchorOffset="14" RelativeToClient="1" Font="Default" Text="" Template="Default" TooltipType="OnCursor" Name="EsperContainer1" BGColor="ffffffff" TextColor="ffffffff" TooltipColor="" Sprite="CRB_UIKitSprites:btn_radioLARGEDisabled" Sizable="0" IgnoreMouse="1" Picture="1"/>
            <Control Class="Window" LAnchorPoint="0.3" LAnchorOffset="-15" TAnchorPoint="0.5" TAnchorOffset="-14" RAnchorPoint="0.3" RAnchorOffset="15" BAnchorPoint="0.5" BAnchorOffset="14" RelativeToClient="1" Font="Default" Text="" Template="Default" TooltipType="OnCursor" Name="EsperContainer2" BGColor="ffffffff" TextColor="ffffffff" TooltipColor="" Sprite="CRB_UIKitSprites:btn_radioLARGEDisabled" Picture="1" IgnoreMouse="1"/>
            <Control Class="Window" LAnchorPoint="0.5" LAnchorOffset="-15" TAnchorPoint="0.5" TAnchorOffset="-14" RAnchorPoint="0.5" RAnchorOffset="15" BAnchorPoint="0.5" BAnchorOffset="14" RelativeToClient="1" Font="Default" Text="" Template="Default" TooltipType="OnCursor" Name="EsperContainer3" BGColor="ffffffff" TextColor="ffffffff" TooltipColor="" Sprite="CRB_UIKitSprites:btn_radioLARGEDisabled" Picture="1" IgnoreMouse="1"/>
            <Control Class="Window" LAnchorPoint="0.7" LAnchorOffset="-15" TAnchorPoint="0.5" TAnchorOffset="-14" RAnchorPoint="0.7" RAnchorOffset="15" BAnchorPoint="0.5" BAnchorOffset="14" RelativeToClient="1" Font="Default" Text="" Template="Default" TooltipType="OnCursor" Name="EsperContainer4" BGColor="ffffffff" TextColor="ffffffff" TooltipColor="" Sprite="CRB_UIKitSprites:btn_radioLARGEDisabled" Picture="1" IgnoreMouse="1"/>
            <Control Class="Window" LAnchorPoint="0.9" LAnchorOffset="-15" TAnchorPoint="0.5" TAnchorOffset="-14" RAnchorPoint="0.9" RAnchorOffset="15" BAnchorPoint="0.5" BAnchorOffset="14" RelativeToClient="1" Font="Default" Text="" Template="Default" TooltipType="OnCursor" Name="EsperContainer5" BGColor="ffffffff" TextColor="ffffffff" TooltipColor="" Sprite="CRB_UIKitSprites:btn_radioLARGEDisabled" Picture="1" IgnoreMouse="1"/>
        </Control>
    </Form>
    <Form Class="Window" LAnchorPoint="0" LAnchorOffset="0" TAnchorPoint="0" TAnchorOffset="0" RAnchorPoint="1" RAnchorOffset="0" BAnchorPoint="1" BAnchorOffset="0" RelativeToClient="1" Font="Default" Text="" Template="Default" TooltipType="OnCursor" Name="Warrior" BGColor="ffffffff" TextColor="ffffffff" TooltipColor="" HideInEditor="0" Visible="0" IgnoreMouse="0" Overlapped="1">
        <Control Class="ProgressBar" Text="" LAnchorPoint="0" LAnchorOffset="0" TAnchorPoint="0" TAnchorOffset="0" RAnchorPoint="1" RAnchorOffset="0" BAnchorPoint="1" BAnchorOffset="0" AutoSetText="0" UseValues="1" RelativeToClient="1" SetTextToProgress="1" DT_CENTER="1" DT_VCENTER="1" ProgressEmpty="" ProgressFull="WhiteFill" TooltipType="OnCursor" Name="WarriorResBar" BGColor="ffffffff" TextColor="ffffffff" TooltipColor="" BarColor="ffff0000" NotRelative="0" IgnoreMouse="1" ProgressFill="" DrawTicks="0" IgnoreMax="0" UsePercent="0" DrawTextOnFlyby="0" EdgeGlow="0" Clockwise="0" RadialBar="0" PolygonalClipping="0" UseTextRect="0" BRtoLT="0" VerticallyAligned="0" NeverBringToFront="0" Tooltip="">
            <Control Class="ProgressBar" Text="" LAnchorPoint="0" LAnchorOffset="0" TAnchorPoint="0" TAnchorOffset="0" RAnchorPoint="1" RAnchorOffset="0" BAnchorPoint="1" BAnchorOffset="0" AutoSetText="0" UseValues="0" RelativeToClient="1" SetTextToProgress="0" DT_CENTER="0" DT_VCENTER="1" ProgressEmpty="" ProgressFull="CRB_Basekit:kitBase_HoloOrange_TinyNoGlow" TooltipType="OnCursor" Name="OverdriveBar" BGColor="ffffffff" TextColor="ffffffff" TooltipColor="" BarColor="ffffffff" Tooltip="" IgnoreMouse="1" TextId="WarriorResource_OverdriveCaps" HideInEditor="0" Visible="0" DT_RIGHT="1" Sprite=""/>
        </Control>
    </Form>
    <Form Class="Window" LAnchorPoint="0" LAnchorOffset="0" TAnchorPoint="0" TAnchorOffset="0" RAnchorPoint="1" RAnchorOffset="0" BAnchorPoint="1" BAnchorOffset="0" RelativeToClient="1" Font="Default" Text="" Template="Default" TooltipType="OnCursor" Name="Stalker" BGColor="ffffffff" TextColor="ffffffff" TooltipColor="" HideInEditor="0" Visible="0" IgnoreMouse="0" Overlapped="1">
        <Control Class="ProgressBar" Text="" LAnchorPoint="0" LAnchorOffset="0" TAnchorPoint="0" TAnchorOffset="0" RAnchorPoint="1" RAnchorOffset="0" BAnchorPoint="1" BAnchorOffset="0" AutoSetText="0" UseValues="0" RelativeToClient="1" SetTextToProgress="1" DT_CENTER="1" DT_VCENTER="1" ProgressEmpty="" ProgressFull="ClientSprites:HoverHealthFull" TooltipType="OnCursor" Name="StalkerResBar" BGColor="ffffffff" TextColor="ffffffff" TooltipColor="" BarColor="ffffff00" NotRelative="0" IgnoreMouse="1" UsePercent="1"/>
    </Form>
    <Form Class="Window" LAnchorPoint="0" LAnchorOffset="0" TAnchorPoint="0" TAnchorOffset="0" RAnchorPoint="1" RAnchorOffset="0" BAnchorPoint="1" BAnchorOffset="0" RelativeToClient="1" Font="Default" Text="" Template="Default" TooltipType="OnCursor" Name="Spellslinger" BGColor="ffffffff" TextColor="ffffffff" TooltipColor="" Tooltip="" Visible="0" HideInEditor="0" IgnoreMouse="0" Overlapped="1">
        <Control Class="ProgressBar" Text="" LAnchorPoint="0" LAnchorOffset="0" TAnchorPoint="0" TAnchorOffset="0" RAnchorPoint="1" RAnchorOffset="0" BAnchorPoint="1" BAnchorOffset="0" AutoSetText="0" UseValues="1" RelativeToClient="1" SetTextToProgress="1" DT_CENTER="0" DT_VCENTER="1" ProgressEmpty="" ProgressFull="AbilitiesSprites:spr_StatOrangeVertProg" TooltipType="OnCursor" Name="Spellsurge" BGColor="ffffffff" TextColor="ffffffff" TooltipColor="" BarColor="" DT_RIGHT="1" IgnoreMax="1" Font="CRB_Interface10_BBO" IgnoreMouse="1" Tooltip="" TextX="0" TextWidth="0" TextHeight="0">
            <Control Class="Window" LAnchorPoint="0.25" LAnchorOffset="-1" TAnchorPoint="0" TAnchorOffset="0" RAnchorPoint="0.25" RAnchorOffset="1" BAnchorPoint="1" BAnchorOffset="0" RelativeToClient="1" Font="Default" Text="" Template="Default" TooltipType="OnCursor" Name="Breaker1" BGColor="ffff0000" TextColor="ffffffff" TooltipColor="" Picture="1" IgnoreMouse="1" Sprite="ClientSprites:WhiteFill" NewWindowDepth="0"/>
            <Control Class="Window" LAnchorPoint="0.5" LAnchorOffset="-1" TAnchorPoint="0" TAnchorOffset="0" RAnchorPoint="0.5" RAnchorOffset="1" BAnchorPoint="1" BAnchorOffset="0" RelativeToClient="1" Font="Default" Text="" Template="Default" TooltipType="OnCursor" Name="Breaker2" BGColor="ffffffff" TextColor="ffffffff" TooltipColor="" Picture="1" IgnoreMouse="1" Sprite="ClientSprites:WhiteFill"/>
            <Control Class="Window" LAnchorPoint="0.75" LAnchorOffset="-1" TAnchorPoint="0" TAnchorOffset="0" RAnchorPoint="0.75" RAnchorOffset="1" BAnchorPoint="1" BAnchorOffset="0" RelativeToClient="1" Font="Default" Text="" Template="Default" TooltipType="OnCursor" Name="Breaker3" BGColor="ffffffff" TextColor="ffffffff" TooltipColor="" Picture="1" IgnoreMouse="1" Sprite="ClientSprites:WhiteFill"/>
            <Control Class="Window" LAnchorPoint="0" LAnchorOffset="10" TAnchorPoint="0" TAnchorOffset="10" RAnchorPoint="0" RAnchorOffset="50" BAnchorPoint="0" BAnchorOffset="30" RelativeToClient="1" Font="Default" Text="" Template="Default" TooltipType="OnCursor" Name="SSText" BGColor="ffffffff" TextColor="ffffffff" TooltipColor=""/>
        </Control>
        <Control Class="Window" LAnchorPoint="0" LAnchorOffset="0" TAnchorPoint="0" TAnchorOffset="0" RAnchorPoint="1" RAnchorOffset="0" BAnchorPoint="1" BAnchorOffset="0" RelativeToClient="1" Font="Default" Text="" Template="Default" TooltipType="OnCursor" Name="SpellsurgeActive" BGColor="2x:ff00ffff" TextColor="ffffffff" TooltipColor="" Sprite="CRB_DatachronSprites:sprDCC_staticOverlayHigh" Picture="1" IgnoreMouse="1" NewWindowDepth="1"/>
    </Form>
    <Form Class="Window" LAnchorPoint="0" LAnchorOffset="0" TAnchorPoint="0" TAnchorOffset="0" RAnchorPoint="1" RAnchorOffset="0" BAnchorPoint="1" BAnchorOffset="0" RelativeToClient="1" Font="Default" Text="" Template="Default" TooltipType="OnCursor" Name="Spellslinger2" BGColor="ffffffff" TextColor="ffffffff" TooltipColor="" Visible="0" HideInEditor="0" IgnoreMouse="0" Overlapped="1" Tooltip="">
        <Control Class="ProgressBar" Text="" LAnchorPoint="0" LAnchorOffset="0" TAnchorPoint="0" TAnchorOffset="0" RAnchorPoint="0.25" RAnchorOffset="0" BAnchorPoint="1" BAnchorOffset="4" AutoSetText="0" UseValues="1" RelativeToClient="1" SetTextToProgress="1" DT_CENTER="1" DT_VCENTER="1" ProgressEmpty="" ProgressFull="WhiteFill" TooltipType="OnCursor" Name="MainSP" BGColor="ffffffff" TextColor="ffffffff" TooltipColor="" BarColor="xkcdDustyOrange" IgnoreMouse="1"/>
        <Control Class="ProgressBar" Text="" LAnchorPoint="0.25" LAnchorOffset="0" TAnchorPoint="0" TAnchorOffset="0" RAnchorPoint="1" RAnchorOffset="0" BAnchorPoint="1" BAnchorOffset="0" AutoSetText="0" UseValues="1" RelativeToClient="1" SetTextToProgress="1" DT_CENTER="1" DT_VCENTER="1" ProgressEmpty="" ProgressFull="WhiteFill" TooltipType="OnCursor" Name="OFSP" BGColor="ffffffff" TextColor="ffffffff" TooltipColor="" BarColor="yellow" IgnoreMouse="1"/>
        <Control Class="Window" LAnchorPoint="0" LAnchorOffset="0" TAnchorPoint="0" TAnchorOffset="0" RAnchorPoint="1" RAnchorOffset="0" BAnchorPoint="1" BAnchorOffset="0" RelativeToClient="1" Font="Default" Text="" Template="Default" TooltipType="OnCursor" Name="SSActive" BGColor="2x:ff00ffff" TextColor="ffffffff" TooltipColor="" Sprite="CRB_DatachronSprites:sprDCC_staticOverlayHigh" Picture="1" IgnoreMouse="1" NewWindowDepth="1"/>
    </Form>
    <Form Class="Window" LAnchorPoint="0" LAnchorOffset="0" TAnchorPoint="0" TAnchorOffset="0" RAnchorPoint="1" RAnchorOffset="0" BAnchorPoint="0" BAnchorOffset="141" RelativeToClient="1" Font="Default" Text="" Template="Default" TooltipType="OnCursor" Name="ResourceCustomize" Border="0" Picture="1" SwallowMouseClicks="1" Moveable="0" Escapable="0" Overlapped="1" BGColor="ffffffff" TextColor="ffffffff" TooltipColor="" Sprite="" Tooltip="" IgnoreMouse="1">
        <Control Class="Window" LAnchorPoint="0" LAnchorOffset="0" TAnchorPoint="0" TAnchorOffset="0" RAnchorPoint="1" RAnchorOffset="0" BAnchorPoint="0" BAnchorOffset="141" RelativeToClient="1" Font="Default" Text="" Template="Default" TooltipType="OnCursor" Name="Frame" BGColor="ffffffff" TextColor="ffffffff" TooltipColor="" DT_CENTER="1" TextId="" Sprite="ChatLogSprites:sprChat_BlueBG" Picture="1" IgnoreMouse="1">
            <Control Class="Window" LAnchorPoint="0" LAnchorOffset="0" TAnchorPoint="0" TAnchorOffset="0" RAnchorPoint="1" RAnchorOffset="0" BAnchorPoint="0" BAnchorOffset="30" RelativeToClient="1" Font="CRB_Interface12_BBO" Text="Main Options" Template="Default" TooltipType="OnCursor" Name="Header1" BGColor="ffffffff" TextColor="ffffffff" TooltipColor="" TextId="" DT_CENTER="1" DT_VCENTER="1">
                <Control Class="Button" Base="CRB_Basekit:kitBtn_ScrollHolo_DownLarge" Font="DefaultButton" ButtonType="PushButton" RadioGroup="" LAnchorPoint="1" LAnchorOffset="-26" TAnchorPoint="0.5" TAnchorOffset="-10" RAnchorPoint="1" RAnchorOffset="-6" BAnchorPoint="0.5" BAnchorOffset="10" DT_VCENTER="1" DT_CENTER="1" TooltipType="OnCursor" Name="Button" BGColor="ffffffff" TextColor="ffffffff" TooltipColor="" NormalTextColor="ffffffff" PressedTextColor="ffffffff" FlybyTextColor="ffffffff" PressedFlybyTextColor="ffffffff" DisabledTextColor="ffffffff">
                    <Event Name="ButtonSignal" Function="ToggleSectionVisibility"/>
                </Control>
            </Control>
            <Control Class="Window" LAnchorPoint="0" LAnchorOffset="0" TAnchorPoint="0" TAnchorOffset="30" RAnchorPoint="1" RAnchorOffset="0" BAnchorPoint="0" BAnchorOffset="60" RelativeToClient="1" Font="Default" Text="" Template="Default" TooltipType="OnCursor" Name="ShowFrame" BGColor="ffffffff" TextColor="ffffffff" TooltipColor="" Sprite="" Picture="1" IgnoreMouse="1" Tooltip="">
                <Control Class="Window" LAnchorPoint="0" LAnchorOffset="0" TAnchorPoint="0" TAnchorOffset="0" RAnchorPoint="0.33" RAnchorOffset="0" BAnchorPoint="1" BAnchorOffset="0" RelativeToClient="1" Font="CRB_Interface12_BO" Text="Show Frame:" Template="Default" TooltipType="OnCursor" Name="Text" BGColor="ffffffff" TextColor="ffffffff" TooltipColor="" TextId="" DT_VCENTER="1" DT_CENTER="1"/>
                <Control Class="Window" LAnchorPoint="0.33" LAnchorOffset="0" TAnchorPoint="0" TAnchorOffset="0" RAnchorPoint="1" RAnchorOffset="-5" BAnchorPoint="1" BAnchorOffset="0" RelativeToClient="1" Font="Default" Text="" Template="Default" TooltipType="OnCursor" Name="Options" BGColor="ffffffff" TextColor="ffffffff" TooltipColor="">
                    <Control Class="Button" Base="CRB_Basekit:kitBtn_List_HoloRadio" Font="DefaultButton" ButtonType="Check" RadioGroup="ShowFrame" LAnchorPoint="0" LAnchorOffset="0" TAnchorPoint="0.5" TAnchorOffset="-13" RAnchorPoint="0.33" RAnchorOffset="0" BAnchorPoint="0.5" BAnchorOffset="13" DT_VCENTER="1" DT_CENTER="1" TooltipType="OnCursor" Name="Always" BGColor="ffffaaaa" TextColor="ffffffff" TooltipColor="" NormalTextColor="ffffffff" PressedTextColor="ffffffff" FlybyTextColor="ffffffff" PressedFlybyTextColor="ffffffff" DisabledTextColor="ffffffff" Text="Always" TextId="" GlobalRadioGroup="" RadioDisallowNonSelection="1">
                        <Event Name="ButtonCheck" Function="OnShowChange"/>
                    </Control>
                    <Control Class="Button" Base="CRB_Basekit:kitBtn_List_HoloRadio" Font="DefaultButton" ButtonType="Check" RadioGroup="ShowFrame" LAnchorPoint="0.33" LAnchorOffset="0" TAnchorPoint="0.5" TAnchorOffset="-13" RAnchorPoint="0.66" RAnchorOffset="0" BAnchorPoint="0.5" BAnchorOffset="14" DT_VCENTER="1" DT_CENTER="1" TooltipType="OnCursor" Name="Combat" BGColor="ffffaaaa" TextColor="ffffffff" TooltipColor="" NormalTextColor="ffffffff" PressedTextColor="ffffffff" FlybyTextColor="ffffffff" PressedFlybyTextColor="ffffffff" DisabledTextColor="ffffffff" Text="" TextId="Tutorials_Combat" GlobalRadioGroup="" RadioDisallowNonSelection="1">
                        <Event Name="ButtonCheck" Function="OnShowChange"/>
                    </Control>
                    <Control Class="Button" Base="CRB_Basekit:kitBtn_List_HoloRadio" Font="DefaultButton" ButtonType="Check" RadioGroup="ShowFrame" LAnchorPoint="0.66" LAnchorOffset="0" TAnchorPoint="0.5" TAnchorOffset="-13" RAnchorPoint="1" RAnchorOffset="0" BAnchorPoint="0.5" BAnchorOffset="13" DT_VCENTER="1" DT_CENTER="1" TooltipType="OnCursor" Name="Never" BGColor="ffffaaaa" TextColor="ffffffff" TooltipColor="" NormalTextColor="ffffffff" PressedTextColor="ffffffff" FlybyTextColor="ffffffff" PressedFlybyTextColor="ffffffff" DisabledTextColor="ffffffff" Text="Never" TextId="" GlobalRadioGroup="" RadioDisallowNonSelection="1">
                        <Event Name="ButtonCheck" Function="OnShowChange"/>
                    </Control>
                </Control>
            </Control>
            <Control Class="Window" LAnchorPoint="0" LAnchorOffset="0" TAnchorPoint="0" TAnchorOffset="60" RAnchorPoint="1" RAnchorOffset="0" BAnchorPoint="0" BAnchorOffset="90" RelativeToClient="1" Font="Default" Text="" BGColor="UI_WindowBGDefault" TextColor="UI_WindowTextDefault" Template="Default" TooltipType="OnCursor" Name="Positioning" TooltipColor="">
                <Control Class="Window" LAnchorPoint="0" LAnchorOffset="0" TAnchorPoint="0" TAnchorOffset="0" RAnchorPoint="0.33" RAnchorOffset="0" BAnchorPoint="1" BAnchorOffset="0" RelativeToClient="1" Font="CRB_Interface12_BO" Text="Position:" BGColor="UI_WindowBGDefault" TextColor="UI_WindowTextDefault" Template="Default" TooltipType="OnCursor" Name="Text" TooltipColor="" TextId="" DT_VCENTER="1" DT_CENTER="1"/>
                <Control Class="Window" LAnchorPoint="0.33" LAnchorOffset="0" TAnchorPoint="0" TAnchorOffset="0" RAnchorPoint="1" RAnchorOffset="-5" BAnchorPoint="1" BAnchorOffset="0" RelativeToClient="1" Font="Default" Text="" BGColor="UI_WindowBGDefault" TextColor="UI_WindowTextDefault" Template="Default" TooltipType="OnCursor" Name="Options" TooltipColor="">
                    <Control Class="Window" LAnchorPoint="0" LAnchorOffset="0" TAnchorPoint="0" TAnchorOffset="0" RAnchorPoint="0.5" RAnchorOffset="0" BAnchorPoint="1" BAnchorOffset="0" RelativeToClient="1" Font="Default" Text="" BGColor="UI_WindowBGDefault" TextColor="UI_WindowTextDefault" Template="Default" TooltipType="OnCursor" Name="X" TooltipColor="" TextId="" DT_VCENTER="1" DT_CENTER="0">
                        <Control Class="Window" LAnchorPoint="0" LAnchorOffset="0" TAnchorPoint="0" TAnchorOffset="0" RAnchorPoint="0.33" RAnchorOffset="0" BAnchorPoint="1" BAnchorOffset="0" RelativeToClient="1" Font="DefaultButton" Text="" BGColor="UI_WindowBGDefault" TextColor="UI_WindowTextDefault" Template="Default" TooltipType="OnCursor" Name="Text" TooltipColor="" TextId="HousingDecorate_XMove" VScroll="0" IgnoreMouse="1" DT_CENTER="1" DT_VCENTER="1"/>
                        <Control Class="EditBox" LAnchorPoint="0.33" LAnchorOffset="0" TAnchorPoint="0" TAnchorOffset="0" RAnchorPoint="1" RAnchorOffset="0" BAnchorPoint="1" BAnchorOffset="0" RelativeToClient="1" Font="Default" Text="" BGColor="ffffaaaa" TextColor="UI_WindowTextDefault" Template="Default" TooltipType="OnCursor" Name="XPos" TooltipColor="" Sprite="HologramSprites:HoloFrame2" Picture="1" DT_CENTER="1" DT_VCENTER="1" TextId="">
                            <Event Name="EditBoxChanged" Function="TxtPositionChanged"/>
                        </Control>
                    </Control>
                    <Control Class="Window" LAnchorPoint="0.5" LAnchorOffset="0" TAnchorPoint="0" TAnchorOffset="0" RAnchorPoint="1" RAnchorOffset="0" BAnchorPoint="1" BAnchorOffset="0" RelativeToClient="1" Font="Default" Text="" BGColor="UI_WindowBGDefault" TextColor="UI_WindowTextDefault" Template="Default" TooltipType="OnCursor" Name="Y" TooltipColor="">
                        <Control Class="Window" LAnchorPoint="0" LAnchorOffset="0" TAnchorPoint="0" TAnchorOffset="0" RAnchorPoint="0.33" RAnchorOffset="0" BAnchorPoint="0" BAnchorOffset="30" RelativeToClient="1" Font="DefaultButton" Text="" BGColor="UI_WindowBGDefault" TextColor="UI_WindowTextDefault" Template="Default" TooltipType="OnCursor" Name="Text" TooltipColor="" TextId="HousingDecorate_YMove" VScroll="0" IgnoreMouse="1" DT_CENTER="1" DT_VCENTER="1"/>
                        <Control Class="EditBox" LAnchorPoint="0.33" LAnchorOffset="0" TAnchorPoint="0" TAnchorOffset="0" RAnchorPoint="1" RAnchorOffset="0" BAnchorPoint="1" BAnchorOffset="0" RelativeToClient="1" Font="Default" Text="" BGColor="ffffaaaa" TextColor="UI_WindowTextDefault" Template="Default" TooltipType="OnCursor" Name="YPos" TooltipColor="" Sprite="HologramSprites:HoloFrame2" Picture="1" DT_CENTER="1" DT_VCENTER="1">
                            <Event Name="EditBoxChanged" Function="TxtPositionChanged"/>
                        </Control>
                    </Control>
                </Control>
            </Control>
            <Control Class="Window" LAnchorPoint="0" LAnchorOffset="0" TAnchorPoint="0" TAnchorOffset="90" RAnchorPoint="1" RAnchorOffset="0" BAnchorPoint="0" BAnchorOffset="120" RelativeToClient="1" Font="Default" Text="" BGColor="UI_WindowBGDefault" TextColor="UI_WindowTextDefault" Template="Default" TooltipType="OnCursor" Name="Size" TooltipColor="">
                <Control Class="Window" LAnchorPoint="0" LAnchorOffset="0" TAnchorPoint="0" TAnchorOffset="0" RAnchorPoint="0.33" RAnchorOffset="0" BAnchorPoint="1" BAnchorOffset="0" RelativeToClient="1" Font="CRB_Interface12_BO" Text="Size:" BGColor="UI_WindowBGDefault" TextColor="UI_WindowTextDefault" Template="Default" TooltipType="OnCursor" Name="Text" TooltipColor="" TextId="" DT_VCENTER="1" DT_CENTER="1"/>
                <Control Class="Window" LAnchorPoint="0.33" LAnchorOffset="0" TAnchorPoint="0" TAnchorOffset="0" RAnchorPoint="1" RAnchorOffset="-5" BAnchorPoint="1" BAnchorOffset="0" RelativeToClient="1" Font="Default" Text="" BGColor="UI_WindowBGDefault" TextColor="UI_WindowTextDefault" Template="Default" TooltipType="OnCursor" Name="Options" TooltipColor="">
                    <Control Class="Window" LAnchorPoint="0" LAnchorOffset="0" TAnchorPoint="0" TAnchorOffset="0" RAnchorPoint="0.5" RAnchorOffset="0" BAnchorPoint="1" BAnchorOffset="0" RelativeToClient="1" Font="Default" Text="" BGColor="UI_WindowBGDefault" TextColor="UI_WindowTextDefault" Template="Default" TooltipType="OnCursor" Name="W" TooltipColor="" TextId="" DT_VCENTER="1" DT_CENTER="0">
                        <Control Class="Window" LAnchorPoint="0" LAnchorOffset="0" TAnchorPoint="0" TAnchorOffset="0" RAnchorPoint="0.33" RAnchorOffset="0" BAnchorPoint="1" BAnchorOffset="0" RelativeToClient="1" Font="DefaultButton" Text="Width:" BGColor="UI_WindowBGDefault" TextColor="UI_WindowTextDefault" Template="Default" TooltipType="OnCursor" Name="Text" TooltipColor="" TextId="" VScroll="0" IgnoreMouse="1" DT_CENTER="1" DT_VCENTER="1"/>
                        <Control Class="EditBox" LAnchorPoint="0.33" LAnchorOffset="0" TAnchorPoint="0" TAnchorOffset="0" RAnchorPoint="1" RAnchorOffset="0" BAnchorPoint="1" BAnchorOffset="0" RelativeToClient="1" Font="Default" Text="" BGColor="ffffaaaa" TextColor="UI_WindowTextDefault" Template="Default" TooltipType="OnCursor" Name="Width" TooltipColor="" Sprite="HologramSprites:HoloFrame2" Picture="1" DT_CENTER="1" DT_VCENTER="1">
                            <Event Name="EditBoxChanged" Function="TxtHWChanged"/>
                        </Control>
                    </Control>
                    <Control Class="Window" LAnchorPoint="0.5" LAnchorOffset="0" TAnchorPoint="0" TAnchorOffset="0" RAnchorPoint="1" RAnchorOffset="0" BAnchorPoint="1" BAnchorOffset="0" RelativeToClient="1" Font="Default" Text="" BGColor="UI_WindowBGDefault" TextColor="UI_WindowTextDefault" Template="Default" TooltipType="OnCursor" Name="H" TooltipColor="">
                        <Control Class="Window" LAnchorPoint="0" LAnchorOffset="0" TAnchorPoint="0" TAnchorOffset="0" RAnchorPoint="0.33" RAnchorOffset="0" BAnchorPoint="0" BAnchorOffset="30" RelativeToClient="1" Font="DefaultButton" Text="Height:" BGColor="UI_WindowBGDefault" TextColor="UI_WindowTextDefault" Template="Default" TooltipType="OnCursor" Name="Text" TooltipColor="" TextId="" VScroll="0" IgnoreMouse="1" DT_CENTER="1" DT_VCENTER="1"/>
                        <Control Class="EditBox" LAnchorPoint="0.33" LAnchorOffset="0" TAnchorPoint="0" TAnchorOffset="0" RAnchorPoint="1" RAnchorOffset="0" BAnchorPoint="1" BAnchorOffset="0" RelativeToClient="1" Font="Default" Text="" BGColor="ffffaaaa" TextColor="UI_WindowTextDefault" Template="Default" TooltipType="OnCursor" Name="Height" TooltipColor="" Sprite="HologramSprites:HoloFrame2" Picture="1" DT_CENTER="1" DT_VCENTER="1">
                            <Event Name="EditBoxChanged" Function="TxtHWChanged"/>
                        </Control>
                    </Control>
                </Control>
            </Control>
        </Control>
    </Form>
    <Form Class="Window" LAnchorPoint="0" LAnchorOffset="0" TAnchorPoint="0" TAnchorOffset="0" RAnchorPoint="1" RAnchorOffset="0" BAnchorPoint="1" BAnchorOffset="0" RelativeToClient="1" Font="Default" Text="" Template="Default" TooltipType="OnCursor" Name="Engineer" Border="0" Picture="1" SwallowMouseClicks="1" Moveable="0" Escapable="0" Overlapped="0" BGColor="ffffffff" TextColor="ffffffff" TooltipColor="" Tooltip="" Visible="0">
        <Control Class="ProgressBar" Text="" LAnchorPoint="0" LAnchorOffset="0" TAnchorPoint="0" TAnchorOffset="0" RAnchorPoint="1" RAnchorOffset="0" BAnchorPoint="1" BAnchorOffset="0" AutoSetText="0" UseValues="0" RelativeToClient="1" SetTextToProgress="1" DT_CENTER="1" DT_VCENTER="1" ProgressEmpty="" ProgressFull="ClientSprites:HoverHealthFull" TooltipType="OnCursor" Name="EngineerResBar" BGColor="ffffffff" TextColor="ffffffff" TooltipColor="" BarColor="ffff0000" NotRelative="0" IgnoreMouse="1" UsePercent="1"/>
    </Form>
    <Form Class="Window" LAnchorPoint="0.5" LAnchorOffset="-130" TAnchorPoint="1" TAnchorOffset="-234" RAnchorPoint="0.5" RAnchorOffset="-10" BAnchorPoint="1" BAnchorOffset="-204" RelativeToClient="1" Font="Thick" Text="" Template="Default" TooltipType="OnCursor" Name="EngineerButtons" Border="0" Picture="0" SwallowMouseClicks="1" Moveable="0" Escapable="0" Overlapped="1" BGColor="ffffffff" TextColor="ffffffff" TooltipColor="" Sprite="" Tooltip="" Sizable="0" HideInEditor="0" IgnoreMouse="0" Visible="1" VScrollLeftSide="0" TestAlpha="0" NewWindowDepth="0" UseRadialClipping="0" TextId="">
        <Pixie LAnchorPoint="1" LAnchorOffset="-2" TAnchorPoint="0" TAnchorOffset="0" RAnchorPoint="1" RAnchorOffset="0" BAnchorPoint="1" BAnchorOffset="0" Sprite="WhiteFill" BGColor="aa000000" TextColor="black" Rotation="0" Font="Default" Text=""/>
        <Pixie LAnchorPoint="0" LAnchorOffset="0" TAnchorPoint="0" TAnchorOffset="0" RAnchorPoint="0" RAnchorOffset="2" BAnchorPoint="1" BAnchorOffset="0" Sprite="WhiteFill" BGColor="aa000000" TextColor="black" Rotation="0" Font="Default"/>
        <Pixie LAnchorPoint="0" LAnchorOffset="0" TAnchorPoint="0" TAnchorOffset="0" RAnchorPoint="1" RAnchorOffset="0" BAnchorPoint="0" BAnchorOffset="2" Sprite="WhiteFill" BGColor="aa000000" TextColor="black" Rotation="0" Font="Default"/>
        <Pixie LAnchorPoint="0" LAnchorOffset="0" TAnchorPoint="1" TAnchorOffset="-2" RAnchorPoint="1" RAnchorOffset="0" BAnchorPoint="1" BAnchorOffset="0" Sprite="WhiteFill" BGColor="aa000000" TextColor="black" Rotation="0" Font="Default"/>
        <Control Class="Window" LAnchorPoint="0" LAnchorOffset="2" TAnchorPoint="0" TAnchorOffset="2" RAnchorPoint="1" RAnchorOffset="-2" BAnchorPoint="1" BAnchorOffset="-2" RelativeToClient="1" Font="Default" Text="" Template="Default" TooltipType="OnCursor" Name="EditorCover" Border="0" Picture="1" SwallowMouseClicks="1" Moveable="0" Escapable="0" Overlapped="0" BGColor="aaffffff" TextColor="ffffffff" TooltipColor="" Tooltip="" TestAlpha="0" Sprite="PlayerPathContent_TEMP:spr_PathListItemBlueProgressFill" TextId="" Sizable="0" HideInEditor="1" IgnoreMouse="1" NoClip="1" NeverBringToFront="0" BlockOutIfDisabled="0" Visible="0" NewWindowDepth="1">
            <Control Class="Window" LAnchorPoint="0" LAnchorOffset="0" TAnchorPoint="0" TAnchorOffset="0" RAnchorPoint="1" RAnchorOffset="0" BAnchorPoint="1" BAnchorOffset="0" RelativeToClient="1" Font="CRB_Interface16_BBO" Text="Resource Frame" Template="Default" TooltipType="OnCursor" Name="EditorText" BGColor="ffffffff" TextColor="ffffffff" TooltipColor="" TextId="" DT_VCENTER="1" DT_CENTER="1"/>
        </Control>
        <Control Class="Window" LAnchorPoint="0" LAnchorOffset="2" TAnchorPoint="0" TAnchorOffset="2" RAnchorPoint="1" RAnchorOffset="-2" BAnchorPoint="1" BAnchorOffset="-2" RelativeToClient="1" Font="Default" Text="" Template="Default" TooltipType="OnCursor" Name="CustomizeBorder" BGColor="22ffff00" TextColor="ffffffff" TooltipColor="" TextId="" DT_VCENTER="1" DT_CENTER="1" IgnoreMouse="1" NewWindowDepth="1" Sprite="" Picture="1" Visible="0" HideInEditor="1">
            <Pixie LAnchorPoint="0" LAnchorOffset="0" TAnchorPoint="0" TAnchorOffset="0" RAnchorPoint="1" RAnchorOffset="0" BAnchorPoint="0" BAnchorOffset="1" Sprite="WhiteFill" BGColor="yellow" TextColor="black" Rotation="0" Font="Default" Text=""/>
            <Pixie LAnchorPoint="0" LAnchorOffset="0" TAnchorPoint="0" TAnchorOffset="0" RAnchorPoint="0" RAnchorOffset="1" BAnchorPoint="1" BAnchorOffset="0" Sprite="WhiteFill" BGColor="yellow" TextColor="black" Rotation="0" Font="Default"/>
            <Pixie LAnchorPoint="0" LAnchorOffset="0" TAnchorPoint="1" TAnchorOffset="-1" RAnchorPoint="1" RAnchorOffset="0" BAnchorPoint="1" BAnchorOffset="0" Sprite="WhiteFill" BGColor="yellow" TextColor="black" Rotation="0" Font="Default"/>
            <Pixie LAnchorPoint="1" LAnchorOffset="-1" TAnchorPoint="0" TAnchorOffset="0" RAnchorPoint="1" RAnchorOffset="0" BAnchorPoint="1" BAnchorOffset="0" Sprite="WhiteFill" BGColor="yellow" TextColor="black" Rotation="0" Font="Default"/>
        </Control>
        <Event Name="MouseButtonDown" Function="MouseDownTest"/>
        <Control Class="Window" LAnchorPoint="0.25" LAnchorOffset="10" TAnchorPoint="0" TAnchorOffset="2" RAnchorPoint="1" RAnchorOffset="-2" BAnchorPoint="1" BAnchorOffset="-2" RelativeToClient="1" Font="Default" Text="" Template="Default" TooltipType="OnCursor" Name="PetBarIcons" BGColor="ffffffff" TextColor="ffffffff" TooltipColor="" Visible="1" HideInEditor="0">
            <Control Class="ActionBarButton" Name="ActionBarShortcut.12" ContentType="SBar" ContentId="12" Base="CRB_DEMO_WrapperSprites:btnDemo_CharInvisible" RelativeToClient="1" IfHoldNoSignal="1" DT_VCENTER="1" DT_CENTER="1" LAnchorPoint="0" LAnchorOffset="0" TAnchorPoint="0" TAnchorOffset="0" RAnchorPoint="0.33" RAnchorOffset="0" BAnchorPoint="1" BAnchorOffset="0" NeverBringToFront="1" Picture="1" WindowSoundTemplate="ActionBarButton" BGColor="ffffffff" TextColor="ffffffff" IgnoreMouse="1" TooltipType="OnCursor" IgnoreTooltipDelay="1" TooltipColor="" TooltipFont="CRB_InterfaceSmall_O" Sprite="" UseBaseButtonArt="1" Tooltip="">
                <Event Name="GenerateTooltip" Function="OnGeneratePetCommandTooltip"/>
                <Pixie LAnchorPoint="0" LAnchorOffset="0" TAnchorPoint="0" TAnchorOffset="0" RAnchorPoint="1" RAnchorOffset="0" BAnchorPoint="1" BAnchorOffset="0" Sprite="ClientSprites:Icon_SkillPetCommand_Combat_Pet_Attack" BGColor="white" TextColor="black" Rotation="0" Font="Default"/>
            </Control>
            <Control Class="ActionBarButton" Name="ActionBarShortcut.13" ContentType="SBar" ContentId="13" Base="CRB_DEMO_WrapperSprites:btnDemo_CharInvisible" RelativeToClient="1" IfHoldNoSignal="1" DT_VCENTER="1" DT_CENTER="1" LAnchorPoint="0.33" LAnchorOffset="0" TAnchorPoint="0" TAnchorOffset="0" RAnchorPoint="0.66" RAnchorOffset="0" BAnchorPoint="1" BAnchorOffset="0" NeverBringToFront="0" Picture="1" WindowSoundTemplate="ActionBarButton" BGColor="ffffffff" TextColor="ffffffff" IgnoreMouse="1" TooltipType="OnCursor" IgnoreTooltipDelay="1" TooltipColor="" TooltipFont="CRB_InterfaceSmall_O" Tooltip="" UseBaseButtonArt="1" Sprite="">
                <Event Name="GenerateTooltip" Function="OnGeneratePetCommandTooltip"/>
                <Pixie LAnchorPoint="0" LAnchorOffset="0" TAnchorPoint="0" TAnchorOffset="0" RAnchorPoint="1" RAnchorOffset="0" BAnchorPoint="1" BAnchorOffset="0" Sprite="ClientSprites:Icon_SkillPetCommand_Combat_Pet_Stop_and_Return" BGColor="white" TextColor="black" Rotation="0" Font="Default"/>
            </Control>
            <Control Class="ActionBarButton" Name="ActionBarShortcut.15" ContentType="SBar" ContentId="15" Base="CRB_DEMO_WrapperSprites:btnDemo_CharInvisible" RelativeToClient="1" IfHoldNoSignal="1" DT_VCENTER="1" DT_CENTER="1" LAnchorPoint="0.66" LAnchorOffset="0" TAnchorPoint="0" TAnchorOffset="0" RAnchorPoint="1" RAnchorOffset="0" BAnchorPoint="1" BAnchorOffset="0" NeverBringToFront="0" Picture="1" WindowSoundTemplate="ActionBarButton" BGColor="ffffffff" TextColor="ffffffff" IgnoreMouse="1" TooltipType="OnCursor" IgnoreTooltipDelay="1" TooltipColor="" TooltipFont="CRB_InterfaceSmall_O" UseBaseButtonArt="1" Sprite="">
                <Event Name="GenerateTooltip" Function="OnGeneratePetCommandTooltip"/>
                <Pixie LAnchorPoint="0" LAnchorOffset="0" TAnchorPoint="0" TAnchorOffset="0" RAnchorPoint="1" RAnchorOffset="0" BAnchorPoint="1" BAnchorOffset="0" Sprite="ClientSprites:Icon_SkillPetCommand_Combat_Pet_Go_To_Location" BGColor="white" TextColor="black" Rotation="0" Font="Default"/>
            </Control>
        </Control>
        <Control Class="Window" LAnchorPoint="0" LAnchorOffset="0" TAnchorPoint="0" TAnchorOffset="-100" RAnchorPoint="1" RAnchorOffset="0" BAnchorPoint="0" BAnchorOffset="0" RelativeToClient="1" Font="Default" Text="" Template="Default" TooltipType="OnCursor" Name="StanceMenuBG" BGColor="ffffffff" TextColor="ffffffff" TooltipColor="" IgnoreMouse="1" NoClip="1" Sprite="ChatLogSprites:sprChat_BlueBG" Picture="1" Visible="0" CloseOnExternalClick="1" HideInEditor="0" Tooltip="" UseTemplateBG="0">
            <Control Class="Window" LAnchorPoint="0" LAnchorOffset="0" TAnchorPoint="0" TAnchorOffset="0" RAnchorPoint="1" RAnchorOffset="0" BAnchorPoint="1" BAnchorOffset="0" RelativeToClient="1" Font="Default" Text="" Template="Default" TooltipType="OnCursor" Name="StanceMenuItems" BGColor="ffffffff" TextColor="ffffffff" TooltipColor="" Picture="0" IgnoreMouse="1">
                <Control Class="Button" Base="CRB_Basekit:kitBtn_List_Holo" Font="CRB_InterfaceSmall_O" ButtonType="PushButton" RadioGroup="" LAnchorPoint="0" LAnchorOffset="0" TAnchorPoint="0" TAnchorOffset="0" RAnchorPoint="1" RAnchorOffset="0" BAnchorPoint="0" BAnchorOffset="20" DT_VCENTER="1" DT_CENTER="1" TooltipType="OnCursor" Name="Stance5" BGColor="ffaa7777" TextColor="ffffffff" TooltipColor="" NormalTextColor="UI_TextHoloBody" PressedTextColor="ff31fcf6" FlybyTextColor="ff31fcf6" PressedFlybyTextColor="ff31fcf6" DisabledTextColor="ff666666" Text="" TextId="">
                    <Event Name="ButtonSignal" Function="OnStanceBtn"/>
                    <Control Class="Window" LAnchorPoint="0" LAnchorOffset="2" TAnchorPoint="0" TAnchorOffset="2" RAnchorPoint="0" RAnchorOffset="18" BAnchorPoint="1" BAnchorOffset="-2" RelativeToClient="1" Font="Default" Text="" Template="Default" TooltipType="OnCursor" Name="StanceIcon" BGColor="ffffffff" TextColor="ffffffff" TooltipColor="" Sprite="ClientSprites:Icon_SkillPetCommand_Combat_Pet_Stay" Picture="1" IgnoreMouse="1" NewControlDepth="1"/>
                    <Control Class="Window" LAnchorPoint="0" LAnchorOffset="28" TAnchorPoint="0" TAnchorOffset="0" RAnchorPoint="1" RAnchorOffset="0" BAnchorPoint="1" BAnchorOffset="0" RelativeToClient="1" Font="CRB_InterfaceSmall_O" Text="" Template="Default" TooltipType="OnCursor" Name="StanceText" BGColor="ffffffff" TextColor="ffffffff" TooltipColor="" DT_VCENTER="1" TextId="Engineer_PetStay"/>
                </Control>
                <Control Class="Button" Base="CRB_Basekit:kitBtn_List_Holo" Font="CRB_InterfaceSmall_O" ButtonType="PushButton" RadioGroup="" LAnchorPoint="0" LAnchorOffset="0" TAnchorPoint="0" TAnchorOffset="20" RAnchorPoint="1" RAnchorOffset="0" BAnchorPoint="0" BAnchorOffset="40" DT_VCENTER="1" DT_CENTER="1" TooltipType="OnCursor" Name="Stance4" BGColor="ffffffff" TextColor="ffffffff" TooltipColor="" NormalTextColor="UI_TextHoloBody" PressedTextColor="ff31fcf6" FlybyTextColor="ff31fcf6" PressedFlybyTextColor="ff31fcf6" DisabledTextColor="ff666666" Text="" TextId="">
                    <Event Name="ButtonSignal" Function="OnStanceBtn"/>
                    <Control Class="Window" LAnchorPoint="0" LAnchorOffset="2" TAnchorPoint="0" TAnchorOffset="2" RAnchorPoint="0" RAnchorOffset="18" BAnchorPoint="1" BAnchorOffset="-2" RelativeToClient="1" Font="Default" Text="" Template="Default" TooltipType="OnCursor" Name="StanceIcon" BGColor="ffffffff" TextColor="ffffffff" TooltipColor="" Sprite="ClientSprites:Icon_SkillPetCommand_Combat_Pet_Assist" Picture="1" IgnoreMouse="1" NewControlDepth="1"/>
                    <Control Class="Window" LAnchorPoint="0" LAnchorOffset="28" TAnchorPoint="0" TAnchorOffset="0" RAnchorPoint="1" RAnchorOffset="0" BAnchorPoint="1" BAnchorOffset="0" RelativeToClient="1" Font="CRB_InterfaceSmall_O" Text="" Template="Default" TooltipType="OnCursor" Name="StanceText" BGColor="ffffffff" TextColor="ffffffff" TooltipColor="" DT_VCENTER="1" TextId="Command_Assist"/>
                </Control>
                <Control Class="Button" Base="CRB_Basekit:kitBtn_List_Holo" Font="CRB_InterfaceSmall_O" ButtonType="PushButton" RadioGroup="" LAnchorPoint="0" LAnchorOffset="0" TAnchorPoint="0" TAnchorOffset="40" RAnchorPoint="1" RAnchorOffset="0" BAnchorPoint="0" BAnchorOffset="60" DT_VCENTER="1" DT_CENTER="1" TooltipType="OnCursor" Name="Stance3" BGColor="ffffffff" TextColor="ffffffff" TooltipColor="" NormalTextColor="UI_TextHoloBody" PressedTextColor="ff31fcf6" FlybyTextColor="ff31fcf6" PressedFlybyTextColor="ff31fcf6" DisabledTextColor="ff666666" Text="" TextId="">
                    <Event Name="ButtonSignal" Function="OnStanceBtn"/>
                    <Control Class="Window" LAnchorPoint="0" LAnchorOffset="2" TAnchorPoint="0" TAnchorOffset="2" RAnchorPoint="0" RAnchorOffset="18" BAnchorPoint="1" BAnchorOffset="-2" RelativeToClient="1" Font="Default" Text="" Template="Default" TooltipType="OnCursor" Name="StanceIcon" BGColor="ffffffff" TextColor="ffffffff" TooltipColor="" Sprite="ClientSprites:Icon_SkillPetCommand_Combat_Pet_Passive" Picture="1" IgnoreMouse="1" NewControlDepth="1"/>
                    <Control Class="Window" LAnchorPoint="0" LAnchorOffset="28" TAnchorPoint="0" TAnchorOffset="0" RAnchorPoint="1" RAnchorOffset="0" BAnchorPoint="1" BAnchorOffset="0" RelativeToClient="1" Font="CRB_InterfaceSmall_O" Text="" Template="Default" TooltipType="OnCursor" Name="StanceText" BGColor="ffffffff" TextColor="ffffffff" TooltipColor="" DT_VCENTER="1" TextId="Engineer_PetPassive"/>
                </Control>
                <Control Class="Button" Base="CRB_Basekit:kitBtn_List_Holo" Font="CRB_InterfaceSmall_O" ButtonType="PushButton" RadioGroup="" LAnchorPoint="0" LAnchorOffset="0" TAnchorPoint="0" TAnchorOffset="60" RAnchorPoint="1" RAnchorOffset="0" BAnchorPoint="0" BAnchorOffset="80" DT_VCENTER="1" DT_CENTER="1" TooltipType="OnCursor" Name="Stance2" BGColor="ffffffff" TextColor="ffffffff" TooltipColor="" NormalTextColor="UI_TextHoloBody" PressedTextColor="ff31fcf6" FlybyTextColor="ff31fcf6" PressedFlybyTextColor="ff31fcf6" DisabledTextColor="ff666666" Text="" TextId="">
                    <Event Name="ButtonSignal" Function="OnStanceBtn"/>
                    <Control Class="Window" LAnchorPoint="0" LAnchorOffset="2" TAnchorPoint="0" TAnchorOffset="2" RAnchorPoint="0" RAnchorOffset="18" BAnchorPoint="1" BAnchorOffset="-2" RelativeToClient="1" Font="Default" Text="" Template="Default" TooltipType="OnCursor" Name="StanceIcon" BGColor="ffffffff" TextColor="ffffffff" TooltipColor="" Sprite="ClientSprites:Icon_SkillPetCommand_Combat_Pet_Defensive" Picture="1" IgnoreMouse="1" NewControlDepth="1"/>
                    <Control Class="Window" LAnchorPoint="0" LAnchorOffset="28" TAnchorPoint="0" TAnchorOffset="0" RAnchorPoint="1" RAnchorOffset="0" BAnchorPoint="1" BAnchorOffset="0" RelativeToClient="1" Font="CRB_InterfaceSmall_O" Text="" Template="Default" TooltipType="OnCursor" Name="StanceText" BGColor="ffffffff" TextColor="ffffffff" TooltipColor="" DT_VCENTER="1" TextId="Defensive"/>
                </Control>
                <Control Class="Button" Base="CRB_Basekit:kitBtn_List_Holo" Font="CRB_InterfaceSmall_O" ButtonType="PushButton" RadioGroup="" LAnchorPoint="0" LAnchorOffset="0" TAnchorPoint="0" TAnchorOffset="80" RAnchorPoint="1" RAnchorOffset="0" BAnchorPoint="0" BAnchorOffset="100" DT_VCENTER="1" DT_CENTER="1" TooltipType="OnCursor" Name="Stance1" BGColor="ffffffff" TextColor="ffffffff" TooltipColor="" NormalTextColor="UI_TextHoloBody" PressedTextColor="ff31fcf6" FlybyTextColor="ff31fcf6" PressedFlybyTextColor="ff31fcf6" DisabledTextColor="ff666666" Text="" TextId="">
                    <Event Name="ButtonSignal" Function="OnStanceBtn"/>
                    <Control Class="Window" LAnchorPoint="0" LAnchorOffset="2" TAnchorPoint="0" TAnchorOffset="2" RAnchorPoint="0" RAnchorOffset="18" BAnchorPoint="1" BAnchorOffset="-2" RelativeToClient="1" Font="Default" Text="" Template="Default" TooltipType="OnCursor" Name="StanceIcon" BGColor="ffffffff" TextColor="ffffffff" TooltipColor="" Sprite="ClientSprites:Icon_SkillPetCommand_Combat_Pet_Aggressive" Picture="1" IgnoreMouse="1" NewControlDepth="1"/>
                    <Control Class="Window" LAnchorPoint="0" LAnchorOffset="28" TAnchorPoint="0" TAnchorOffset="0" RAnchorPoint="1" RAnchorOffset="0" BAnchorPoint="1" BAnchorOffset="0" RelativeToClient="1" Font="CRB_InterfaceSmall_O" Text="" Template="Default" TooltipType="OnCursor" Name="StanceText" BGColor="ffffffff" TextColor="ffffffff" TooltipColor="" DT_VCENTER="1" TextId="Engineer_PetAggressive"/>
                </Control>
            </Control>
        </Control>
        <Control Class="Button" Base="CRB_CharacterCreateSprites:btnCharS_ListEntryNorm" Font="CRB_Pixel_O" ButtonType="PushButton" RadioGroup="" LAnchorPoint="0" LAnchorOffset="2" TAnchorPoint="0" TAnchorOffset="2" RAnchorPoint="0.25" RAnchorOffset="10" BAnchorPoint="1" BAnchorOffset="-2" DT_VCENTER="1" DT_CENTER="1" TooltipType="OnCursor" Name="Stance" BGColor="ffffffff" TextColor="ffffffff" TooltipColor="" NormalTextColor="ffffffff" PressedTextColor="ffffffff" FlybyTextColor="ffffffff" PressedFlybyTextColor="ffffffff" DisabledTextColor="ffffffff" Sprite="" Text="" TextId="" Picture="1" DT_BOTTOM="1" HideInEditor="0">
            <Control Class="Window" LAnchorPoint="0.5" LAnchorOffset="-4" TAnchorPoint="0" TAnchorOffset="0" RAnchorPoint="0.5" RAnchorOffset="4" BAnchorPoint="0" BAnchorOffset="8" RelativeToClient="1" Font="Default" Text="" Template="Default" TooltipType="OnCursor" Name="Window" BGColor="ffffffff" TextColor="ffffffff" TooltipColor="" Sprite="AbilitiesSprites:btn_HScrollUpPressedFlyby" Picture="1" IgnoreMouse="1"/>
            <Event Name="ButtonSignal" Function="ShowStanceBG"/>
        </Control>
        <Control Class="Window" LAnchorPoint="0" LAnchorOffset="2" TAnchorPoint="0" TAnchorOffset="2" RAnchorPoint="0.25" RAnchorOffset="10" BAnchorPoint="1" BAnchorOffset="-2" RelativeToClient="1" Font="Default" Text="" Template="Default" TooltipType="OnCursor" Name="FakeStance" BGColor="ffffffff" TextColor="ffffffff" TooltipColor="" Sprite="CRB_CharacterCreateSprites:btnCharS_ListEntryNormNormal" Picture="1" IgnoreMouse="1" Visible="0" HideInEditor="1">
            <Control Class="Window" LAnchorPoint="0.5" LAnchorOffset="-4" TAnchorPoint="0" TAnchorOffset="0" RAnchorPoint="0.5" RAnchorOffset="4" BAnchorPoint="0" BAnchorOffset="8" RelativeToClient="1" Font="Default" Text="" Template="Default" TooltipType="OnCursor" Name="Window" BGColor="ffffffff" TextColor="ffffffff" TooltipColor="" Sprite="AbilitiesSprites:btn_HScrollUpPressedFlyby" Picture="1" IgnoreMouse="1"/>
        </Control>
        <Control Class="Window" LAnchorPoint="0.25" LAnchorOffset="10" TAnchorPoint="0" TAnchorOffset="2" RAnchorPoint="1" RAnchorOffset="-2" BAnchorPoint="1" BAnchorOffset="-2" RelativeToClient="1" Font="Default" Text="" Template="Default" TooltipType="OnCursor" Name="FakePetBarIcons" BGColor="ffffffff" TextColor="ffffffff" TooltipColor="" Visible="0" HideInEditor="1">
            <Control Class="Window" LAnchorPoint="0" LAnchorOffset="0" TAnchorPoint="0" TAnchorOffset="0" RAnchorPoint="0.33" RAnchorOffset="0" BAnchorPoint="1" BAnchorOffset="0" RelativeToClient="1" Font="Default" Text="" Template="Default" TooltipType="OnCursor" Name="Window" BGColor="ffffffff" TextColor="ffffffff" TooltipColor="" Sprite="ClientSprites:Icon_SkillPetCommand_Combat_Pet_Attack" Picture="1" IgnoreMouse="1"/>
            <Control Class="Window" LAnchorPoint="0.33" LAnchorOffset="0" TAnchorPoint="0" TAnchorOffset="0" RAnchorPoint="0.66" RAnchorOffset="0" BAnchorPoint="1" BAnchorOffset="0" RelativeToClient="1" Font="Default" Text="" Template="Default" TooltipType="OnCursor" Name="Window1" BGColor="ffffffff" TextColor="ffffffff" TooltipColor="" Picture="1" IgnoreMouse="1" Sprite="ClientSprites:Icon_SkillPetCommand_Combat_Pet_Stop_and_Return"/>
            <Control Class="Window" LAnchorPoint="0.66" LAnchorOffset="0" TAnchorPoint="0" TAnchorOffset="0" RAnchorPoint="1" RAnchorOffset="0" BAnchorPoint="1" BAnchorOffset="0" RelativeToClient="1" Font="Default" Text="" Template="Default" TooltipType="OnCursor" Name="Window2" BGColor="ffffffff" TextColor="ffffffff" TooltipColor="" Picture="1" IgnoreMouse="1" Sprite="ClientSprites:Icon_SkillPetCommand_Combat_Pet_Go_To_Location"/>
        </Control>
    </Form>
    <Form Class="Window" LAnchorPoint="0" LAnchorOffset="0" TAnchorPoint="0" TAnchorOffset="0" RAnchorPoint="1" RAnchorOffset="0" BAnchorPoint="0" BAnchorOffset="100" RelativeToClient="1" Font="Default" Text="" Template="Default" TooltipType="OnCursor" Name="PetBarCustomize" Border="0" Picture="1" SwallowMouseClicks="1" Moveable="0" Escapable="0" Overlapped="1" BGColor="ffffffff" TextColor="ffffffff" TooltipColor="" Sprite="" Tooltip="" IgnoreMouse="1">
        <Control Class="Window" LAnchorPoint="0" LAnchorOffset="0" TAnchorPoint="0" TAnchorOffset="0" RAnchorPoint="1" RAnchorOffset="0" BAnchorPoint="1" BAnchorOffset="0" RelativeToClient="1" Font="Default" Text="" Template="Default" TooltipType="OnCursor" Name="Container" BGColor="ffffffff" TextColor="ffffffff" TooltipColor="" Tooltip="">
            <Control Class="Window" LAnchorPoint="0" LAnchorOffset="0" TAnchorPoint="0" TAnchorOffset="0" RAnchorPoint="1" RAnchorOffset="0" BAnchorPoint="0" BAnchorOffset="100" RelativeToClient="1" Font="Default" Text="" Template="Default" TooltipType="OnCursor" Name="Main" BGColor="ffffffff" TextColor="ffffffff" TooltipColor="" DT_CENTER="1" TextId="" Sprite="ChatLogSprites:sprChat_BlueBG" Picture="1" IgnoreMouse="1">
                <Control Class="Window" LAnchorPoint="0" LAnchorOffset="0" TAnchorPoint="0" TAnchorOffset="0" RAnchorPoint="1" RAnchorOffset="0" BAnchorPoint="0" BAnchorOffset="30" RelativeToClient="1" Font="CRB_Interface12_BBO" Text="Main Options" Template="Default" TooltipType="OnCursor" Name="Header1" BGColor="ffffffff" TextColor="ffffffff" TooltipColor="" TextId="" DT_CENTER="1" DT_VCENTER="1">
                    <Control Class="Button" Base="CRB_Basekit:kitBtn_ScrollHolo_DownLarge" Font="DefaultButton" ButtonType="PushButton" RadioGroup="" LAnchorPoint="1" LAnchorOffset="-26" TAnchorPoint="0.5" TAnchorOffset="-10" RAnchorPoint="1" RAnchorOffset="-6" BAnchorPoint="0.5" BAnchorOffset="10" DT_VCENTER="1" DT_CENTER="1" TooltipType="OnCursor" Name="Button" BGColor="ffffffff" TextColor="ffffffff" TooltipColor="" NormalTextColor="ffffffff" PressedTextColor="ffffffff" FlybyTextColor="ffffffff" PressedFlybyTextColor="ffffffff" DisabledTextColor="ffffffff">
                        <Event Name="ButtonSignal" Function="ToggleSectionVisibility"/>
                    </Control>
                </Control>
                <Control Class="Window" LAnchorPoint="0" LAnchorOffset="0" TAnchorPoint="0" TAnchorOffset="30" RAnchorPoint="1" RAnchorOffset="0" BAnchorPoint="0" BAnchorOffset="60" RelativeToClient="1" Font="Default" Text="" Template="Default" TooltipType="OnCursor" Name="ShowFrame" BGColor="ffffffff" TextColor="ffffffff" TooltipColor="" Sprite="" Picture="1" IgnoreMouse="1" Tooltip="">
                    <Control Class="Window" LAnchorPoint="0" LAnchorOffset="0" TAnchorPoint="0" TAnchorOffset="0" RAnchorPoint="0.33" RAnchorOffset="0" BAnchorPoint="1" BAnchorOffset="0" RelativeToClient="1" Font="CRB_Interface12_BO" Text="Show Frame:" Template="Default" TooltipType="OnCursor" Name="Text" BGColor="ffffffff" TextColor="ffffffff" TooltipColor="" TextId="" DT_VCENTER="1" DT_CENTER="1"/>
                    <Control Class="Window" LAnchorPoint="0.33" LAnchorOffset="0" TAnchorPoint="0" TAnchorOffset="0" RAnchorPoint="1" RAnchorOffset="-5" BAnchorPoint="1" BAnchorOffset="0" RelativeToClient="1" Font="Default" Text="" Template="Default" TooltipType="OnCursor" Name="Options" BGColor="ffffffff" TextColor="ffffffff" TooltipColor="">
                        <Control Class="Button" Base="CRB_Basekit:kitBtn_List_HoloRadio" Font="DefaultButton" ButtonType="Check" RadioGroup="ShowFrame" LAnchorPoint="0" LAnchorOffset="0" TAnchorPoint="0.5" TAnchorOffset="-13" RAnchorPoint="0.33" RAnchorOffset="0" BAnchorPoint="0.5" BAnchorOffset="13" DT_VCENTER="1" DT_CENTER="1" TooltipType="OnCursor" Name="Always" BGColor="ffffaaaa" TextColor="ffffffff" TooltipColor="" NormalTextColor="ffffffff" PressedTextColor="ffffffff" FlybyTextColor="ffffffff" PressedFlybyTextColor="ffffffff" DisabledTextColor="ffffffff" Text="Always" TextId="" GlobalRadioGroup="" RadioDisallowNonSelection="1">
                            <Event Name="ButtonCheck" Function="OnShowChange"/>
                        </Control>
                        <Control Class="Button" Base="CRB_Basekit:kitBtn_List_HoloRadio" Font="DefaultButton" ButtonType="Check" RadioGroup="ShowFrame" LAnchorPoint="0.33" LAnchorOffset="0" TAnchorPoint="0.5" TAnchorOffset="-13" RAnchorPoint="0.66" RAnchorOffset="0" BAnchorPoint="0.5" BAnchorOffset="14" DT_VCENTER="1" DT_CENTER="1" TooltipType="OnCursor" Name="Combat" BGColor="ffffaaaa" TextColor="ffffffff" TooltipColor="" NormalTextColor="ffffffff" PressedTextColor="ffffffff" FlybyTextColor="ffffffff" PressedFlybyTextColor="ffffffff" DisabledTextColor="ffffffff" Text="" TextId="Tutorials_Combat" GlobalRadioGroup="" RadioDisallowNonSelection="1">
                            <Event Name="ButtonCheck" Function="OnShowChange"/>
                        </Control>
                        <Control Class="Button" Base="CRB_Basekit:kitBtn_List_HoloRadio" Font="DefaultButton" ButtonType="Check" RadioGroup="ShowFrame" LAnchorPoint="0.66" LAnchorOffset="0" TAnchorPoint="0.5" TAnchorOffset="-13" RAnchorPoint="1" RAnchorOffset="0" BAnchorPoint="0.5" BAnchorOffset="13" DT_VCENTER="1" DT_CENTER="1" TooltipType="OnCursor" Name="Never" BGColor="ffffaaaa" TextColor="ffffffff" TooltipColor="" NormalTextColor="ffffffff" PressedTextColor="ffffffff" FlybyTextColor="ffffffff" PressedFlybyTextColor="ffffffff" DisabledTextColor="ffffffff" Text="Never" TextId="" GlobalRadioGroup="" RadioDisallowNonSelection="1">
                            <Event Name="ButtonCheck" Function="OnShowChange"/>
                        </Control>
                    </Control>
                </Control>
                <Control Class="Window" LAnchorPoint="0" LAnchorOffset="0" TAnchorPoint="0" TAnchorOffset="30" RAnchorPoint="1" RAnchorOffset="0" BAnchorPoint="0" BAnchorOffset="60" RelativeToClient="1" Font="Default" Text="" Template="Default" TooltipType="OnCursor" Name="ComingSoon" BGColor="ffffffff" TextColor="ffffffff" TooltipColor="" Sprite="" Picture="0" IgnoreMouse="0" Tooltip="" NewWindowDepth="1">
                    <Control Class="Window" LAnchorPoint="0" LAnchorOffset="0" TAnchorPoint="0" TAnchorOffset="0" RAnchorPoint="1" RAnchorOffset="0" BAnchorPoint="1" BAnchorOffset="0" RelativeToClient="1" Font="CRB_FloaterMedium" Text="Coming Soon!!" Template="Default" TooltipType="OnCursor" Name="ComingSoon" BGColor="aa000000" TextColor="ffffffff" TooltipColor="" TextId="" DT_VCENTER="1" DT_CENTER="1" IgnoreMouse="0" NewWindowDepth="1" Sprite="ClientSprites:WhiteFill" Picture="1" Tooltip=""/>
                </Control>
            </Control>
            <Event Name="MouseButtonDown" Function="OnContainerClick"/>
        </Control>
    </Form>
    <Form Class="Window" LAnchorPoint="0" LAnchorOffset="0" TAnchorPoint="0" TAnchorOffset="0" RAnchorPoint="1" RAnchorOffset="0" BAnchorPoint="1" BAnchorOffset="0" RelativeToClient="1" Font="Default" Text="" Template="Default" TooltipType="OnCursor" Name="Spellslinger3" BGColor="ffffffff" TextColor="ffffffff" TooltipColor="" Visible="1" HideInEditor="0" IgnoreMouse="0" Overlapped="1" Tooltip="" Sprite="CRB_NameplateSprites:sprNp_WhiteBarFill" Picture="1"/>
    <Form Class="Window" LAnchorPoint="0" LAnchorOffset="0" TAnchorPoint="0" TAnchorOffset="0" RAnchorPoint="1" RAnchorOffset="0" BAnchorPoint="1" BAnchorOffset="0" RelativeToClient="1" Font="Default" Text="" BGColor="ffffffff" TextColor="ffffffff" Template="Default" TooltipType="OnCursor" Name="SpellCore" Border="1" Picture="1" SwallowMouseClicks="1" Moveable="1" Escapable="1" Overlapped="1" TooltipColor=""/>
</Forms>
