<?xml version="1.0" encoding="UTF-8" standalone="yes" ?>
<Forms>
    <Form Class="Window" LAnchorPoint="0" LAnchorOffset="0" TAnchorPoint="0" TAnchorOffset="0" RAnchorPoint="0" RAnchorOffset="360" BAnchorPoint="0" BAnchorOffset="343" RelativeToClient="1" Font="Default" Text="" Template="Default" Name="SpaceStashBankWindow" Border="0" Picture="0" SwallowMouseClicks="1" Moveable="1" Escapable="1" Overlapped="1" BGColor="ffffffff" TextColor="ffffffff" TextId="" TooltipColor="" Tooltip="">
        <Control Class="Window" LAnchorPoint="0" LAnchorOffset="-169" TAnchorPoint="0" TAnchorOffset="0" RAnchorPoint="0" RAnchorOffset="-10" BAnchorPoint="0" BAnchorOffset="188" RelativeToClient="0" Font="Default" Text="" BGColor="black" TextColor="UI_WindowTextDefault" Template="Holo_Inset_Callout" TooltipType="OnCursor" Name="BankPlayerMenu" TooltipColor="" IgnoreMouse="1" NoClip="1" Border="1" UseTemplateBG="1" Escapable="1" Visible="0" CloseOnExternalClick="0" NewWindowDepth="1" Overlapped="1" UseRadialClipping="0" Sprite="" Picture="0" SwallowMouseClicks="1">
            <Control Class="Window" LAnchorPoint="0" LAnchorOffset="0" TAnchorPoint="0" TAnchorOffset="0" RAnchorPoint="1" RAnchorOffset="0" BAnchorPoint="1" BAnchorOffset="0" RelativeToClient="1" Font="Default" Text="" BGColor="UI_WindowBGDefault" TextColor="UI_WindowTextDefault" Template="Default" TooltipType="OnCursor" Name="Content" TooltipColor="">
                <Control Class="Window" LAnchorPoint="0" LAnchorOffset="0" TAnchorPoint="0" TAnchorOffset="0" RAnchorPoint="1" RAnchorOffset="0" BAnchorPoint="0" BAnchorOffset="141" RelativeToClient="1" Font="Default" Text="" BGColor="UI_WindowBGDefault" TextColor="UI_WindowTextDefault" Template="Holo_ScrollList" TooltipType="OnCursor" Name="PlayerGroup" TooltipColor="" IgnoreMouse="1" NoClip="1" Picture="0" UseTemplateBG="1" Border="1">
                    <Control Class="Window" LAnchorPoint="0" LAnchorOffset="0" TAnchorPoint="0" TAnchorOffset="0" RAnchorPoint="1" RAnchorOffset="0" BAnchorPoint="0" BAnchorOffset="20" RelativeToClient="1" Font="CRB_Button" Text="___PMCHARS___" BGColor="UI_WindowBGDefault" TextColor="UI_WindowTextDefault" Template="Default" TooltipType="OnCursor" Name="Title" TooltipColor="" TextId="" DT_CENTER="1" DT_VCENTER="1"/>
                    <Control Class="Window" LAnchorPoint="0" LAnchorOffset="10" TAnchorPoint="0" TAnchorOffset="22" RAnchorPoint="1" RAnchorOffset="-10" BAnchorPoint="0" BAnchorOffset="120" RelativeToClient="1" Font="Default" Text="___EMPTYPLACEHODER___" BGColor="UI_WindowBGDefault" TextColor="UI_WindowTextDefault" Template="HologramControl2" TooltipType="OnCursor" Name="Window" TooltipColor="" TextId="" DT_WORDBREAK="1" DT_RIGHT="0" DT_CENTER="1" DT_VCENTER="1" Border="1" IgnoreMouse="1" UseTemplateBG="1"/>
                </Control>
                <Control Class="Button" Base="CRB_QuestTrackerSprites:btnQT_ScrollScroller" Font="DefaultButton" ButtonType="PushButton" RadioGroup="" LAnchorPoint="0" LAnchorOffset="0" TAnchorPoint="1" TAnchorOffset="-22" RAnchorPoint="1" RAnchorOffset="0" BAnchorPoint="1" BAnchorOffset="0" DT_VCENTER="1" DT_CENTER="1" BGColor="UI_BtnBGDefault" TextColor="UI_BtnTextDefault" NormalTextColor="UI_BtnTextDefault" PressedTextColor="UI_BtnTextDefault" FlybyTextColor="UI_BtnTextDefault" PressedFlybyTextColor="UI_BtnTextDefault" DisabledTextColor="UI_BtnTextDefault" TooltipType="OnCursor" Name="OptionsButton" TooltipColor="" Text="___SSOPTIONS___" TextId="">
                    <Event Name="ButtonSignal" Function="OnOptions"/>
                </Control>
            </Control>
            <Event Name="WindowClosed" Function="OnPlayerMenuClose"/>
        </Control>
        <Control Class="Window" LAnchorPoint="0" LAnchorOffset="-6" TAnchorPoint="0" TAnchorOffset="-6" RAnchorPoint="1" RAnchorOffset="6" BAnchorPoint="1" BAnchorOffset="6" RelativeToClient="1" Font="Default" Text="" BGColor="UI_WindowBGDefault" TextColor="UI_WindowTextDefault" Template="CRB_TooltipSimple" TooltipType="OnCursor" Name="Background" TooltipColor="" Picture="1" IgnoreMouse="1" Border="1" UseTemplateBG="1" NoClip="1" Tooltip=""/>
        <Control Class="Window" LAnchorPoint="0" LAnchorOffset="0" TAnchorPoint="0" TAnchorOffset="0" RAnchorPoint="1" RAnchorOffset="0" BAnchorPoint="1" BAnchorOffset="0" RelativeToClient="1" Font="Default" Text="" BGColor="UI_WindowBGDefault" TextColor="UI_WindowTextDefault" Template="Default" TooltipType="OnCursor" Name="Content" TooltipColor="" Tooltip="" IgnoreMouse="1" Overlapped="1">
            <Control Class="Window" LAnchorPoint="0" LAnchorOffset="0" TAnchorPoint="0" TAnchorOffset="0" RAnchorPoint="1" RAnchorOffset="0" BAnchorPoint="0" BAnchorOffset="74" RelativeToClient="1" Font="Default" Text="" BGColor="UI_WindowBGDefault" TextColor="UI_WindowTextDefault" Template="Default" TooltipType="OnCursor" Name="TopFrame" TooltipColor="" Tooltip="" IgnoreMouse="1" Overlapped="1">
                <Control Class="Window" LAnchorPoint="0" LAnchorOffset="0" TAnchorPoint="0" TAnchorOffset="0" RAnchorPoint="1" RAnchorOffset="0" BAnchorPoint="0" BAnchorOffset="38" RelativeToClient="1" Font="Default" Text="" BGColor="UI_WindowBGDefault" TextColor="UI_WindowTextDefault" Template="Default" TooltipType="OnCursor" Name="MenuFrame" TooltipColor="" IgnoreMouse="1" NoClip="0" Overlapped="1">
                    <Control Class="Button" Base="CRB_Basekit:kitBtn_Dropdown_IconBase" Font="DefaultButton" ButtonType="Check" RadioGroup="" LAnchorPoint="0" LAnchorOffset="0" TAnchorPoint="0" TAnchorOffset="0" RAnchorPoint="0" RAnchorOffset="31" BAnchorPoint="0" BAnchorOffset="38" DT_VCENTER="1" DT_CENTER="1" BGColor="UI_BtnBGDefault" TextColor="UI_BtnTextDefault" NormalTextColor="UI_BtnTextDefault" PressedTextColor="UI_BtnTextDefault" FlybyTextColor="UI_BtnTextDefault" PressedFlybyTextColor="UI_BtnTextDefault" DisabledTextColor="UI_BtnTextDefault" TooltipType="OnCursor" Name="PlayerMenuButton" TooltipColor="" Text="" RelativeToClient="1" NoClip="1">
                        <Pixie LAnchorPoint="0" LAnchorOffset="4" TAnchorPoint="0" TAnchorOffset="3" RAnchorPoint="1" RAnchorOffset="0" BAnchorPoint="1" BAnchorOffset="0" Sprite="HUD_BottomBar:spr_HUD_MenuIcons_GroupFinder" BGColor="white" TextColor="black" Rotation="0" Font="CRB_Interface10_B"/>
                        <Event Name="ButtonCheck" Function="OnBankPlayerMenuChecked"/>
                        <Event Name="ButtonUncheck" Function="OnBankPlayerMenuUnchecked"/>
                    </Control>
                    <Control Class="Button" Base="CRB_Basekit:kitBtn_Holo_IconBase" Font="DefaultButton" ButtonType="Check" RadioGroup="" LAnchorPoint="0" LAnchorOffset="31" TAnchorPoint="0" TAnchorOffset="0" RAnchorPoint="0" RAnchorOffset="62" BAnchorPoint="0" BAnchorOffset="32" DT_VCENTER="1" DT_CENTER="1" BGColor="UI_BtnBGDefault" TextColor="UI_BtnTextDefault" NormalTextColor="UI_BtnTextDefault" PressedTextColor="UI_BtnTextDefault" FlybyTextColor="UI_BtnTextDefault" PressedFlybyTextColor="UI_BtnTextDefault" DisabledTextColor="UI_BtnTextDefault" TooltipType="OnCursor" Name="ShowBankBagsTabButton" TooltipColor="" RelativeToClient="1" NoClip="1">
                        <Pixie LAnchorPoint="0" LAnchorOffset="-5" TAnchorPoint="0" TAnchorOffset="-5" RAnchorPoint="1" RAnchorOffset="0" BAnchorPoint="1" BAnchorOffset="0" Sprite="CRB_MegamapSprites:sprMap_IconCompletion_Datacube" BGColor="white" TextColor="black" Rotation="0" Font="CRB_Interface10_B"/>
                        <Event Name="ButtonCheck" Function="OnBankBagsTabChecked"/>
                        <Event Name="ButtonUncheck" Function="OnBankBagsTabUnhecked"/>
                    </Control>
                    <Control Class="Button" Base="BK3:btnHolo_Clear" Font="DefaultButton" ButtonType="PushButton" RadioGroup="" LAnchorPoint="1" LAnchorOffset="-24" TAnchorPoint="0" TAnchorOffset="0" RAnchorPoint="1" RAnchorOffset="0" BAnchorPoint="0" BAnchorOffset="22" DT_VCENTER="1" DT_CENTER="1" BGColor="UI_BtnBGDefault" TextColor="UI_BtnTextDefault" NormalTextColor="UI_BtnTextDefault" PressedTextColor="UI_BtnTextDefault" FlybyTextColor="UI_BtnTextDefault" PressedFlybyTextColor="UI_BtnTextDefault" DisabledTextColor="UI_BtnTextDefault" TooltipType="OnCursor" Name="CloseButton" TooltipColor="" RelativeToClient="1" NoClip="1">
                        <Event Name="ButtonSignal" Function="OnClose"/>
                    </Control>
                    <Control Class="Window" LAnchorPoint="0" LAnchorOffset="66" TAnchorPoint="0" TAnchorOffset="0" RAnchorPoint="1" RAnchorOffset="-24" BAnchorPoint="0" BAnchorOffset="32" RelativeToClient="1" Font="CRB_Header14" Text="___BANKSTASH___" BGColor="UI_WindowBGDefault" TextColor="UI_WindowTextDefault" Template="Default" TooltipType="OnCursor" Name="FrameTitle" TooltipColor="" DT_RIGHT="0" DT_CENTER="0" DT_VCENTER="1" TextId=""/>
                </Control>
                <Control Class="Window" LAnchorPoint="0" LAnchorOffset="2" TAnchorPoint="0" TAnchorOffset="38" RAnchorPoint="1" RAnchorOffset="0" BAnchorPoint="0" BAnchorOffset="76" RelativeToClient="1" Font="Default" Text="" BGColor="UI_WindowBGDefault" TextColor="UI_WindowTextDefault" Template="Default" TooltipType="OnCursor" Name="BankBagsTabFrame" TooltipColor="" Visible="1" IgnoreMouse="1" Overlapped="1">
                    <Control Class="Window" LAnchorPoint="0" LAnchorOffset="0" TAnchorPoint="0" TAnchorOffset="0" RAnchorPoint="0" RAnchorOffset="36" BAnchorPoint="0" BAnchorOffset="36" RelativeToClient="1" Font="Default" Text="" BGColor="UI_WindowBGDefault" TextColor="UI_WindowTextDefault" Template="Default" TooltipType="OnCursor" Name="ItemWidget1" TooltipColor="">
                        <Control Class="Window" LAnchorPoint="0" LAnchorOffset="0" TAnchorPoint="0" TAnchorOffset="0" RAnchorPoint="1" RAnchorOffset="-1" BAnchorPoint="1" BAnchorOffset="-1" RelativeToClient="1" Font="Default" Text="" BGColor="UI_WindowBGDefault" TextColor="UI_WindowTextDefault" Template="Default" TooltipType="OnCursor" Name="BagArtWindow" TooltipColor="" Visible="1" IgnoreMouse="1" Overlapped="1" Sprite="BK3:UI_BK3_Holo_InsetSimple" Picture="1">
                            <Control Class="ItemSlotWindow" LAnchorPoint="0" LAnchorOffset="2" TAnchorPoint="0" TAnchorOffset="2" RAnchorPoint="1" RAnchorOffset="-2" BAnchorPoint="1" BAnchorOffset="-2" RelativeToClient="1" Font="Default" BGColor="ffffffff" TextColor="ffffffff" WhenEmpty="" EquipmentSlot="21" IgnoreTooltipDelay="1" TooltipType="OnCursor" Name="Bag" TooltipColor="" IgnoreMouse="0" Sprite="" Picture="0">
                                <Event Name="GenerateTooltip" Function="OnGenerateBagTooltip"/>
                            </Control>
                            <Control Class="Button" Base="ChatLogSprites:CombatLogAddWindowBtn" Font="DefaultButton" ButtonType="PushButton" RadioGroup="" LAnchorPoint="0" LAnchorOffset="2" TAnchorPoint="0" TAnchorOffset="2" RAnchorPoint="1" RAnchorOffset="-2" BAnchorPoint="1" BAnchorOffset="-2" DT_VCENTER="0" DT_CENTER="0" BGColor="UI_BtnBGDefault" TextColor="UI_BtnTextDefault" NormalTextColor="UI_BtnTextDefault" PressedTextColor="UI_BtnTextDefault" FlybyTextColor="UI_BtnTextDefault" PressedFlybyTextColor="UI_BtnTextDefault" DisabledTextColor="UI_BtnTextDefault" TooltipType="OnCursor" Name="BuyBankSlotButton" TooltipColor="" Text="" TextId="" Tooltip="___BUYBANKBAGSLOT___" TooltipId="" DrawClientSprite="0" DrawAsCheckbox="0" LeftEdgeControlsAnchor="" TopEdgeControlsAnchor="">
                                <Event Name="ButtonSignal" Function="OnBuyBankSlot"/>
                            </Control>
                            <Control Class="Window" LAnchorPoint="0.5" LAnchorOffset="0" TAnchorPoint="0.5" TAnchorOffset="0" RAnchorPoint="1" RAnchorOffset="-5" BAnchorPoint="1" BAnchorOffset="-2" RelativeToClient="1" Font="CRB_InterfaceMedium_BBO" Text="" BGColor="UI_WindowBGDefault" TextColor="white" Template="Default" TooltipType="OnCursor" Name="Capacity" TooltipColor="" TextId="" DT_BOTTOM="1" DT_RIGHT="1" IgnoreMouse="1" AutoScaleText="1" DoNotBlockTooltip="1" Overlapped="0" NoClip="0" BlockOutIfDisabled="0" NewWindowDepth="1"/>
                        </Control>
                    </Control>
                    <Control Class="Window" LAnchorPoint="0" LAnchorOffset="0" TAnchorPoint="0" TAnchorOffset="0" RAnchorPoint="0" RAnchorOffset="36" BAnchorPoint="0" BAnchorOffset="36" RelativeToClient="1" Font="Default" Text="" BGColor="UI_WindowBGDefault" TextColor="UI_WindowTextDefault" Template="Default" TooltipType="OnCursor" Name="ItemWidget2" TooltipColor="" Visible="0">
                        <Control Class="Window" LAnchorPoint="0" LAnchorOffset="1" TAnchorPoint="0" TAnchorOffset="0" RAnchorPoint="1" RAnchorOffset="-1" BAnchorPoint="1" BAnchorOffset="-1" RelativeToClient="1" Font="Default" Text="" BGColor="UI_WindowBGDefault" TextColor="UI_WindowTextDefault" Template="Default" TooltipType="OnCursor" Name="BagArtWindow" TooltipColor="" Visible="1" IgnoreMouse="1" Overlapped="1" Tooltip="" Picture="1" Sprite="BK3:UI_BK3_Holo_InsetSimple">
                            <Control Class="ItemSlotWindow" LAnchorPoint="0" LAnchorOffset="2" TAnchorPoint="0" TAnchorOffset="2" RAnchorPoint="1" RAnchorOffset="-2" BAnchorPoint="1" BAnchorOffset="-2" RelativeToClient="1" Font="Default" BGColor="ffffffff" TextColor="ffffffff" WhenEmpty="" EquipmentSlot="22" IgnoreTooltipDelay="1" TooltipType="OnCursor" Name="Bag" TooltipColor="" Picture="0">
                                <Event Name="GenerateTooltip" Function="OnGenerateBagTooltip"/>
                            </Control>
                            <Control Class="Button" Base="ChatLogSprites:CombatLogAddWindowBtn" Font="DefaultButton" ButtonType="PushButton" RadioGroup="" LAnchorPoint="0" LAnchorOffset="2" TAnchorPoint="0" TAnchorOffset="2" RAnchorPoint="1" RAnchorOffset="-2" BAnchorPoint="1" BAnchorOffset="-2" DT_VCENTER="0" DT_CENTER="0" BGColor="UI_BtnBGDefault" TextColor="UI_BtnTextDefault" NormalTextColor="UI_BtnTextDefault" PressedTextColor="UI_BtnTextDefault" FlybyTextColor="UI_BtnTextDefault" PressedFlybyTextColor="UI_BtnTextDefault" DisabledTextColor="UI_BtnTextDefault" TooltipType="OnCursor" Name="BuyBankSlotButton" TooltipColor="" Text="" Tooltip="___BUYBANKBAGSLOT___" TooltipId="" MaintainAspectRatio="0" DrawAsCheckbox="0">
                                <Event Name="ButtonSignal" Function="OnBuyBankSlot"/>
                            </Control>
                            <Control Class="Window" LAnchorPoint="0.5" LAnchorOffset="0" TAnchorPoint="0.5" TAnchorOffset="0" RAnchorPoint="1" RAnchorOffset="-5" BAnchorPoint="1" BAnchorOffset="-2" RelativeToClient="1" Font="CRB_InterfaceMedium_BBO" Text="" BGColor="UI_WindowBGDefault" TextColor="white" Template="Default" TooltipType="OnCursor" Name="Capacity" TooltipColor="" TextId="" DT_BOTTOM="1" DT_RIGHT="1" IgnoreMouse="1" AutoScaleText="1" DoNotBlockTooltip="1" Overlapped="0" NoClip="0" BlockOutIfDisabled="0" NewWindowDepth="1"/>
                        </Control>
                    </Control>
                    <Control Class="Window" LAnchorPoint="0" LAnchorOffset="0" TAnchorPoint="0" TAnchorOffset="0" RAnchorPoint="0" RAnchorOffset="36" BAnchorPoint="0" BAnchorOffset="36" RelativeToClient="1" Font="Default" Text="" BGColor="UI_WindowBGDefault" TextColor="UI_WindowTextDefault" Template="Default" TooltipType="OnCursor" Name="ItemWidget3" TooltipColor="" Visible="0" DT_VCENTER="1" DT_CENTER="1">
                        <Control Class="Window" LAnchorPoint="0" LAnchorOffset="0" TAnchorPoint="0" TAnchorOffset="0" RAnchorPoint="1" RAnchorOffset="-1" BAnchorPoint="1" BAnchorOffset="-1" RelativeToClient="1" Font="Default" Text="" BGColor="UI_WindowBGDefault" TextColor="UI_WindowTextDefault" Template="Default" TooltipType="OnCursor" Name="BagArtWindow" TooltipColor="" Visible="1" IgnoreMouse="1" Overlapped="0" Sprite="BK3:UI_BK3_Holo_InsetSimple" Picture="1" DT_CENTER="1" DT_VCENTER="1">
                            <Control Class="ItemSlotWindow" LAnchorPoint="0" LAnchorOffset="2" TAnchorPoint="0" TAnchorOffset="2" RAnchorPoint="1" RAnchorOffset="-2" BAnchorPoint="1" BAnchorOffset="-2" RelativeToClient="1" Font="Default" BGColor="ffffffff" TextColor="ffffffff" WhenEmpty="" EquipmentSlot="23" IgnoreTooltipDelay="1" TooltipType="OnCursor" Name="Bag" TooltipColor="">
                                <Event Name="GenerateTooltip" Function="OnGenerateBagTooltip"/>
                            </Control>
                            <Control Class="Button" Base="ChatLogSprites:CombatLogAddWindowBtn" Font="DefaultButton" ButtonType="PushButton" RadioGroup="" LAnchorPoint="0" LAnchorOffset="2" TAnchorPoint="0" TAnchorOffset="2" RAnchorPoint="1" RAnchorOffset="-2" BAnchorPoint="1" BAnchorOffset="-2" DT_VCENTER="0" DT_CENTER="0" BGColor="UI_BtnBGDefault" TextColor="UI_BtnTextDefault" NormalTextColor="UI_BtnTextDefault" PressedTextColor="UI_BtnTextDefault" FlybyTextColor="UI_BtnTextDefault" PressedFlybyTextColor="UI_BtnTextDefault" DisabledTextColor="UI_BtnTextDefault" TooltipType="OnCursor" Name="BuyBankSlotButton" TooltipColor="" Text="" Tooltip="___BUYBANKBAGSLOT___" TooltipId="" MaintainAspectRatio="0" DrawAsCheckbox="0">
                                <Event Name="ButtonSignal" Function="OnBuyBankSlot"/>
                            </Control>
                            <Control Class="Window" LAnchorPoint="0.5" LAnchorOffset="0" TAnchorPoint="0.5" TAnchorOffset="0" RAnchorPoint="1" RAnchorOffset="-5" BAnchorPoint="1" BAnchorOffset="-2" RelativeToClient="1" Font="CRB_InterfaceMedium_BBO" Text="" BGColor="UI_WindowBGDefault" TextColor="white" Template="Default" TooltipType="OnCursor" Name="Capacity" TooltipColor="" TextId="" DT_BOTTOM="1" DT_RIGHT="1" IgnoreMouse="1" AutoScaleText="1" DoNotBlockTooltip="1" Overlapped="0" NoClip="0" BlockOutIfDisabled="0" NewWindowDepth="1"/>
                        </Control>
                    </Control>
                    <Control Class="Window" LAnchorPoint="0" LAnchorOffset="0" TAnchorPoint="0" TAnchorOffset="0" RAnchorPoint="0" RAnchorOffset="36" BAnchorPoint="0" BAnchorOffset="36" RelativeToClient="1" Font="Default" Text="" BGColor="UI_WindowBGDefault" TextColor="UI_WindowTextDefault" Template="Default" TooltipType="OnCursor" Name="ItemWidget4" TooltipColor="" Visible="0">
                        <Control Class="Window" LAnchorPoint="0" LAnchorOffset="0" TAnchorPoint="0" TAnchorOffset="0" RAnchorPoint="1" RAnchorOffset="-1" BAnchorPoint="1" BAnchorOffset="-1" RelativeToClient="1" Font="Default" Text="" BGColor="UI_WindowBGDefault" TextColor="UI_WindowTextDefault" Template="Default" TooltipType="OnCursor" Name="BagArtWindow" TooltipColor="" Visible="1" IgnoreMouse="1" Overlapped="0" Sprite="BK3:UI_BK3_Holo_InsetSimple" Picture="1" DT_VCENTER="1" DT_CENTER="1">
                            <Control Class="ItemSlotWindow" LAnchorPoint="0" LAnchorOffset="2" TAnchorPoint="0" TAnchorOffset="2" RAnchorPoint="1" RAnchorOffset="-2" BAnchorPoint="1" BAnchorOffset="-2" RelativeToClient="1" Font="Default" BGColor="ffffffff" TextColor="ffffffff" WhenEmpty="" EquipmentSlot="24" IgnoreTooltipDelay="1" TooltipType="OnCursor" Name="Bag" TooltipColor="">
                                <Event Name="GenerateTooltip" Function="OnGenerateBagTooltip"/>
                            </Control>
                            <Control Class="Button" Base="ChatLogSprites:CombatLogAddWindowBtn" Font="DefaultButton" ButtonType="PushButton" RadioGroup="" LAnchorPoint="0" LAnchorOffset="2" TAnchorPoint="0" TAnchorOffset="2" RAnchorPoint="1" RAnchorOffset="-2" BAnchorPoint="1 " BAnchorOffset="-2" DT_VCENTER="0" DT_CENTER="0" BGColor="UI_BtnBGDefault" TextColor="UI_BtnTextDefault" NormalTextColor="UI_BtnTextDefault" PressedTextColor="UI_BtnTextDefault" FlybyTextColor="UI_BtnTextDefault" PressedFlybyTextColor="UI_BtnTextDefault" DisabledTextColor="UI_BtnTextDefault" TooltipType="OnCursor" Name="BuyBankSlotButton" TooltipColor="" Tooltip="___BUYBANKBAGSLOT___" TooltipId="">
                                <Event Name="ButtonSignal" Function="OnBuyBankSlot"/>
                            </Control>
                            <Control Class="Window" LAnchorPoint="0.5" LAnchorOffset="0" TAnchorPoint="0.5" TAnchorOffset="0" RAnchorPoint="1" RAnchorOffset="-5" BAnchorPoint="1" BAnchorOffset="-2" RelativeToClient="1" Font="CRB_InterfaceMedium_BBO" Text="" BGColor="UI_WindowBGDefault" TextColor="white" Template="Default" TooltipType="OnCursor" Name="Capacity" TooltipColor="" TextId="" DT_BOTTOM="1" DT_RIGHT="1" IgnoreMouse="1" AutoScaleText="1" DoNotBlockTooltip="1" Overlapped="0" NoClip="0" BlockOutIfDisabled="0" NewWindowDepth="1"/>
                        </Control>
                    </Control>
                    <Control Class="Window" LAnchorPoint="0" LAnchorOffset="0" TAnchorPoint="0" TAnchorOffset="0" RAnchorPoint="0" RAnchorOffset="36" BAnchorPoint="0" BAnchorOffset="36" RelativeToClient="1" Font="Default" Text="" BGColor="UI_WindowBGDefault" TextColor="UI_WindowTextDefault" Template="Default" TooltipType="OnCursor" Name="ItemWidget5" TooltipColor="" Visible="0">
                        <Control Class="Window" LAnchorPoint="0" LAnchorOffset="0" TAnchorPoint="0" TAnchorOffset="0" RAnchorPoint="1" RAnchorOffset="-1" BAnchorPoint="1" BAnchorOffset="-1" RelativeToClient="1" Font="Default" Text="" BGColor="UI_WindowBGDefault" TextColor="UI_WindowTextDefault" Template="Default" TooltipType="OnCursor" Name="BagArtWindow" TooltipColor="" Visible="1" IgnoreMouse="1" Overlapped="0" Sprite="BK3:UI_BK3_Holo_InsetSimple" Picture="1">
                            <Control Class="ItemSlotWindow" LAnchorPoint="0" LAnchorOffset="2" TAnchorPoint="0" TAnchorOffset="2" RAnchorPoint="1" RAnchorOffset="-2" BAnchorPoint="1" BAnchorOffset="-2" RelativeToClient="1" Font="Default" BGColor="ffffffff" TextColor="ffffffff" WhenEmpty="" EquipmentSlot="25" IgnoreTooltipDelay="1" TooltipType="OnCursor" Name="Bag" TooltipColor="" Text="">
                                <Event Name="GenerateTooltip" Function="OnGenerateBagTooltip"/>
                            </Control>
                            <Control Class="Button" Base="ChatLogSprites:CombatLogAddWindowBtn" Font="DefaultButton" ButtonType="PushButton" RadioGroup="" LAnchorPoint="0" LAnchorOffset="2" TAnchorPoint="0" TAnchorOffset="2" RAnchorPoint="1" RAnchorOffset="-2" BAnchorPoint="1" BAnchorOffset="-2" DT_VCENTER="1" DT_CENTER="1" BGColor="UI_BtnBGDefault" TextColor="UI_BtnTextDefault" NormalTextColor="UI_BtnTextDefault" PressedTextColor="UI_BtnTextDefault" FlybyTextColor="UI_BtnTextDefault" PressedFlybyTextColor="UI_BtnTextDefault" DisabledTextColor="UI_BtnTextDefault" TooltipType="OnCursor" Name="BuyBankSlotButton" TooltipColor="" Tooltip="___BUYBANKBAGSLOT___" TooltipId="">
                                <Event Name="ButtonSignal" Function="OnBuyBankSlot"/>
                            </Control>
                            <Control Class="Window" LAnchorPoint="0.5" LAnchorOffset="0" TAnchorPoint="0.5" TAnchorOffset="0" RAnchorPoint="1" RAnchorOffset="-5" BAnchorPoint="1" BAnchorOffset="-2" RelativeToClient="1" Font="CRB_InterfaceMedium_BBO" Text="" BGColor="UI_WindowBGDefault" TextColor="white" Template="Default" TooltipType="OnCursor" Name="Capacity" TooltipColor="" TextId="" DT_BOTTOM="1" DT_RIGHT="1" IgnoreMouse="1" AutoScaleText="1" DoNotBlockTooltip="1" Overlapped="0" NoClip="0" BlockOutIfDisabled="0" NewWindowDepth="1"/>
                        </Control>
                    </Control>
                </Control>
            </Control>
            <Control Class="Window" LAnchorPoint="0" LAnchorOffset="0" TAnchorPoint="0" TAnchorOffset="74" RAnchorPoint="1" RAnchorOffset="0" BAnchorPoint="1" BAnchorOffset="0" RelativeToClient="1" Font="Default" Text="" BGColor="UI_WindowBGDefault" TextColor="UI_WindowTextDefault" Template="Default" TooltipType="OnCursor" Name="BankFrame" TooltipColor="" IgnoreMouse="1" Overlapped="1" NoClip="1">
                <Control Class="BagWindow" LAnchorPoint="0" LAnchorOffset="0" TAnchorPoint="0" TAnchorOffset="0" RAnchorPoint="1" RAnchorOffset="0" BAnchorPoint="1" BAnchorOffset="0" RelativeToClient="1" Sprite="" SquareSize="36" BoxesPerRow="10" Template="CRB_Normal" TooltipType="OnCursor" Border="0" NoClip="1" SwallowMouseClicks="1" UseTemplateBG="0" VScroll="0" IgnoreTooltipDelay="1" NewQuestOverlaySprite="ClientSprites:sprItem_NewQuest" Name="BankWindow" BGColor="ffffffff" TextColor="ffffffff" TooltipColor="" CannotUseSprite="ClientSprites:Icon_Windows_UI_CRB_Tooltip_Restricted" IsBank="1" Tooltip="">
                    <Event Name="GenerateTooltip" Function="OnGenerateTooltip"/>
                    <Event Name="DragDropCancel" Function="OnBagDragDropCancel"/>
                    <Event Name="DragDropNothingCursor" Function="OnDragDropNothingCursor"/>
                </Control>
            </Control>
            <Control Class="Window" LAnchorPoint="0" LAnchorOffset="0" TAnchorPoint="1" TAnchorOffset="-54" RAnchorPoint="1" RAnchorOffset="0" BAnchorPoint="1" BAnchorOffset="0" RelativeToClient="1" Font="Default" Text="" BGColor="UI_WindowBGDefault" TextColor="UI_WindowTextDefault" Template="Default" TooltipType="OnCursor" Name="BottomFrame" TooltipColor="" Tooltip="">
                <Control Class="Window" LAnchorPoint="1" LAnchorOffset="-256" TAnchorPoint="1" TAnchorOffset="-50" RAnchorPoint="1" RAnchorOffset="-8" BAnchorPoint="1" BAnchorOffset="-4" RelativeToClient="1" Font="Default" Text="" BGColor="UI_WindowBGDefault" TextColor="UI_WindowTextDefault" Template="Holo_Inset_Callout" TooltipType="OnCursor" Name="BankCashFrame" TooltipColor="" IgnoreMouse="1" Overlapped="1" Border="0" UseTemplateBG="0">
                    <Control Class="Window" LAnchorPoint="0" LAnchorOffset="-4" TAnchorPoint="0" TAnchorOffset="0" RAnchorPoint="1" RAnchorOffset="4" BAnchorPoint="1" BAnchorOffset="0" RelativeToClient="1" Font="Default" Text="" BGColor="UI_WindowBGDefault" TextColor="UI_WindowTextDefault" Template="Holo_Inset_Callout" TooltipType="OnCursor" Name="BankChashArt" TooltipColor="" Picture="0" IgnoreMouse="1" Overlapped="1" UseTemplateBG="1" NoClip="1" Border="1"/>
                    <Control Class="Window" LAnchorPoint="0" LAnchorOffset="4" TAnchorPoint="0" TAnchorOffset="2" RAnchorPoint="1" RAnchorOffset="-4" BAnchorPoint="1" BAnchorOffset="-2" RelativeToClient="1" Font="Default" Text="" BGColor="UI_WindowBGDefault" TextColor="UI_WindowTextDefault" Template="Default" TooltipType="OnCursor" Name="BankCashContent" TooltipColor="">
                        <Control Class="Window" LAnchorPoint="0" LAnchorOffset="0" TAnchorPoint="0" TAnchorOffset="0" RAnchorPoint="1" RAnchorOffset="0" BAnchorPoint="1" BAnchorOffset="-21" RelativeToClient="1" Font="CRB_Pixel" Text="___NEXTBAGCOST___" BGColor="UI_WindowBGDefault" TextColor="UI_WindowTextDefault" Template="Default" TooltipType="OnCursor" Name="NextBagCost" TooltipColor="" TextId="" IgnoreMouse="1" NoClip="1" Overlapped="1" DT_VCENTER="1">
                            <Control Class="CashWindow" LAnchorPoint="0" LAnchorOffset="0" TAnchorPoint="0" TAnchorOffset="0" RAnchorPoint="1" RAnchorOffset="0" BAnchorPoint="1" BAnchorOffset="0" TooltipType="OnCursor" RelativeToClient="1" Font="CRB_Pixel" Text="" Template="Default" BGColor="ffffffff" TextColor="ffffffff" DT_RIGHT="1" Name="BankBuyPrice" TooltipColor="" SkipZeroes="1" Overlapped="1"/>
                        </Control>
                        <Control Class="Window" LAnchorPoint="0" LAnchorOffset="0" TAnchorPoint="0" TAnchorOffset="21" RAnchorPoint="1" RAnchorOffset="0" BAnchorPoint="1" BAnchorOffset="0" RelativeToClient="1" Font="CRB_Pixel" Text="___YOURCASH___" BGColor="UI_WindowBGDefault" TextColor="UI_WindowTextDefault" Template="Default" TooltipType="OnCursor" Name="CashFrame" TooltipColor="" TextId="" DT_VCENTER="1" IgnoreMouse="1" Overlapped="1">
                            <Control Class="CashWindow" LAnchorPoint="0" LAnchorOffset="0" TAnchorPoint="0" TAnchorOffset="0" RAnchorPoint="1" RAnchorOffset="0" BAnchorPoint="1" BAnchorOffset="0" TooltipType="OnCursor" RelativeToClient="1" Font="CRB_Pixel" Text="" Template="Default" BGColor="ffffffff" TextColor="ffffffff" DT_RIGHT="1" Name="CashWindow" TooltipColor="" SkipZeroes="1"/>
                        </Control>
                    </Control>
                </Control>
            </Control>
        </Control>
        <Event Name="WindowClosed" Function="OnClose"/>
    </Form>
</Forms>
